sense_id,status_pre_aug,status_post_aug
oewn-aardvark__1.05.00..,background,background
oewn-abaca__1.20.00..,background,background
oewn-abaca__1.27.00..,background,background
oewn-abandon__1.07.00..,artifact,artifact
oewn-abandon__2.38.00..,artifact,external
oewn-abandoned__5.00.00.uninhabited.00,artifact,artifact
oewn-abbey__1.06.00..,artifact,artifact
oewn-abbey__1.06.02..,artifact,artifact
oewn-abbot__1.18.00..,artifact,artifact
oewn-abbreviation__1.10.00..,artifact,artifact
oewn-abdomen__1.08.00..,background,background
oewn-abdominal__1.08.00..,background,background
oewn-aberration__1.26.01..,artifact,artifact
oewn-abeyance__1.26.00..,artifact,artifact
oewn-ability__1.07.00..,background,background
oewn-ability__1.09.00..,background,background
oewn-abjectly__4.02.00..,artifact,artifact
oewn-able__3.00.00..,background,background
oewn-able__5.00.00.competent.00,background,background
oewn-able__5.00.00.fit.01,background,background
oewn-abnormal__3.00.00..,background,background
oewn-abnormality__1.26.00..,artifact,artifact
oewn-abnormally__4.02.00..,background,background
oewn-abode__1.15.00..,artifact,artifact
oewn-aboriginal__1.18.01..,artifact,artifact
oewn-abortion__1.04.00..,artifact,artifact
oewn-abounding__5.00.00.abundant.00,artifact,artifact
oewn-about__4.02.00..,background,background
oewn-about__4.02.02..,background,background
oewn-about__4.02.05..,background,background
oewn-about__5.00.00.active.01,background,background
oewn-above__1.10.00..,closed,closed
oewn-above__4.02.00..,closed,closed
oewn-above__4.02.01..,closed,closed
oewn-above__5.00.00.preceding.00,closed,closed
oewn-abrasion__1.26.00..,artifact,artifact
oewn-abrasive__1.27.00..,artifact,artifact
oewn-abrasive__5.00.00.rough.00,artifact,artifact
oewn-abreast__4.02.00..,artifact,background
oewn-abrupt__5.00.00.staccato.00,artifact,artifact
oewn-abruptly__4.02.01..,artifact,artifact
oewn-absence__1.04.00..,background,background
oewn-absence__1.26.00..,background,background
oewn-absence__1.26.01..,background,background
oewn-absence__1.28.00..,background,background
oewn-absent__2.30.00..,external,external
oewn-absolute__1.09.00..,artifact,artifact
oewn-absolute__3.00.00..,artifact,artifact
oewn-absolutely__4.02.00..,artifact,artifact
oewn-absolution__1.04.00..,background,background
oewn-absolution__1.26.00..,background,background
oewn-absorb__2.35.01..,artifact,artifact
oewn-absorbed__5.00.00.attentive.00,artifact,artifact
oewn-absorbency__1.07.00..,artifact,artifact
oewn-absorbent__1.27.00..,artifact,artifact
oewn-absorbing__5.00.00.interesting.00,artifact,external
oewn-absorption__1.22.00..,artifact,artifact
oewn-absorption__1.22.02..,artifact,artifact
oewn-abstain__2.41.00..,artifact,artifact
oewn-abstract__1.09.00..,background,background
oewn-abstract__1.10.00..,background,background
oewn-abstract__2.31.00..,background,background
oewn-abstract__2.40.00..,background,background
oewn-abstract__3.00.00..,background,background
oewn-abstract__5.00.00.nonrepresentational.00,background,background
oewn-abstraction__1.03.00..,artifact,artifact
oewn-abstraction__1.09.00..,artifact,artifact
oewn-abstractly__4.02.00..,background,background
oewn-abstruse__5.00.00.esoteric.00,artifact,artifact
oewn-abundance__1.07.00..,artifact,artifact
oewn-abundant__3.00.00..,background,background
oewn-abundantly__4.02.00..,background,background
oewn-abuse__1.04.02..,artifact,artifact
oewn-abusive__5.00.00.offensive.02,artifact,artifact
oewn-academe__1.14.00..,artifact,artifact
oewn-academic__1.18.00..,artifact,artifact
oewn-academic__5.00.00.theoretical.01,artifact,artifact
oewn-academy__1.14.00..,artifact,artifact
oewn-accelerated__5.00.00.fast.01,artifact,artifact
oewn-acceleration__1.07.00..,artifact,artifact
oewn-accelerator__1.06.02..,artifact,artifact
oewn-accent__1.10.01..,artifact,artifact
oewn-accent__2.32.00..,artifact,artifact
oewn-accent__2.32.01..,artifact,artifact
oewn-accept__2.31.00..,artifact,artifact
oewn-accept__2.40.00..,artifact,background
oewn-acceptable__3.00.00..,background,background
oewn-acceptable__5.00.00.standard.03,background,background
oewn-acceptance__1.09.00..,artifact,artifact
oewn-accepted__5.00.00.acknowledged.00,artifact,artifact
oewn-accepting__5.00.00.acceptive.00,background,background
oewn-access__1.07.00..,artifact,artifact
oewn-access__1.10.00..,artifact,artifact
oewn-access__2.40.00..,artifact,artifact
oewn-accessible__3.00.00..,background,background
oewn-accessible__5.00.00.comprehensible.00,external,external
oewn-accessory__1.06.01..,artifact,artifact
oewn-accident__1.11.01..,external,external
oewn-accidental__1.10.00..,artifact,artifact
oewn-accidentally__4.02.00..,artifact,artifact
oewn-accommodate__2.30.01..,artifact,artifact
oewn-accommodate__2.42.00..,artifact,artifact
oewn-accommodating__5.00.00.helpful.00,artifact,artifact
oewn-accompanied__3.00.00..,artifact,artifact
oewn-accompaniment__1.10.00..,artifact,artifact
oewn-accompaniment__1.11.00..,artifact,artifact
oewn-accompany__2.42.00..,background,background
oewn-accomplish__2.36.00..,background,background
oewn-accomplish__2.41.00..,background,background
oewn-accomplished__5.00.00.skilled.00,artifact,artifact
oewn-accomplishment__1.04.00..,closed,closed
oewn-accord__1.26.00..,artifact,artifact
oewn-accord__2.42.00..,artifact,artifact
oewn-accordance__1.04.00..,background,background
oewn-accordance__1.10.00..,background,background
oewn-accordant__5.00.00.consistent.00,artifact,artifact
oewn-according__5.00.00.accordant.00,artifact,artifact
oewn-account__1.10.00..,artifact,artifact
oewn-account__1.10.02..,artifact,artifact
oewn-account__1.26.00..,artifact,artifact
oewn-account__2.42.01..,artifact,artifact
oewn-accountable__5.00.00.responsible.00,artifact,artifact
oewn-accounting__1.10.00..,artifact,artifact
oewn-accumulate__2.40.00..,closed,closed
oewn-accumulated__5.00.00.increased.00,artifact,artifact
oewn-accumulation__1.22.00..,artifact,artifact
oewn-accuracy__1.07.02..,artifact,artifact
oewn-accurate__3.00.00..,artifact,artifact
oewn-accurate__5.00.00.correct.00,artifact,artifact
oewn-accurately__4.02.01..,artifact,background
oewn-accursed__5.00.00.cursed.00,artifact,artifact
oewn-accusation__1.10.00..,background,background
oewn-accuse__2.32.00..,artifact,artifact
oewn-accused__1.18.00..,background,background
oewn-acellular__3.00.00..,external,external
oewn-acerate__5.00.00.simple.01,artifact,artifact
oewn-achieve__2.41.00..,background,background
oewn-achievement__1.04.00..,closed,closed
oewn-acid__1.27.00..,artifact,artifact
oewn-acid__5.00.00.unpleasant.00,artifact,artifact
oewn-acidic__3.00.00..,artifact,artifact
oewn-acidic__5.00.00.sour.00,closed,closed
oewn-acidity__1.07.02..,artifact,artifact
oewn-acknowledge__2.32.00..,artifact,artifact
oewn-acknowledged__3.00.00..,background,background
oewn-acknowledged__5.00.00.unquestionable.00,artifact,artifact
oewn-acknowledgment__1.26.00..,artifact,artifact
oewn-acoustic__1.06.00..,background,background
oewn-acoustical__3.01.00..,artifact,artifact
oewn-acoustically__4.02.00..,artifact,artifact
oewn-acoustics__1.09.00..,artifact,artifact
oewn-acquainted__5.00.00.familiar.00,background,background
oewn-acquire__2.30.00..,artifact,background
oewn-acquire__2.40.00..,background,background
oewn-acquire__2.40.06..,closed,closed
oewn-acquire__2.42.00..,artifact,artifact
oewn-acquired__5.00.00.noninheritable.00,background,background
oewn-acquiring__1.04.00..,artifact,background
oewn-acquisition__1.04.00..,artifact,artifact
oewn-acrid__5.00.00.tasty.00,artifact,artifact
oewn-across__4.02.00..,background,background
oewn-across__4.02.01..,background,background
oewn-acting__1.04.00..,artifact,artifact
oewn-acting__5.00.00.impermanent.00,artifact,artifact
oewn-actinomycete__1.05.00..,artifact,artifact
oewn-active__1.24.00..,artifact,artifact
oewn-active__1.27.00..,artifact,artifact
oewn-active__3.00.02..,artifact,artifact
oewn-active__5.00.00.operational.00,artifact,artifact
oewn-actively__4.02.00..,artifact,artifact
oewn-activity__1.04.00..,artifact,artifact
oewn-activity__1.22.00..,artifact,artifact
oewn-activity__1.22.01..,artifact,artifact
oewn-activity__1.26.01..,artifact,artifact
oewn-actor__1.18.00..,closed,closed
oewn-actress__1.18.00..,artifact,artifact
oewn-actual__3.00.00..,artifact,artifact
oewn-actual__5.00.00.true.00,artifact,artifact
oewn-actuality__1.26.00..,artifact,artifact
oewn-actually__4.02.01..,artifact,artifact
oewn-actuated__5.00.00.motivated.00,background,background
oewn-actuating__5.00.00.causative.00,background,background
oewn-acuity__1.09.01..,artifact,artifact
oewn-acuminate__2.30.00..,artifact,artifact
oewn-acute__1.10.00..,artifact,artifact
oewn-acute__5.00.00.pointed.00,artifact,artifact
oewn-adapt__2.30.01..,artifact,artifact
oewn-adapt__2.30.02..,artifact,artifact
oewn-adaptation__1.10.00..,artifact,artifact
oewn-adapted__5.00.00.modified.00,artifact,artifact
oewn-addax__1.05.00..,background,background
oewn-addend__1.23.00..,background,background
oewn-addicted__3.00.00..,artifact,artifact
oewn-addiction__1.26.00..,artifact,artifact
oewn-addictive__3.00.00..,artifact,artifact
oewn-addition__1.06.00..,artifact,external
oewn-addition__1.23.00..,artifact,artifact
oewn-additional__5.00.03.additive.00,background,background
oewn-additive__1.06.00..,artifact,artifact
oewn-address__1.10.00..,artifact,artifact
oewn-address__1.10.01..,artifact,artifact
oewn-address__1.10.02..,artifact,artifact
oewn-address__1.10.04..,artifact,artifact
oewn-addressed__3.00.00..,artifact,artifact
oewn-adenoidectomy__1.04.00..,background,background
oewn-adequate__3.00.00..,artifact,artifact
oewn-adequate__5.00.00.sufficient.00,artifact,artifact
oewn-adequately__4.02.00..,artifact,artifact
oewn-adhere__2.42.00..,artifact,artifact
oewn-adherent__1.18.00..,artifact,artifact
oewn-adhesive__1.27.00..,artifact,artifact
oewn-adjacent__5.00.00.close.01,artifact,artifact
oewn-adjacent__5.00.00.connected.00,artifact,artifact
oewn-adjectival__3.01.00..,artifact,artifact
oewn-adjectivally__4.02.00..,artifact,artifact
oewn-adjective__1.10.00..,artifact,background
oewn-adjective__3.00.00..,artifact,artifact
oewn-adjective__3.01.00..,artifact,artifact
oewn-adjust__2.30.00..,artifact,artifact
oewn-adjust__2.30.01..,artifact,artifact
oewn-adjusted__3.00.00..,artifact,artifact
oewn-adjusted__5.00.00.oriented.00,artifact,artifact
oewn-administer__2.40.00..,closed,closed
oewn-administer__2.40.01..,artifact,artifact
oewn-administer__2.41.00..,artifact,artifact
oewn-administration__1.04.00..,artifact,artifact
oewn-administrative__3.01.00..,background,background
oewn-admirable__5.00.00.pleasing.00,artifact,artifact
oewn-admirable__5.00.01.reputable.00,artifact,artifact
oewn-admiral__1.18.00..,background,background
oewn-admiration__1.12.01..,artifact,artifact
oewn-admiration__1.12.02..,artifact,artifact
oewn-admissible__3.00.00..,background,background
oewn-admission__1.04.00..,artifact,artifact
oewn-admit__2.32.00..,artifact,artifact
oewn-admit__2.41.01..,artifact,artifact
oewn-admittedly__4.02.00..,background,background
oewn-admonition__1.10.01..,artifact,external
oewn-adolescence__1.28.00..,artifact,artifact
oewn-adopt__2.40.02..,artifact,artifact
oewn-adopted__3.00.00..,background,background
oewn-adoption__1.04.00..,background,background
oewn-adoption__1.04.02..,background,background
oewn-adoptive__3.00.00..,background,background
oewn-adoration__1.04.01..,artifact,artifact
oewn-adorn__2.36.00..,artifact,artifact
oewn-adorned__3.00.00..,background,background
oewn-adornment__1.06.00..,artifact,artifact
oewn-adrenalin__1.08.00..,artifact,artifact
oewn-adrenaline__1.08.00..,artifact,artifact
oewn-adroitness__1.09.00..,artifact,artifact
oewn-adsorption__1.22.00..,artifact,artifact
oewn-adult__1.18.00..,artifact,artifact
oewn-adult__5.00.00.mature.01,artifact,artifact
oewn-adulterous__5.00.00.illicit.00,artifact,artifact
oewn-adultery__1.04.00..,artifact,artifact
oewn-adulthood__1.28.00..,artifact,artifact
oewn-advance__1.04.00..,artifact,artifact
oewn-advance__1.11.00..,artifact,artifact
oewn-advance__1.21.00..,artifact,artifact
oewn-advance__2.33.00..,artifact,artifact
oewn-advance__2.38.00..,artifact,artifact
oewn-advance__5.00.00.early.00,artifact,artifact
oewn-advanced__5.00.00.high-tech.00,artifact,artifact
oewn-advanced__5.00.00.late.00,artifact,artifact
oewn-advanced__5.00.00.precocious.00,artifact,artifact
oewn-advanced__5.00.02.high.02,artifact,artifact
oewn-advancement__1.10.00..,artifact,artifact
oewn-advancing__5.00.00.progressive.01,background,background
oewn-advantage__1.07.00..,closed,closed
oewn-advantage__1.07.01..,closed,closed
oewn-advantage__2.41.00..,closed,closed
oewn-advantageous__3.00.00..,closed,closed
oewn-advantageous__5.00.00.expedient.00,artifact,artifact
oewn-adventure__1.04.00..,artifact,artifact
oewn-adverb__1.10.00..,artifact,background
oewn-adverb__1.10.01..,artifact,background
oewn-adverbial__1.10.00..,artifact,external
oewn-adversary__1.18.00..,artifact,artifact
oewn-adverse__5.00.00.unfavorable.02,artifact,artifact
oewn-adversity__1.26.00..,background,background
oewn-advertisement__1.10.00..,artifact,artifact
oewn-advertising__1.10.00..,artifact,artifact
oewn-advice__1.10.00..,background,background
oewn-advisable__3.00.00..,artifact,artifact
oewn-advocate__1.18.00..,background,background
oewn-advocate__2.32.00..,artifact,artifact
oewn-aegean__1.17.00..,artifact,artifact
oewn-aerobic__3.00.00..,artifact,background
oewn-aerodynamic__3.01.00..,artifact,artifact
oewn-aerodynamics__1.09.00..,artifact,artifact
oewn-aeronautical__3.01.00..,artifact,artifact
oewn-aeronautics__1.09.00..,artifact,artifact
oewn-aerosolized__5.00.00.gaseous.00,artifact,artifact
oewn-aesthetic__3.00.00..,artifact,artifact
oewn-aesthetic__5.00.00.tasteful.02,artifact,artifact
oewn-aesthetically__4.02.00..,artifact,artifact
oewn-affairs__1.09.00..,background,background
oewn-affect__1.12.00..,artifact,artifact
oewn-affect__2.30.00..,artifact,artifact
oewn-affected__3.00.00..,closed,closed
oewn-affected__3.00.02..,artifact,artifact
oewn-affecting__5.00.00.moving.01,background,background
oewn-affectionate__5.00.00.loving.00,artifact,artifact
oewn-affective__5.00.00.emotional.00,closed,closed
oewn-affiliation__1.26.00..,artifact,artifact
oewn-affinity__1.19.02..,graph_data,graph_data
oewn-affirm__2.31.00..,artifact,artifact
oewn-affirm__2.32.00..,artifact,artifact
oewn-affirmation__1.10.00..,artifact,artifact
oewn-affirmation__1.10.01..,artifact,artifact
oewn-affirmative__1.10.00..,artifact,artifact
oewn-affix__1.10.00..,artifact,artifact
oewn-affix__2.35.00..,artifact,artifact
oewn-affixed__3.00.00..,artifact,artifact
oewn-afflicted__5.00.00.ill.01,artifact,artifact
oewn-affliction__1.26.00..,background,background
oewn-affliction__1.26.02..,background,background
oewn-affluent__1.17.00..,background,background
oewn-affluent__1.18.00..,artifact,artifact
oewn-afford__2.34.00..,artifact,artifact
oewn-afraid__5.00.00.concerned.00,artifact,artifact
oewn-african__1.18.00..,artifact,artifact
oewn-african__3.01.00..,artifact,artifact
oewn-after__4.02.01..,closed,closed
oewn-after__5.00.00.aft.00,closed,closed
oewn-afterimage__1.09.00..,artifact,artifact
oewn-afterlife__1.28.00..,artifact,background
oewn-afternoon__1.28.00..,artifact,external
oewn-aftertaste__1.09.00..,artifact,artifact
oewn-again__4.02.00..,closed,closed
oewn-agal__1.06.00..,background,background
oewn-agar__1.27.00..,graph_data,graph_data
oewn-agaric__1.20.02..,artifact,artifact
oewn-agave__1.20.00..,graph_data,graph_data
oewn-aged__1.14.00..,artifact,artifact
oewn-aged__5.00.00.ripe.00,artifact,artifact
oewn-aged__5.00.00.worn.00,artifact,artifact
oewn-aged__5.00.01.old.02,artifact,artifact
oewn-agency__1.14.00..,artifact,artifact
oewn-agenda__1.10.00..,artifact,artifact
oewn-agent__1.17.00..,background,background
oewn-agent__1.18.02..,background,background
oewn-agent__1.18.03..,background,background
oewn-agent__1.27.00..,background,background
oewn-aggregate__1.06.00..,artifact,artifact
oewn-aggregate__1.27.00..,artifact,artifact
oewn-aggregation__1.14.00..,artifact,artifact
oewn-aggression__1.04.02..,artifact,artifact
oewn-aggressive__3.00.00..,artifact,artifact
oewn-aggressive__5.00.00.invasive.00,artifact,artifact
oewn-aggressively__4.02.00..,artifact,artifact
oewn-agile__5.00.00.active.01,artifact,external
oewn-agility__1.07.00..,artifact,artifact
oewn-agitated__3.00.00..,artifact,artifact
oewn-agitating__5.00.00.provocative.00,artifact,artifact
oewn-agitation__1.26.00..,artifact,artifact
oewn-agitation__1.26.01..,artifact,artifact
oewn-agree__2.32.00..,artifact,artifact
oewn-agree__2.32.04..,artifact,artifact
oewn-agreeable__3.00.00..,artifact,artifact
oewn-agreeable__5.00.00.consistent.00,artifact,artifact
oewn-agreeably__4.02.00..,artifact,artifact
oewn-agreed__5.00.00.united.00,background,background
oewn-agreement__1.09.00..,artifact,artifact
oewn-agreement__1.10.00..,artifact,artifact
oewn-agreement__1.10.01..,artifact,artifact
oewn-agreement__1.24.03..,artifact,artifact
oewn-agreement__1.26.01..,artifact,artifact
oewn-agriculture__1.04.00..,artifact,artifact
oewn-agriculture__1.04.01..,artifact,artifact
oewn-ahead__4.02.00..,closed,closed
oewn-ahead__4.02.01..,artifact,artifact
oewn-ahead__5.00.00.up.00,artifact,artifact
oewn-ahem__1.10.00..,artifact,artifact
oewn-aided__3.00.00..,artifact,background
oewn-aimless__5.00.00.purposeless.00,background,background
oewn-aimlessly__4.02.00..,artifact,artifact
oewn-airborne__5.00.00.mobile.00,artifact,background
oewn-aircraft__1.06.00..,background,background
oewn-airfield__1.06.00..,artifact,artifact
oewn-airfoil__1.06.00..,artifact,artifact
oewn-airlift__1.04.00..,artifact,artifact
oewn-airliner__1.06.00..,artifact,artifact
oewn-airplane__1.06.00..,artifact,artifact
oewn-airport__1.06.00..,closed,closed
oewn-airship__1.06.00..,artifact,artifact
oewn-airtight__5.00.00.invulnerable.00,artifact,artifact
oewn-aisle__1.06.03..,artifact,artifact
oewn-alarmed__5.00.00.afraid.00,artifact,background
oewn-albuginea__1.08.00..,artifact,artifact
oewn-alchemist__1.18.00..,graph_data,graph_data
oewn-alchemy__1.24.00..,artifact,artifact
oewn-alcohol__1.13.00..,background,background
oewn-alcohol__1.27.00..,background,background
oewn-alcoholic__1.18.00..,artifact,artifact
oewn-alcoholic__5.00.00.addicted.00,artifact,artifact
oewn-alert__1.26.00..,artifact,artifact
oewn-alert__2.32.00..,artifact,artifact
oewn-alertness__1.09.00..,artifact,artifact
oewn-alfalfa__1.20.00..,artifact,artifact
oewn-algae__1.05.00..,graph_data,graph_data
oewn-algonquian__1.10.00..,background,background
oewn-algonquian__1.18.00..,artifact,artifact
oewn-aligned__3.00.01..,graph_data,graph_data
oewn-alignment__1.07.00..,artifact,artifact
oewn-alike__3.00.00..,closed,closed
oewn-alive__3.00.01..,artifact,background
oewn-alkahest__1.27.00..,artifact,artifact
oewn-alkaline__3.00.00..,artifact,artifact
oewn-alkalinity__1.07.00..,artifact,artifact
oewn-alkaptonuria__1.26.00..,background,background
oewn-alleged__5.00.00.declared.00,artifact,artifact
oewn-allegiance__1.04.00..,artifact,external
oewn-allergen__1.27.00..,background,background
oewn-allergenic__3.01.00..,artifact,artifact
oewn-allergic__3.01.00..,artifact,artifact
oewn-allergy__1.26.00..,artifact,artifact
oewn-alleviate__2.29.00..,artifact,artifact
oewn-alleviation__1.12.00..,artifact,artifact
oewn-alley__1.06.01..,artifact,artifact
oewn-alliance__1.04.00..,background,background
oewn-alliance__1.10.00..,background,background
oewn-alliance__1.14.00..,background,background
oewn-alliance__1.26.00..,background,background
oewn-allied__3.01.02..,artifact,artifact
oewn-allies__1.14.00..,artifact,artifact
oewn-allies__1.14.01..,artifact,artifact
oewn-allies__1.14.02..,artifact,artifact
oewn-allocate__2.40.00..,artifact,artifact
oewn-allotment__1.21.00..,artifact,artifact
oewn-allotropic__3.01.00..,artifact,artifact
oewn-allow__2.32.06..,artifact,artifact
oewn-allow__2.41.00..,artifact,artifact
oewn-allow__2.42.00..,artifact,artifact
oewn-alloy__1.27.00..,artifact,artifact
oewn-allspice__1.13.00..,background,background
oewn-allspice__1.20.00..,background,background
oewn-allure__1.07.00..,artifact,artifact
oewn-alluvial__3.01.00..,artifact,artifact
oewn-alluvium__1.17.00..,artifact,artifact
oewn-alms__1.04.00..,artifact,artifact
oewn-aloha__1.10.00..,background,background
oewn-alone__4.02.00..,background,background
oewn-along__4.02.01..,closed,closed
oewn-along__4.02.03..,closed,closed
oewn-along__4.02.04..,closed,closed
oewn-alongside__4.02.00..,artifact,background
oewn-aloud__4.02.00..,artifact,artifact
oewn-alpha__1.10.00..,artifact,artifact
oewn-alphabet__1.10.00..,artifact,artifact
oewn-alphabetical__3.01.00..,artifact,artifact
oewn-already__4.02.00..,background,background
oewn-also__4.02.00..,closed,closed
oewn-altaic__1.10.00..,artifact,artifact
oewn-altar__1.06.01..,artifact,artifact
oewn-alter__2.30.01..,artifact,artifact
oewn-alteration__1.11.00..,artifact,artifact
oewn-altered__3.00.00..,background,background
oewn-altered__5.00.00.castrated.00,background,background
oewn-altering__1.04.00..,artifact,artifact
oewn-alternate__1.18.00..,closed,closed
oewn-alternate__2.30.01..,closed,closed
oewn-alternate__2.31.00..,closed,closed
oewn-alternately__4.02.00..,circular,circular
oewn-alternating__3.00.00..,background,background
oewn-alternative__1.09.00..,background,background
oewn-alternative__5.00.00.secondary.01,background,background
oewn-althaea__1.20.00..,background,background
oewn-altitude__1.07.00..,background,background
oewn-altitude__1.25.00..,background,background
oewn-alto__5.00.01.high.03,artifact,artifact
oewn-alumina__1.27.00..,artifact,artifact
oewn-always__4.02.00..,background,background
oewn-alyssum__1.20.00..,artifact,artifact
oewn-alyssum__1.20.01..,artifact,artifact
oewn-amalgam__1.27.00..,graph_data,graph_data
oewn-amaryllis__1.20.00..,artifact,artifact
oewn-amateur__1.18.00..,artifact,artifact
oewn-amazement__1.12.00..,artifact,artifact
oewn-amber__1.07.00..,background,background
oewn-ambergris__1.27.00..,artifact,artifact
oewn-ambient__5.00.01.close.01,artifact,artifact
oewn-ambiguous__5.00.00.unstructured.00,artifact,artifact
oewn-ambitious__3.00.00..,artifact,artifact
oewn-ambrosia__1.20.00..,graph_data,graph_data
oewn-ambrosia__1.27.00..,artifact,artifact
oewn-ameba__1.05.00..,artifact,artifact
oewn-amend__2.30.01..,artifact,artifact
oewn-amend__2.32.00..,closed,closed
oewn-amendment__1.10.00..,artifact,artifact
oewn-amends__1.21.00..,artifact,artifact
oewn-america__1.15.00..,artifact,artifact
oewn-america__1.17.00..,closed,closed
oewn-american__1.18.00..,artifact,artifact
oewn-amino__1.27.00..,artifact,artifact
oewn-ammonia__1.27.00..,artifact,artifact
oewn-ammonia__1.27.01..,background,background
oewn-ammunition__1.06.00..,artifact,background
oewn-amnion__1.05.00..,artifact,artifact
oewn-amobarbital__1.06.00..,artifact,artifact
oewn-amorality__1.07.00..,artifact,artifact
oewn-amorous__5.00.01.loving.00,external,external
oewn-amorphous__5.00.00.unformed.00,artifact,background
oewn-amount__1.03.00..,background,background
oewn-amount__1.21.00..,background,background
oewn-amount__2.42.00..,background,background
oewn-amount__2.42.01..,background,background
oewn-amount__2.42.03..,background,background
oewn-ampere__1.23.00..,background,background
oewn-ampere__1.23.02..,background,background
oewn-amphibia__1.05.00..,artifact,artifact
oewn-amphibious__3.01.00..,artifact,artifact
oewn-amphibole__1.27.00..,artifact,artifact
oewn-amphitheater__1.06.00..,background,background
oewn-amplification__1.04.02..,artifact,artifact
oewn-amplitude__1.11.00..,artifact,artifact
oewn-amuse__2.41.00..,artifact,artifact
oewn-amusement__1.12.00..,artifact,artifact
oewn-amusing__5.00.00.interesting.00,artifact,artifact
oewn-anaerobic__3.00.00..,artifact,artifact
oewn-analgesic__1.06.00..,artifact,artifact
oewn-analogous__3.00.00..,artifact,artifact
oewn-analogous__5.00.00.similar.00,artifact,artifact
oewn-analysis__1.04.00..,artifact,artifact
oewn-analysis__1.09.00..,artifact,artifact
oewn-analysis__1.09.02..,artifact,artifact
oewn-analyze__2.31.00..,artifact,artifact
oewn-analyzed__3.00.00..,artifact,artifact
oewn-anaphor__1.10.00..,artifact,artifact
oewn-anatomical__1.10.00..,artifact,artifact
oewn-anatomically__4.02.00..,artifact,artifact
oewn-anatomy__1.08.00..,circular,circular
oewn-anatomy__1.09.00..,artifact,artifact
oewn-ancestor__1.18.00..,artifact,artifact
oewn-ancestral__5.00.00.inheritable.00,artifact,artifact
oewn-ancestry__1.14.00..,artifact,artifact
oewn-anchorage__1.15.01..,artifact,artifact
oewn-ancient__1.18.00..,background,background
oewn-ancient__1.18.01..,artifact,external
oewn-andromeda__1.17.00..,artifact,artifact
oewn-andromeda__1.18.00..,artifact,artifact
oewn-anecdote__1.10.00..,artifact,artifact
oewn-anemia__1.20.00..,artifact,artifact
oewn-anemia__1.26.00..,artifact,external
oewn-anemone__1.05.00..,graph_data,graph_data
oewn-anemone__1.20.00..,artifact,artifact
oewn-anesthetic__1.06.00..,artifact,artifact
oewn-anew__4.02.00..,artifact,background
oewn-angel__1.17.00..,artifact,artifact
oewn-anger__1.04.00..,background,background
oewn-anger__1.12.00..,background,background
oewn-anger__2.37.00..,background,background
oewn-angered__5.00.00.angry.00,artifact,artifact
oewn-angiosperm__1.20.00..,background,background
oewn-angiotensin__1.06.00..,background,background
oewn-angle__1.18.00..,artifact,artifact
oewn-angle__1.25.00..,artifact,artifact
oewn-angle__2.38.00..,artifact,artifact
oewn-angled__5.00.00.angular.00,artifact,artifact
oewn-angler__1.05.00..,artifact,artifact
oewn-angrily__4.02.00..,background,background
oewn-angry__3.00.00..,artifact,artifact
oewn-angry__5.00.00.stormy.00,artifact,artifact
oewn-anguish__1.12.02..,artifact,artifact
oewn-angular__3.00.00..,artifact,artifact
oewn-angular__3.01.00..,artifact,artifact
oewn-animal__1.03.00..,closed,closed
oewn-animal__5.00.00.physical.00,closed,closed
oewn-animate__2.37.00..,artifact,artifact
oewn-animated__3.00.00..,artifact,artifact
oewn-animateness__1.07.00..,artifact,artifact
oewn-animating__5.00.00.invigorating.00,artifact,artifact
oewn-animation__1.26.00..,artifact,external
oewn-anion__1.17.00..,artifact,artifact
oewn-anise__1.20.00..,artifact,artifact
oewn-ankle__1.08.00..,background,background
oewn-annihilated__5.00.00.destroyed.00,artifact,artifact
oewn-anniversary__1.28.00..,background,background
oewn-announcement__1.10.00..,artifact,artifact
oewn-annoy__2.37.00..,artifact,artifact
oewn-annoyance__1.09.00..,external,external
oewn-annoyance__1.12.00..,artifact,artifact
oewn-annoyance__1.26.00..,artifact,artifact
oewn-annoyed__5.00.00.displeased.00,artifact,artifact
oewn-annoying__1.04.00..,artifact,artifact
oewn-annoying__5.00.00.disagreeable.00,artifact,artifact
oewn-annual__1.20.00..,background,background
oewn-annul__2.32.00..,artifact,artifact
oewn-annul__2.41.00..,artifact,artifact
oewn-annulus__1.20.00..,graph_data,graph_data
oewn-anode__1.06.00..,artifact,artifact
oewn-anomaly__1.26.00..,artifact,artifact
oewn-anonymous__3.00.00..,artifact,external
oewn-answer__1.10.01..,closed,closed
oewn-answer__1.10.03..,closed,closed
oewn-answering__5.00.00.responsive.00,closed,closed
oewn-antacid__1.27.00..,artifact,artifact
oewn-antagonistic__5.00.00.negative.02,artifact,artifact
oewn-antarctic__1.15.00..,graph_data,graph_data
oewn-antecedent__1.10.00..,background,background
oewn-antecedent__1.18.00..,background,background
oewn-antelope__1.05.00..,artifact,artifact
oewn-anterior__1.08.00..,artifact,artifact
oewn-anthelmintic__1.06.00..,artifact,artifact
oewn-anther__1.20.00..,background,background
oewn-anthropologist__1.18.00..,artifact,artifact
oewn-anthropology__1.09.00..,artifact,artifact
oewn-anthurium__1.20.00..,artifact,artifact
oewn-anti__1.18.00..,artifact,artifact
oewn-antiaircraft__1.06.00..,artifact,artifact
oewn-antibacterial__1.06.00..,artifact,artifact
oewn-antibiotic__1.06.00..,artifact,artifact
oewn-antibody__1.27.00..,artifact,artifact
oewn-anticipated__5.00.00.expected.00,artifact,artifact
oewn-anticipation__1.12.00..,artifact,artifact
oewn-anticonvulsant__1.06.00..,artifact,artifact
oewn-antifreeze__1.27.00..,artifact,artifact
oewn-antigen__1.27.00..,background,background
oewn-antineoplastic__1.06.00..,artifact,artifact
oewn-antioxidant__1.27.00..,artifact,artifact
oewn-antipathy__1.12.00..,background,background
oewn-antiphon__1.10.00..,background,background
oewn-antipyretic__1.06.00..,artifact,artifact
oewn-antiquated__5.00.00.old.01,artifact,artifact
oewn-antiquity__1.06.00..,background,background
oewn-antiquity__1.28.00..,artifact,artifact
oewn-antiseptic__1.06.00..,artifact,artifact
oewn-antisocial__5.00.00.unsociable.00,artifact,artifact
oewn-anus__1.08.00..,artifact,artifact
oewn-anxiety__1.26.00..,background,background
oewn-anxious__5.00.00.eager.00,artifact,artifact
oewn-anxious__5.00.00.troubled.00,artifact,artifact
oewn-anxiously__4.02.00..,artifact,artifact
oewn-anywhere__4.02.00..,closed,closed
oewn-aorta__1.08.00..,background,background
oewn-apart__4.02.03..,closed,closed
oewn-apart__4.02.07..,closed,closed
oewn-apart__5.00.00.separate.00,closed,closed
oewn-apart__5.00.00.unconnected.00,closed,closed
oewn-apartment__1.06.00..,artifact,artifact
oewn-apathetic__5.00.00.spiritless.00,artifact,artifact
oewn-apatite__1.27.00..,graph_data,graph_data
oewn-aperitif__1.13.00..,artifact,artifact
oewn-aperture__1.06.00..,artifact,background
oewn-aperture__1.06.01..,artifact,artifact
oewn-apex__1.15.00..,closed,closed
oewn-apex__1.15.01..,artifact,artifact
oewn-apical__5.00.00.top.00,background,background
oewn-apocryphal__3.01.00..,artifact,artifact
oewn-apostle__1.18.00..,artifact,artifact
oewn-apothecary__1.18.00..,artifact,artifact
oewn-apparatus__1.06.00..,artifact,artifact
oewn-apparent__5.00.00.obvious.00,background,background
oewn-apparently__4.02.00..,artifact,background
oewn-appeal__1.04.00..,graph_data,graph_data
oewn-appeal__1.10.00..,artifact,artifact
oewn-appealing__3.00.00..,artifact,artifact
oewn-appear__2.30.01..,artifact,artifact
oewn-appear__2.39.00..,artifact,artifact
oewn-appear__2.39.01..,artifact,artifact
oewn-appearance__1.04.00..,background,background
oewn-appearance__1.04.01..,background,background
oewn-appearance__1.04.02..,background,background
oewn-appearance__1.07.00..,background,background
oewn-appearing__1.04.00..,background,background
oewn-appellant__1.18.00..,artifact,artifact
oewn-appellation__1.10.00..,artifact,artifact
oewn-appendage__1.08.00..,background,background
oewn-appendage__1.08.01..,artifact,artifact
oewn-appetite__1.12.00..,background,background
oewn-appetizer__1.13.00..,artifact,artifact
oewn-applause__1.10.00..,artifact,artifact
oewn-apple__1.13.00..,closed,closed
oewn-applesauce__1.13.00..,artifact,artifact
oewn-appliance__1.06.01..,artifact,artifact
oewn-applicable__5.00.00.relevant.00,artifact,artifact
oewn-applicant__1.18.00..,artifact,artifact
oewn-application__1.04.00..,artifact,artifact
oewn-application__1.04.02..,artifact,artifact
oewn-application__1.06.00..,artifact,artifact
oewn-application__1.10.01..,artifact,artifact
oewn-apply__2.34.00..,artifact,artifact
oewn-apply__2.35.00..,artifact,artifact
oewn-apply__2.41.06..,artifact,artifact
oewn-appoint__2.41.01..,artifact,artifact
oewn-appointed__3.00.02..,artifact,artifact
oewn-appointment__1.04.00..,artifact,artifact
oewn-apportioning__1.04.00..,artifact,artifact
oewn-apposition__1.24.00..,artifact,artifact
oewn-appraisal__1.09.00..,artifact,artifact
oewn-appraising__5.00.00.critical.02,circular,circular
oewn-appreciable__5.00.00.considerable.00,background,background
oewn-appreciation__1.09.00..,artifact,artifact
oewn-appreciation__1.09.01..,artifact,artifact
oewn-apprehended__5.00.00.understood.00,background,background
oewn-apprehension__1.12.00..,artifact,artifact
oewn-appressed__5.00.00.close.01,artifact,artifact
oewn-approach__1.04.02..,artifact,artifact
oewn-approach__1.15.00..,artifact,artifact
oewn-approach__2.38.00..,background,background
oewn-approaching__1.11.00..,artifact,artifact
oewn-appropriate__2.31.00..,artifact,artifact
oewn-appropriate__3.00.00..,background,background
oewn-appropriate__5.00.01.fit.02,artifact,artifact
oewn-appropriateness__1.07.01..,artifact,artifact
oewn-appropriation__1.21.00..,artifact,artifact
oewn-approval__1.04.02..,background,background
oewn-approval__1.10.00..,background,background
oewn-approval__1.12.00..,background,background
oewn-approval__1.26.00..,background,background
oewn-approve__2.32.00..,closed,closed
oewn-approved__5.00.00.authorized.00,artifact,artifact
oewn-approving__1.04.00..,artifact,background
oewn-approving__5.00.00.favorable.02,artifact,artifact
oewn-approximate__2.42.00..,artifact,background
oewn-apron__1.06.00..,artifact,artifact
oewn-aptitude__1.09.00..,background,background
oewn-aquarium__1.06.00..,artifact,artifact
oewn-aquatic__1.20.00..,background,background
oewn-aquila__1.17.00..,artifact,artifact
oewn-arab__1.18.00..,artifact,artifact
oewn-arabic__1.10.00..,artifact,artifact
oewn-arable__5.00.00.productive.00,artifact,artifact
oewn-arachnid__1.05.00..,artifact,artifact
oewn-aragonite__1.27.00..,background,background
oewn-aramaic__1.10.01..,artifact,artifact
oewn-arbitrage__1.04.00..,background,background
oewn-arbitrageur__1.18.00..,artifact,artifact
oewn-arbitrary__3.00.00..,artifact,artifact
oewn-arch__1.06.00..,closed,closed
oewn-arch__1.25.00..,closed,closed
oewn-arch__2.38.00..,closed,closed
oewn-arch__5.00.00.superior.01,closed,closed
oewn-archaic__5.00.00.old.01,artifact,artifact
oewn-archbishop__1.18.00..,artifact,artifact
oewn-archegonium__1.20.00..,artifact,artifact
oewn-archeologist__1.18.00..,artifact,artifact
oewn-archeology__1.09.00..,artifact,artifact
oewn-archer__1.18.00..,artifact,artifact
oewn-archery__1.04.00..,artifact,artifact
oewn-archil__1.20.01..,background,background
oewn-archil__1.27.00..,background,background
oewn-arching__5.00.00.curved.00,closed,closed
oewn-archipelago__1.17.00..,background,background
oewn-architect__1.18.00..,artifact,background
oewn-architectural__3.01.00..,artifact,artifact
oewn-architecture__1.06.00..,artifact,artifact
oewn-architecture__1.07.00..,artifact,artifact
oewn-architecture__1.09.00..,artifact,artifact
oewn-arctic__1.06.00..,artifact,artifact
oewn-arctic__1.15.00..,artifact,artifact
oewn-ardent__5.00.00.passionate.00,background,background
oewn-ardently__4.02.00..,background,background
oewn-area__1.06.00..,background,background
oewn-area__1.07.00..,background,background
oewn-area__1.08.00..,background,background
oewn-area__1.15.01..,background,background
oewn-area__1.26.00..,background,background
oewn-arena__1.15.00..,artifact,artifact
oewn-argentite__1.27.00..,artifact,artifact
oewn-argonauts__1.18.01..,artifact,artifact
oewn-argue__2.32.02..,closed,closed
oewn-arguing__1.10.00..,artifact,artifact
oewn-argument__1.09.01..,artifact,artifact
oewn-argument__1.10.01..,artifact,artifact
oewn-argument__1.10.02..,artifact,artifact
oewn-argument__1.10.03..,artifact,artifact
oewn-argyrodite__1.27.00..,artifact,artifact
oewn-arid__5.00.00.dry.01,artifact,artifact
oewn-arise__2.42.00..,artifact,artifact
oewn-arithmetic__1.09.00..,artifact,artifact
oewn-armament__1.06.00..,artifact,artifact
oewn-armature__1.06.00..,artifact,artifact
oewn-armchair__1.06.00..,artifact,artifact
oewn-armed__3.00.01..,artifact,artifact
oewn-armenian__1.18.00..,artifact,artifact
oewn-armhole__1.06.00..,background,background
oewn-armor__1.14.00..,background,background
oewn-armored__3.00.01..,artifact,artifact
oewn-armpit__1.08.00..,artifact,artifact
oewn-arms__1.06.00..,artifact,artifact
oewn-army__1.14.00..,artifact,artifact
oewn-aromatic__3.01.00..,artifact,artifact
oewn-aromatic__5.00.00.fragrant.00,artifact,artifact
oewn-around__4.02.01..,artifact,artifact
oewn-around__4.02.02..,artifact,artifact
oewn-around__4.02.03..,artifact,artifact
oewn-around__4.02.06..,artifact,artifact
oewn-around__4.02.07..,artifact,artifact
oewn-arousal__1.26.00..,artifact,artifact
oewn-arouse__2.37.00..,background,background
oewn-arouse__2.37.01..,artifact,artifact
oewn-aroused__5.00.00.awakened.00,closed,closed
oewn-aroused__5.00.00.excited.00,closed,closed
oewn-aroused__5.00.00.sexy.00,closed,closed
oewn-arrange__2.35.00..,artifact,artifact
oewn-arranged__3.00.00..,circular,circular
oewn-arranged__5.00.01.organized.02,artifact,artifact
oewn-arrangement__1.04.01..,artifact,artifact
oewn-arrangement__1.07.00..,artifact,artifact
oewn-arrangement__1.09.01..,artifact,artifact
oewn-arrangement__1.10.00..,artifact,artifact
oewn-arrangement__1.14.00..,artifact,artifact
oewn-array__1.14.00..,artifact,artifact
oewn-arrest__1.04.00..,artifact,artifact
oewn-arrival__1.04.00..,artifact,artifact
oewn-arrival__1.18.00..,closed,closed
oewn-arrive__2.38.00..,background,background
oewn-arrive__2.41.00..,background,background
oewn-arrogance__1.07.00..,artifact,artifact
oewn-arrogant__5.00.00.proud.00,background,background
oewn-arrow__1.06.00..,artifact,artifact
oewn-arrow__1.10.00..,artifact,artifact
oewn-arrowhead__1.06.00..,artifact,artifact
oewn-arrowroot__1.20.00..,background,background
oewn-arrowroot__1.27.00..,background,background
oewn-arsenopyrite__1.27.00..,artifact,artifact
oewn-arson__1.04.00..,artifact,artifact
oewn-artery__1.08.00..,artifact,artifact
oewn-arthropod__1.05.00..,background,background
oewn-article__1.10.00..,artifact,artifact
oewn-articulate__2.40.00..,artifact,artifact
oewn-articulate__3.00.00..,artifact,artifact
oewn-articulated__3.00.00..,background,background
oewn-articulation__1.10.00..,background,background
oewn-articulatory__3.01.00..,background,background
oewn-artifact__1.03.00..,background,background
oewn-artificial__3.00.00..,artifact,artifact
oewn-artificial__5.00.00.affected.01,artifact,artifact
oewn-artificial__5.00.00.inorganic.02,artifact,artifact
oewn-artificiality__1.07.00..,artifact,artifact
oewn-artificially__4.02.00..,artifact,artifact
oewn-artillery__1.06.00..,artifact,artifact
oewn-artisan__1.18.00..,artifact,artifact
oewn-artist__1.18.00..,artifact,artifact
oewn-artistic__3.01.00..,artifact,artifact
oewn-artistic__5.00.00.aesthetic.00,artifact,artifact
oewn-artistically__4.02.00..,artifact,artifact
oewn-arts__1.09.00..,artifact,artifact
oewn-artwork__1.10.00..,background,background
oewn-asbestos__1.27.00..,background,background
oewn-asbestosis__1.26.00..,artifact,artifact
oewn-ascend__2.38.02..,background,background
oewn-ascendancy__1.26.00..,artifact,background
oewn-ascending__1.04.00..,artifact,artifact
oewn-ascent__1.17.00..,artifact,artifact
oewn-ascertain__2.32.01..,artifact,artifact
oewn-ascribe__2.31.00..,closed,closed
oewn-asexual__3.00.00..,background,background
oewn-asexually__4.02.00..,background,background
oewn-ashamed__3.00.00..,artifact,artifact
oewn-ashore__4.02.00..,background,background
oewn-asia__1.14.00..,artifact,artifact
oewn-asia__1.17.00..,artifact,artifact
oewn-asian__1.18.00..,artifact,artifact
oewn-asiatic__1.18.00..,artifact,artifact
oewn-asking__1.10.00..,artifact,artifact
oewn-asleep__3.00.00..,closed,closed
oewn-aspect__1.09.00..,background,background
oewn-aspect__1.24.00..,background,background
oewn-asphalt__1.27.01..,artifact,artifact
oewn-asphalt__1.27.02..,artifact,artifact
oewn-asphalt__2.35.00..,closed,closed
oewn-aspiring__5.00.00.ambitious.00,artifact,artifact
oewn-assassinated__5.00.00.dead.01,artifact,artifact
oewn-assassination__1.10.01..,artifact,artifact
oewn-assault__2.33.00..,artifact,artifact
oewn-assay__1.09.00..,artifact,artifact
oewn-assemblage__1.14.00..,closed,closed
oewn-assemblage__1.14.01..,artifact,artifact
oewn-assemble__2.41.03..,closed,closed
oewn-assembling__1.04.00..,artifact,background
oewn-assembly__1.06.00..,artifact,artifact
oewn-assent__2.32.00..,artifact,artifact
oewn-assert__2.32.00..,artifact,artifact
oewn-assert__2.32.01..,artifact,artifact
oewn-asserted__5.00.01.declared.00,artifact,artifact
oewn-asserting__3.00.00..,background,background
oewn-assertion__1.10.00..,background,background
oewn-assertion__1.10.01..,background,background
oewn-assertive__3.00.00..,artifact,artifact
oewn-assess__2.31.00..,artifact,artifact
oewn-asset__1.07.00..,artifact,artifact
oewn-assets__1.21.00..,artifact,artifact
oewn-assign__2.40.01..,background,background
oewn-assign__2.40.02..,background,background
oewn-assign__2.41.00..,background,background
oewn-assigned__3.00.00..,artifact,artifact
oewn-assigning__1.04.00..,artifact,background
oewn-assignment__1.04.00..,artifact,artifact
oewn-assimilable__5.00.00.digestible.00,artifact,artifact
oewn-assimilation__1.26.00..,artifact,artifact
oewn-assist__1.04.01..,artifact,artifact
oewn-assistant__1.18.00..,artifact,artifact
oewn-assisted__3.00.00..,artifact,background
oewn-associate__1.18.00..,artifact,artifact
oewn-association__1.14.00..,background,background
oewn-association__1.14.01..,artifact,artifact
oewn-association__1.24.00..,artifact,artifact
oewn-association__1.26.02..,artifact,artifact
oewn-associative__3.00.00..,background,background
oewn-assortment__1.14.00..,artifact,artifact
oewn-assume__2.30.00..,background,background
oewn-assume__2.31.00..,background,background
oewn-assume__2.40.00..,background,background
oewn-assumed__5.00.00.counterfeit.00,external,external
oewn-assuming__5.00.00.forward.02,background,background
oewn-assumption__1.09.00..,artifact,artifact
oewn-assumption__1.10.00..,artifact,artifact
oewn-assurance__1.09.00..,background,background
oewn-assured__5.00.00.confident.00,artifact,artifact
oewn-assyrian__1.10.00..,artifact,artifact
oewn-assyrian__1.18.00..,artifact,artifact
oewn-aster__1.08.00..,artifact,artifact
oewn-aster__1.20.00..,artifact,artifact
oewn-asthma__1.26.00..,artifact,artifact
oewn-astonishment__1.12.00..,artifact,artifact
oewn-astringent__1.06.00..,artifact,artifact
oewn-astrological__3.01.00..,artifact,artifact
oewn-astrology__1.09.00..,artifact,artifact
oewn-astute__5.00.00.smart.00,artifact,artifact
oewn-athenian__1.18.00..,artifact,artifact
oewn-athlete__1.18.00..,artifact,artifact
oewn-athletic__3.01.00..,artifact,artifact
oewn-athletics__1.11.00..,background,background
oewn-atlantic__1.17.00..,artifact,artifact
oewn-atlas__1.18.00..,artifact,artifact
oewn-atmosphere__1.15.00..,artifact,artifact
oewn-atmosphere__1.23.00..,graph_data,graph_data
oewn-atmosphere__1.26.00..,artifact,artifact
oewn-atmosphere__1.26.01..,artifact,artifact
oewn-atmospheric__3.01.00..,artifact,artifact
oewn-atom__1.27.00..,artifact,artifact
oewn-atom__1.27.01..,artifact,artifact
oewn-atomic__3.00.00..,artifact,artifact
oewn-atomic__3.01.00..,closed,closed
oewn-atonement__1.21.00..,background,background
oewn-attach__2.35.01..,artifact,artifact
oewn-attached__3.00.02..,artifact,artifact
oewn-attached__5.00.00.loving.00,artifact,artifact
oewn-attached__5.00.00.related.02,artifact,artifact
oewn-attachment__1.06.00..,artifact,artifact
oewn-attachment__1.12.00..,external,external
oewn-attack__1.04.00..,artifact,artifact
oewn-attack__1.04.03..,artifact,artifact
oewn-attack__1.04.04..,artifact,artifact
oewn-attack__2.30.00..,artifact,artifact
oewn-attack__2.32.00..,artifact,artifact
oewn-attack__2.33.00..,artifact,artifact
oewn-attack__2.33.02..,artifact,artifact
oewn-attacking__5.00.00.offensive.03,artifact,artifact
oewn-attain__2.41.00..,external,external
oewn-attainable__5.00.00.possible.00,artifact,artifact
oewn-attained__5.00.00.earned.00,closed,closed
oewn-attainment__1.04.00..,artifact,artifact
oewn-attempt__1.04.00..,background,background
oewn-attempt__2.36.00..,background,background
oewn-attempt__2.41.00..,background,background
oewn-attempted__5.00.00.unsuccessful.00,artifact,artifact
oewn-attend__2.42.00..,artifact,artifact
oewn-attendance__1.04.00..,artifact,background
oewn-attendant__1.18.00..,artifact,artifact
oewn-attended__3.00.00..,artifact,artifact
oewn-attending__1.09.00..,artifact,artifact
oewn-attention__1.04.01..,background,background
oewn-attention__1.09.00..,background,background
oewn-attention__1.09.01..,background,background
oewn-attention__1.09.02..,background,background
oewn-attentive__3.00.00..,background,background
oewn-attentively__4.02.00..,external,external
oewn-attest__2.32.01..,artifact,artifact
oewn-attire__1.06.00..,artifact,artifact
oewn-attitude__1.09.00..,artifact,background
oewn-attract__2.35.00..,artifact,artifact
oewn-attraction__1.19.00..,artifact,artifact
oewn-attractive__3.00.01..,artifact,artifact
oewn-attractive__5.00.00.appealing.00,artifact,external
oewn-attractiveness__1.07.00..,artifact,artifact
oewn-attractiveness__1.07.01..,artifact,artifact
oewn-attributable__3.00.00..,background,background
oewn-attribute__1.03.00..,closed,closed
oewn-attribute__1.09.00..,closed,closed
oewn-attribute__2.31.00..,closed,closed
oewn-attribute__2.31.01..,closed,closed
oewn-attribution__1.09.01..,artifact,artifact
oewn-audible__1.04.00..,artifact,artifact
oewn-audience__1.14.00..,artifact,artifact
oewn-audience__1.14.01..,artifact,artifact
oewn-audio__1.06.01..,artifact,artifact
oewn-audio__1.10.00..,artifact,artifact
oewn-auditory__3.01.00..,artifact,artifact
oewn-augend__1.23.00..,background,background
oewn-august__1.28.00..,artifact,artifact
oewn-aunt__1.18.00..,background,background
oewn-auspicious__3.00.00..,background,background
oewn-austenite__1.27.00..,background,background
oewn-australasian__3.01.00..,artifact,artifact
oewn-australian__1.10.00..,artifact,artifact
oewn-australian__1.18.00..,artifact,artifact
oewn-austrian__1.18.00..,graph_data,graph_data
oewn-austronesian__1.10.00..,artifact,artifact
oewn-authenticate__2.31.00..,artifact,artifact
oewn-authenticity__1.07.00..,artifact,artifact
oewn-author__1.18.00..,artifact,artifact
oewn-authoritative__3.00.00..,background,background
oewn-authoritative__5.00.00.influential.00,background,background
oewn-authoritatively__4.02.00..,artifact,artifact
oewn-authority__1.07.00..,artifact,artifact
oewn-authority__1.07.02..,artifact,artifact
oewn-authority__1.14.00..,artifact,artifact
oewn-authority__1.18.01..,artifact,artifact
oewn-authorization__1.10.00..,artifact,artifact
oewn-authorize__2.32.00..,artifact,artifact
oewn-authorized__3.00.00..,background,background
oewn-autobiographer__1.18.00..,artifact,artifact
oewn-autobiographical__3.01.01..,artifact,artifact
oewn-autocracy__1.14.00..,artifact,artifact
oewn-automatic__1.06.01..,artifact,artifact
oewn-automatic__1.06.02..,artifact,artifact
oewn-automatic__5.00.00.mechanical.00,artifact,artifact
oewn-automatically__4.02.00..,artifact,artifact
oewn-automobile__1.06.00..,artifact,artifact
oewn-autonomic__5.00.00.involuntary.02,background,background
oewn-autosomal__3.01.00..,artifact,artifact
oewn-autosome__1.08.00..,artifact,artifact
oewn-autumn__1.28.00..,artifact,artifact
oewn-auxiliary__1.18.00..,artifact,artifact
oewn-availability__1.07.00..,artifact,artifact
oewn-available__3.00.00..,background,background
oewn-available__5.00.00.free.00,background,background
oewn-avenge__2.33.00..,artifact,external
oewn-avens__1.20.00..,background,background
oewn-average__1.09.00..,background,background
oewn-average__2.41.00..,background,background
oewn-average__2.42.00..,background,background
oewn-average__5.00.00.common.01,background,background
oewn-average__5.00.00.ordinary.00,background,background
oewn-average__5.00.01.normal.01,background,background
oewn-average__5.00.02.normal.01,background,background
oewn-average__5.00.03.normal.01,background,background
oewn-averse__5.00.00.disinclined.00,artifact,artifact
oewn-aversion__1.12.00..,background,background
oewn-avitaminosis__1.26.00..,artifact,external
oewn-avoid__2.32.00..,background,background
oewn-avoirdupois__1.23.00..,artifact,artifact
oewn-avowal__1.10.00..,artifact,artifact
oewn-avowed__5.00.00.declared.00,background,background
oewn-awaited__5.00.00.expected.00,artifact,artifact
oewn-awake__2.29.00..,artifact,background
oewn-award__1.10.00..,background,background
oewn-aware__3.00.00..,background,background
oewn-awareness__1.09.00..,background,background
oewn-awareness__1.09.01..,artifact,artifact
oewn-away__3.00.00..,closed,closed
oewn-away__4.02.00..,closed,closed
oewn-away__4.02.08..,closed,closed
oewn-away__5.00.00.absent.00,closed,closed
oewn-away__5.00.00.inaccurate.00,closed,closed
oewn-awkward__5.00.00.inconvenient.00,artifact,artifact
oewn-awkward__5.00.00.uncomfortable.01,artifact,artifact
oewn-awkwardly__4.02.00..,artifact,artifact
oewn-ax__1.06.00..,artifact,artifact
oewn-ax__2.30.00..,artifact,artifact
oewn-ax__2.35.00..,artifact,artifact
oewn-axil__1.20.00..,artifact,artifact
oewn-axillary__3.01.02..,artifact,artifact
oewn-axiom__1.10.00..,artifact,artifact
oewn-axis__1.06.00..,artifact,artifact
oewn-axis__1.09.00..,artifact,artifact
oewn-axis__1.20.00..,artifact,artifact
oewn-axle__1.06.00..,artifact,artifact
oewn-baby__1.18.00..,artifact,artifact
oewn-babylonian__1.10.01..,artifact,artifact
oewn-babylonian__1.18.00..,artifact,artifact
oewn-bacillus__1.05.00..,background,background
oewn-back__1.04.00..,closed,closed
oewn-back__1.06.01..,closed,closed
oewn-back__1.06.03..,closed,closed
oewn-back__1.08.00..,closed,closed
oewn-back__2.41.00..,closed,closed
oewn-back__3.00.00..,closed,closed
oewn-back__5.00.00.noncurrent.00,closed,closed
oewn-back__5.00.00.posterior.00,closed,closed
oewn-backbone__1.09.00..,artifact,artifact
oewn-background__1.06.00..,background,background
oewn-background__1.07.00..,artifact,artifact
oewn-background__1.09.00..,artifact,artifact
oewn-background__2.30.00..,artifact,artifact
oewn-backside__1.08.00..,artifact,circular
oewn-backspace__1.06.00..,artifact,artifact
oewn-backup__1.06.00..,artifact,artifact
oewn-backward__3.00.01..,background,background
oewn-backward__5.00.00.retarded.00,background,background
oewn-bacterial__3.01.00..,background,background
oewn-bactericide__1.27.00..,background,background
oewn-bacteriologist__1.18.00..,artifact,artifact
oewn-baddeleyite__1.27.00..,artifact,artifact
oewn-badge__1.10.00..,artifact,artifact
oewn-badly__4.02.02..,artifact,artifact
oewn-badly__4.02.03..,artifact,artifact
oewn-badly__4.02.04..,artifact,artifact
oewn-badminton__1.04.00..,background,background
oewn-baffling__5.00.00.difficult.00,artifact,artifact
oewn-baggage__1.06.00..,artifact,artifact
oewn-bailee__1.18.00..,background,background
oewn-bailment__1.04.00..,background,background
oewn-bailor__1.18.00..,artifact,artifact
oewn-baked__5.00.00.dry.01,artifact,artifact
oewn-baking__1.04.01..,background,background
oewn-balance__1.18.00..,artifact,artifact
oewn-balanced__3.00.00..,artifact,artifact
oewn-balcony__1.06.01..,background,background
oewn-bald__2.30.00..,background,background
oewn-bald__5.00.00.hairless.00,background,background
oewn-ball__1.04.01..,artifact,background
oewn-ball__1.06.01..,artifact,background
oewn-ball__1.25.00..,artifact,background
oewn-ball__2.35.00..,artifact,background
oewn-ball__2.42.01..,artifact,background
oewn-ballistic__3.01.00..,artifact,artifact
oewn-balloon__1.06.00..,artifact,artifact
oewn-ballplayer__1.18.00..,artifact,artifact
oewn-ballroom__1.06.00..,artifact,artifact
oewn-balsam__1.20.00..,artifact,artifact
oewn-balsam__1.27.00..,artifact,artifact
oewn-balustrade__1.06.00..,artifact,artifact
oewn-band__1.06.05..,artifact,artifact
oewn-band__1.08.00..,artifact,artifact
oewn-band__1.14.01..,artifact,artifact
oewn-band__1.14.02..,artifact,artifact
oewn-bandage__1.06.00..,artifact,background
oewn-baneberry__1.20.02..,artifact,artifact
oewn-bank__1.17.01..,background,background
oewn-banking__1.04.01..,artifact,artifact
oewn-banquet__2.34.00..,background,background
oewn-banquet__2.34.01..,background,background
oewn-bantamweight__1.14.01..,background,background
oewn-bantoid__3.01.00..,background,background
oewn-bantu__1.18.00..,artifact,artifact
oewn-bantu__3.01.00..,artifact,artifact
oewn-baptism__1.04.00..,artifact,artifact
oewn-baptistic__3.01.00..,artifact,artifact
oewn-barbed__5.00.00.sarcastic.00,artifact,artifact
oewn-barbell__1.06.00..,artifact,artifact
oewn-bargain__1.10.00..,artifact,artifact
oewn-barite__1.27.00..,background,background
oewn-baritone__5.00.00.low.03,background,background
oewn-bark__1.20.00..,artifact,artifact
oewn-barley__1.13.00..,background,background
oewn-barley__1.20.00..,background,background
oewn-barometer__1.06.00..,graph_data,graph_data
oewn-baron__1.18.00..,artifact,artifact
oewn-baroque__1.07.00..,artifact,artifact
oewn-barracuda__1.05.00..,background,background
oewn-barred__5.00.00.obstructed.00,artifact,artifact
oewn-barrel__1.06.01..,artifact,external
oewn-barren__1.15.00..,artifact,artifact
oewn-barrier__1.06.00..,artifact,artifact
oewn-bars__1.06.00..,artifact,artifact
oewn-basal__3.00.02..,artifact,artifact
oewn-basal__5.00.01.basic.00,artifact,artifact
oewn-base__1.06.02..,artifact,artifact
oewn-base__1.06.04..,artifact,artifact
oewn-base__1.09.00..,artifact,artifact
oewn-base__1.10.00..,artifact,artifact
oewn-base__1.14.00..,artifact,artifact
oewn-base__1.15.00..,artifact,artifact
oewn-base__1.17.00..,artifact,artifact
oewn-base__1.23.00..,artifact,artifact
oewn-base__1.25.00..,artifact,artifact
oewn-base__1.27.00..,artifact,artifact
oewn-base__1.27.01..,artifact,artifact
oewn-base__5.00.00.basic.00,artifact,artifact
oewn-base__5.00.00.lowborn.00,artifact,artifact
oewn-baseball__1.04.00..,background,background
oewn-baseball__1.06.00..,background,background
oewn-based__5.00.00.supported.00,background,background
oewn-basic__1.06.00..,artifact,artifact
oewn-basic__1.10.00..,artifact,artifact
oewn-basic__3.00.00..,artifact,artifact
oewn-basic__5.00.00.standard.01,artifact,artifact
oewn-basidiomycetes__1.20.00..,artifact,artifact
oewn-basidium__1.20.00..,graph_data,graph_data
oewn-basin__1.06.01..,background,background
oewn-basis__1.24.00..,background,background
oewn-basketball__1.04.00..,background,background
oewn-bass__1.07.01..,artifact,artifact
oewn-bass__5.00.00.low.03,artifact,artifact
oewn-basswood__1.20.00..,graph_data,graph_data
oewn-bathe__1.04.00..,artifact,artifact
oewn-bathing__1.04.00..,background,background
oewn-bathroom__1.06.00..,graph_data,graph_data
oewn-bathroom__1.06.01..,artifact,artifact
oewn-bathtub__1.06.00..,artifact,artifact
oewn-batsman__1.18.00..,artifact,artifact
oewn-batter__1.18.00..,background,background
oewn-battery__1.06.00..,artifact,artifact
oewn-battery__1.14.02..,background,background
oewn-batting__1.04.00..,artifact,artifact
oewn-battle__1.04.00..,artifact,artifact
oewn-battle__2.33.00..,artifact,external
oewn-bayberry__1.20.01..,artifact,artifact
oewn-beacon__1.06.01..,closed,closed
oewn-beacon__2.38.00..,closed,closed
oewn-beacon__2.39.00..,closed,closed
oewn-beads__1.06.00..,artifact,artifact
oewn-beak__1.05.00..,artifact,artifact
oewn-beak__1.05.01..,artifact,artifact
oewn-beaklike__5.00.00.beaked.00,artifact,artifact
oewn-beam__1.10.00..,artifact,artifact
oewn-beam__1.19.00..,closed,closed
oewn-bean__1.13.00..,artifact,artifact
oewn-bean__1.20.00..,artifact,artifact
oewn-bear__1.05.00..,closed,closed
oewn-bear__2.29.01..,closed,closed
oewn-bear__2.42.01..,closed,closed
oewn-beard__1.08.00..,artifact,artifact
oewn-bearing__1.06.01..,artifact,artifact
oewn-bearing__1.24.01..,artifact,artifact
oewn-bearing__3.00.00..,artifact,artifact
oewn-beast__1.03.00..,artifact,artifact
oewn-beat__1.07.00..,artifact,artifact
oewn-beat__1.10.00..,artifact,artifact
oewn-beat__1.11.00..,artifact,artifact
oewn-beat__2.33.00..,artifact,artifact
oewn-beat__2.38.00..,artifact,artifact
oewn-beat__5.00.00.tired.00,artifact,artifact
oewn-beaten__3.44.00..,artifact,artifact
oewn-beating__1.04.00..,artifact,artifact
oewn-beating__1.04.01..,artifact,background
oewn-beautiful__3.00.00..,artifact,artifact
oewn-beautify__2.30.00..,artifact,artifact
oewn-beauty__1.07.00..,background,background
oewn-becoming__5.00.00.proper.00,background,background
oewn-bedding__1.06.00..,artifact,background
oewn-bedstraw__1.20.00..,background,background
oewn-beef__1.05.00..,external,external
oewn-beer__1.13.00..,background,background
oewn-beet__1.20.00..,artifact,artifact
oewn-befitting__5.00.00.appropriate.00,artifact,artifact
oewn-before__4.02.03..,closed,closed
oewn-beforehand__4.02.00..,artifact,artifact
oewn-begin__1.18.00..,artifact,artifact
oewn-begin__2.30.00..,artifact,artifact
oewn-begin__2.32.03..,artifact,artifact
oewn-begin__2.32.04..,artifact,artifact
oewn-beginning__1.04.00..,closed,closed
oewn-beginning__1.09.00..,closed,closed
oewn-beginning__1.11.00..,closed,closed
oewn-beginning__1.15.00..,closed,closed
oewn-beginning__1.28.00..,closed,closed
oewn-beginning__5.00.00.opening.00,closed,closed
oewn-behave__2.29.00..,closed,closed
oewn-behave__2.41.00..,closed,closed
oewn-behavior__1.04.00..,background,background
oewn-behavior__1.04.01..,background,background
oewn-behavior__1.07.00..,background,background
oewn-behavioral__3.01.00..,background,background
oewn-beheaded__5.00.00.headless.00,artifact,artifact
oewn-behind__1.08.00..,background,background
oewn-beholder__1.18.00..,background,background
oewn-belief__1.09.00..,background,background
oewn-belief__1.09.01..,background,background
oewn-believable__3.00.04..,background,background
oewn-believe__2.31.00..,artifact,artifact
oewn-believer__1.18.01..,artifact,artifact
oewn-believing__1.09.00..,external,external
oewn-belittling__1.04.00..,background,background
oewn-belittling__1.10.00..,background,background
oewn-bell__1.06.00..,artifact,artifact
oewn-bell__1.06.02..,artifact,artifact
oewn-bell__1.25.00..,closed,closed
oewn-belligerence__1.12.00..,artifact,artifact
oewn-belong__2.40.00..,artifact,artifact
oewn-belong__2.42.07..,artifact,artifact
oewn-belonging__1.12.00..,artifact,artifact
oewn-belongings__1.21.00..,artifact,artifact
oewn-beloved__1.18.00..,artifact,artifact
oewn-beloved__5.00.00.loved.00,artifact,artifact
oewn-below__4.02.01..,closed,closed
oewn-below__4.02.03..,closed,closed
oewn-belt__1.06.01..,artifact,artifact
oewn-bench__1.06.00..,background,background
oewn-bend__1.15.00..,artifact,background
oewn-bend__2.38.00..,closed,closed
oewn-bending__1.07.00..,artifact,artifact
oewn-bending__1.11.00..,artifact,artifact
oewn-bends__1.26.00..,background,background
oewn-beneath__4.02.00..,closed,closed
oewn-beneficial__5.00.00.advantageous.00,background,background
oewn-beneficiary__1.18.00..,artifact,artifact
oewn-benefit__1.21.00..,artifact,artifact
oewn-benefit__2.40.00..,artifact,artifact
oewn-benefit__2.40.01..,circular,circular
oewn-benniseed__1.13.00..,artifact,artifact
oewn-bent__1.09.01..,artifact,artifact
oewn-bent__5.00.00.resolute.00,artifact,artifact
oewn-bent__5.00.02.unerect.00,artifact,artifact
oewn-bereavement__1.26.00..,artifact,artifact
oewn-beriberi__1.26.00..,background,background
oewn-berlin__1.06.00..,artifact,artifact
oewn-berlin__1.18.00..,artifact,artifact
oewn-berry__1.13.00..,artifact,artifact
oewn-berrylike__3.01.00..,artifact,artifact
oewn-beset__2.37.00..,artifact,artifact
oewn-best__1.04.00..,artifact,external
oewn-best__1.18.01..,graph_data,graph_data
oewn-best__3.00.00..,artifact,artifact
oewn-best__5.00.00.advisable.00,artifact,artifact
oewn-bestow__2.40.00..,closed,closed
oewn-bestow__2.40.01..,artifact,artifact
oewn-betel__1.20.00..,background,background
oewn-betrothed__5.00.00.attached.01,artifact,artifact
oewn-better__1.07.00..,closed,closed
oewn-better__2.30.01..,closed,closed
oewn-better__2.33.00..,closed,closed
oewn-better__5.00.00.advisable.00,closed,closed
oewn-betulaceous__3.01.00..,background,background
oewn-beverage__1.13.00..,artifact,artifact
oewn-bewilderment__1.09.00..,artifact,artifact
oewn-beyond__4.02.00..,closed,closed
oewn-beyond__4.02.01..,closed,closed
oewn-bias__1.09.00..,artifact,artifact
oewn-bias__2.33.00..,artifact,artifact
oewn-biased__5.00.00.partial.01,artifact,background
oewn-bible__1.10.00..,artifact,artifact
oewn-biblical__3.01.00..,artifact,artifact
oewn-biblical__3.01.02..,artifact,artifact
oewn-biconvex__5.00.00.convex.00,artifact,artifact
oewn-bicycle__1.06.00..,artifact,artifact
oewn-bidder__1.18.01..,artifact,artifact
oewn-biennial__1.20.00..,artifact,artifact
oewn-bigger__5.00.00.large.00,artifact,external
oewn-bile__1.08.00..,background,background
oewn-bill__1.10.01..,artifact,artifact
oewn-bill__1.10.04..,artifact,artifact
oewn-billiards__1.04.00..,background,background
oewn-binary__1.10.00..,graph_data,graph_data
oewn-binary__1.17.00..,artifact,artifact
oewn-bind__1.09.00..,closed,closed
oewn-bind__2.35.06..,artifact,artifact
oewn-binder__1.06.03..,background,background
oewn-binding__1.04.00..,artifact,external
oewn-binding__1.07.00..,artifact,artifact
oewn-binding__5.00.00.valid.00,artifact,artifact
oewn-biochemist__1.18.00..,artifact,artifact
oewn-biographical__3.01.00..,artifact,artifact
oewn-biography__1.10.00..,artifact,artifact
oewn-biological__3.01.00..,artifact,background
oewn-biologically__4.02.00..,artifact,artifact
oewn-biology__1.09.00..,background,background
oewn-biology__1.14.00..,background,background
oewn-biology__1.19.00..,background,background
oewn-bipedal__3.00.00..,closed,closed
oewn-birch__1.20.00..,artifact,artifact
oewn-birch__1.20.02..,artifact,artifact
oewn-bird__1.05.00..,closed,closed
oewn-bird__1.06.01..,closed,closed
oewn-bird__1.13.00..,closed,closed
oewn-birth__1.18.00..,artifact,artifact
oewn-birth__1.28.00..,artifact,background
oewn-birthplace__1.15.00..,artifact,artifact
oewn-birthright__1.07.00..,artifact,artifact
oewn-bishop__1.18.00..,artifact,artifact
oewn-bison__1.05.00..,artifact,artifact
oewn-bite__1.26.00..,artifact,artifact
oewn-bite__1.26.01..,graph_data,graph_data
oewn-biting__5.00.00.sarcastic.00,artifact,artifact
oewn-bitter__1.09.00..,background,background
oewn-bitter__1.13.00..,background,background
oewn-bitter__5.00.00.resentful.00,background,background
oewn-bittercress__1.20.00..,graph_data,graph_data
oewn-bitterly__4.02.00..,artifact,artifact
oewn-bitterness__1.12.00..,artifact,artifact
oewn-bittersweet__1.20.02..,artifact,artifact
oewn-bitumen__1.27.00..,artifact,artifact
oewn-bituminous__3.01.00..,artifact,artifact
oewn-bivalent__3.01.01..,artifact,artifact
oewn-black__1.06.00..,artifact,background
oewn-black__1.07.00..,artifact,background
oewn-black__1.18.01..,artifact,background
oewn-black__3.00.01..,artifact,background
oewn-black__5.00.00.angry.00,artifact,background
oewn-blade__1.06.00..,closed,closed
oewn-blade__1.06.01..,closed,closed
oewn-blade__1.20.00..,closed,closed
oewn-bladed__3.01.01..,artifact,artifact
oewn-blame__1.10.01..,artifact,artifact
oewn-blame__2.32.00..,artifact,artifact
oewn-blame__2.32.01..,artifact,artifact
oewn-blame__5.00.00.cursed.00,background,background
oewn-blank__1.06.02..,background,background
oewn-blank__1.10.00..,background,background
oewn-blanket__2.35.00..,closed,closed
oewn-blanket__2.42.00..,closed,closed
oewn-blasting__5.00.00.destructive.00,artifact,artifact
oewn-bleached__5.00.00.colorless.02,artifact,artifact
oewn-bleeding__1.26.00..,artifact,artifact
oewn-blemish__1.07.00..,background,background
oewn-blemish__2.30.00..,background,background
oewn-blemish__2.35.00..,background,background
oewn-blemished__5.00.00.imperfect.00,artifact,artifact
oewn-blend__1.11.00..,artifact,artifact
oewn-blender__1.06.00..,artifact,artifact
oewn-bless__2.32.02..,artifact,artifact
oewn-blessed__3.00.00..,artifact,artifact
oewn-blessing__1.04.01..,artifact,background
oewn-blight__1.26.00..,background,background
oewn-blight__1.26.01..,background,background
oewn-blight__2.43.00..,background,background
oewn-blighted__5.00.00.destroyed.00,artifact,artifact
oewn-blimp__1.06.00..,artifact,artifact
oewn-blind__1.14.00..,artifact,artifact
oewn-blithe__5.00.00.unconcerned.00,artifact,artifact
oewn-block__1.06.00..,closed,closed
oewn-block__2.30.00..,closed,closed
oewn-block__2.30.01..,closed,closed
oewn-blockage__1.26.00..,artifact,artifact
oewn-blocked__5.00.00.closed.01,artifact,artifact
oewn-blocking__1.04.00..,artifact,background
oewn-blood__1.07.00..,closed,closed
oewn-blood__1.08.00..,closed,closed
oewn-blood__1.14.01..,closed,closed
oewn-blood__2.35.00..,closed,closed
oewn-bloodshed__1.04.01..,artifact,artifact
oewn-bloodstream__1.08.00..,artifact,artifact
oewn-bloodsucking__5.00.00.bloody.00,artifact,artifact
oewn-bloodsucking__5.00.00.dependent.00,artifact,artifact
oewn-bloom__1.20.00..,artifact,artifact
oewn-bloom__1.22.00..,artifact,artifact
oewn-blooming__1.22.00..,artifact,artifact
oewn-blow__1.04.01..,artifact,artifact
oewn-blow__1.04.02..,artifact,artifact
oewn-blow__2.29.00..,artifact,artifact
oewn-blow__2.39.00..,artifact,artifact
oewn-blowing__1.22.00..,artifact,artifact
oewn-blown__5.00.00.moving.02,artifact,background
oewn-bludgeon__2.35.00..,background,background
oewn-bludgeon__2.41.00..,background,background
oewn-blue__1.05.00..,background,background
oewn-blue__1.06.00..,background,background
oewn-blue__1.07.00..,background,background
oewn-blue__1.17.00..,background,background
oewn-blue__5.00.00.chromatic.00,background,background
oewn-blues__1.10.00..,artifact,artifact
oewn-bluish__5.00.00.chromatic.00,artifact,artifact
oewn-blur__2.39.01..,artifact,artifact
oewn-board__1.06.00..,closed,closed
oewn-board__1.06.04..,closed,closed
oewn-board__1.14.00..,closed,closed
oewn-board__2.38.00..,closed,closed
oewn-board__2.42.00..,closed,closed
oewn-boards__1.06.01..,artifact,artifact
oewn-boat__1.06.00..,background,background
oewn-boat__1.06.01..,artifact,artifact
oewn-bodice__1.06.00..,artifact,artifact
oewn-bodied__3.00.00..,artifact,artifact
oewn-bodily__3.01.01..,artifact,artifact
oewn-bodily__5.00.00.corporeal.00,artifact,artifact
oewn-bodily__5.00.00.physical.00,background,background
oewn-body__1.06.00..,closed,closed
oewn-body__1.06.01..,closed,closed
oewn-body__1.07.00..,closed,closed
oewn-body__1.07.01..,closed,closed
oewn-body__1.08.00..,closed,closed
oewn-body__1.08.01..,closed,closed
oewn-body__1.08.02..,closed,closed
oewn-body__1.14.00..,closed,closed
oewn-body__1.14.02..,closed,closed
oewn-body__1.17.00..,closed,closed
oewn-body__2.42.00..,closed,closed
oewn-bodybuilding__1.04.00..,artifact,artifact
oewn-boeotian__3.01.00..,artifact,artifact
oewn-bohemian__1.18.00..,artifact,artifact
oewn-boiled__5.00.00.cooked.00,artifact,artifact
oewn-boiler__1.06.00..,artifact,artifact
oewn-boilerplate__1.06.00..,artifact,artifact
oewn-boiling__1.22.00..,artifact,artifact
oewn-boisterous__5.00.00.disorderly.00,artifact,artifact
oewn-boisterously__4.02.00..,external,external
oewn-bold__1.10.00..,artifact,artifact
oewn-boldly__4.02.00..,artifact,artifact
oewn-boldness__1.07.00..,artifact,artifact
oewn-bole__1.10.00..,artifact,artifact
oewn-bole__1.20.00..,artifact,artifact
oewn-bolivar__1.18.00..,background,background
oewn-bolivia__1.04.00..,artifact,artifact
oewn-bolivia__1.15.00..,artifact,artifact
oewn-bolt__1.06.00..,background,background
oewn-bolt__1.06.01..,background,background
oewn-bolt__1.19.00..,background,background
oewn-bond__1.18.00..,artifact,artifact
oewn-bond__1.19.00..,artifact,artifact
oewn-bonding__1.04.00..,artifact,artifact
oewn-bonding__1.09.00..,artifact,artifact
oewn-bone__1.08.00..,closed,closed
oewn-bone__2.31.00..,closed,closed
oewn-bone__5.00.01.bony.00,closed,closed
oewn-bonelike__5.00.00.bony.00,closed,closed
oewn-bony__3.00.00..,artifact,artifact
oewn-bony__5.00.00.thin.03,background,background
oewn-book__1.06.00..,artifact,background
oewn-book__1.10.00..,artifact,background
oewn-book__1.10.02..,artifact,background
oewn-book__1.10.04..,artifact,background
oewn-book__1.10.05..,artifact,background
oewn-book__1.21.00..,artifact,background
oewn-book__2.41.00..,artifact,background
oewn-booming__5.00.00.successful.00,artifact,artifact
oewn-boot__1.06.00..,artifact,artifact
oewn-border__1.06.00..,background,background
oewn-border__1.15.00..,background,background
oewn-border__1.25.00..,background,background
oewn-border__2.35.00..,background,background
oewn-border__2.40.00..,background,background
oewn-bordered__3.00.00..,artifact,artifact
oewn-bore__1.07.00..,artifact,external
oewn-bore__1.18.00..,artifact,artifact
oewn-bored__5.00.00.tired.00,artifact,artifact
oewn-boredom__1.12.00..,artifact,artifact
oewn-born__1.18.00..,artifact,artifact
oewn-born__3.00.00..,artifact,artifact
oewn-born__5.00.00.intelligent.00,artifact,artifact
oewn-borough__1.15.00..,background,background
oewn-borrow__2.40.00..,artifact,artifact
oewn-borrowing__1.04.01..,artifact,artifact
oewn-botanist__1.18.00..,artifact,artifact
oewn-botany__1.09.00..,background,background
oewn-botany__1.14.00..,background,background
oewn-both__5.00.00.some.00,background,background
oewn-bothered__5.00.00.discomposed.00,artifact,artifact
oewn-bottle__1.06.00..,artifact,artifact
oewn-bottom__1.15.00..,closed,closed
oewn-bottom__1.15.01..,closed,closed
oewn-bottom__1.17.01..,closed,closed
oewn-bottom__2.35.00..,closed,closed
oewn-bottom__2.40.00..,closed,closed
oewn-bottom__3.00.00..,closed,closed
oewn-bottom__5.00.00.worst.00,closed,closed
oewn-botulism__1.26.00..,artifact,artifact
oewn-bouncing__1.11.00..,artifact,artifact
oewn-bound__1.25.00..,background,background
oewn-bound__3.00.01..,background,background
oewn-bound__5.00.00.oriented.00,artifact,artifact
oewn-bound__5.00.00.sworn.00,artifact,artifact
oewn-bound__5.00.01.certain.03,artifact,artifact
oewn-boundary__1.15.00..,background,background
oewn-boundary__1.25.00..,background,background
oewn-bounded__5.00.00.finite.00,artifact,artifact
oewn-boundless__5.00.00.infinite.00,artifact,external
oewn-bounds__1.15.00..,artifact,artifact
oewn-bovine__1.05.00..,background,background
oewn-bowel__1.08.00..,artifact,artifact
oewn-bowels__1.15.00..,artifact,artifact
oewn-bowl__1.06.01..,artifact,artifact
oewn-bowl__1.06.02..,artifact,artifact
oewn-bowl__1.25.00..,artifact,artifact
oewn-bowling__1.04.00..,artifact,artifact
oewn-bowling__1.04.02..,artifact,artifact
oewn-boxed__5.00.00.bordered.00,artifact,external
oewn-boxer__1.18.00..,artifact,artifact
oewn-boxing__1.04.00..,artifact,artifact
oewn-boxlike__5.00.00.cubic.00,artifact,artifact
oewn-brace__2.35.00..,artifact,artifact
oewn-brace__2.35.01..,artifact,artifact
oewn-bracelet__1.06.01..,artifact,artifact
oewn-bracing__1.06.00..,artifact,artifact
oewn-bracket__1.14.00..,artifact,artifact
oewn-brackish__5.00.00.unpalatable.00,artifact,artifact
oewn-bract__1.20.00..,artifact,artifact
oewn-brain__1.08.00..,closed,closed
oewn-brain__1.09.00..,closed,closed
oewn-brain__1.09.01..,closed,closed
oewn-braising__1.04.00..,artifact,artifact
oewn-branch__1.06.00..,closed,closed
oewn-branch__1.14.00..,closed,closed
oewn-branch__1.19.00..,closed,closed
oewn-branch__1.20.00..,closed,closed
oewn-branch__1.25.00..,closed,closed
oewn-branched__5.00.00.divided.00,artifact,artifact
oewn-branching__1.04.00..,artifact,background
oewn-branching__5.00.00.branchy.00,closed,closed
oewn-branching__5.00.00.divergent.00,artifact,artifact
oewn-brand__1.10.00..,artifact,artifact
oewn-brand__2.35.00..,artifact,artifact
oewn-brand__2.41.00..,artifact,artifact
oewn-brand__2.41.01..,artifact,artifact
oewn-brass__1.06.00..,artifact,artifact
oewn-brass__1.14.01..,artifact,artifact
oewn-brass__1.27.00..,artifact,artifact
oewn-breach__2.41.00..,artifact,artifact
oewn-bread__1.13.00..,artifact,artifact
oewn-breadbasket__1.15.00..,artifact,artifact
oewn-breadth__1.09.00..,artifact,artifact
oewn-break__1.11.00..,closed,closed
oewn-break__1.26.00..,closed,closed
oewn-break__2.30.03..,closed,closed
oewn-break__2.30.15..,closed,closed
oewn-break__2.35.05..,closed,closed
oewn-break__2.41.15..,closed,closed
oewn-breakdown__1.04.02..,artifact,artifact
oewn-breakdown__1.22.03..,artifact,artifact
oewn-breakfast__1.13.00..,artifact,external
oewn-breaking__1.04.00..,artifact,background
oewn-breast__1.08.00..,artifact,artifact
oewn-breast__1.08.01..,background,background
oewn-breastbone__1.08.00..,artifact,circular
oewn-breath__1.04.00..,artifact,artifact
oewn-breath__1.27.00..,artifact,artifact
oewn-breathe__2.32.01..,artifact,background
oewn-breathed__5.00.00.inaudible.00,artifact,artifact
oewn-breathing__1.04.00..,artifact,artifact
oewn-breathing__3.00.00..,artifact,artifact
oewn-breed__1.14.00..,artifact,artifact
oewn-breeding__1.04.02..,artifact,artifact
oewn-brew__1.13.00..,artifact,artifact
oewn-brewing__1.04.00..,artifact,artifact
oewn-brick__1.06.00..,closed,closed
oewn-bride__1.18.00..,artifact,artifact
oewn-bridge__1.04.00..,artifact,artifact
oewn-bridge__1.06.00..,artifact,artifact
oewn-bridle__1.06.00..,background,background
oewn-brief__1.10.00..,artifact,artifact
oewn-brief__1.10.01..,artifact,artifact
oewn-brief__2.32.00..,artifact,artifact
oewn-brief__5.00.00.short.02,artifact,artifact
oewn-briefly__4.02.00..,background,background
oewn-bright__3.00.00..,background,background
oewn-bright__3.00.02..,background,background
oewn-bright__5.00.00.colorful.00,background,background
oewn-bright__5.00.00.light.06,background,background
oewn-bright__5.00.00.polished.00,background,background
oewn-brightness__1.07.00..,artifact,artifact
oewn-brightness__1.07.02..,artifact,artifact
oewn-brilliance__1.07.00..,artifact,artifact
oewn-brilliant__5.00.00.bright.00,artifact,artifact
oewn-brilliant__5.00.00.superior.02,artifact,artifact
oewn-brilliantly__4.02.01..,artifact,artifact
oewn-brim__1.06.00..,background,background
oewn-brimming__5.00.00.full.00,artifact,artifact
oewn-brine__1.27.00..,background,background
oewn-bring__2.36.00..,artifact,background
oewn-bring__2.38.00..,artifact,background
oewn-bring__2.40.00..,artifact,background
oewn-bringing__1.04.00..,background,background
oewn-bristly__5.00.00.ill-natured.00,artifact,artifact
oewn-british__1.18.00..,closed,closed
oewn-brittle__1.13.00..,artifact,artifact
oewn-broad__1.18.00..,background,background
oewn-broad__3.00.04..,background,background
oewn-broad__5.00.00.comprehensive.00,background,background
oewn-broad__5.00.00.large.00,background,background
oewn-broadcast__1.10.00..,background,background
oewn-broadcast__1.10.01..,background,background
oewn-broadcast__2.32.01..,background,background
oewn-broadcast__2.35.00..,artifact,artifact
oewn-broadcasting__1.10.01..,artifact,artifact
oewn-broccoli__1.20.00..,artifact,artifact
oewn-broil__1.04.00..,artifact,artifact
oewn-broiled__5.00.00.cooked.00,artifact,artifact
oewn-broken__3.00.01..,background,background
oewn-broken__5.00.00.damaged.00,background,background
oewn-broken__5.00.00.destroyed.00,background,background
oewn-broken__5.00.00.humble.00,background,background
oewn-broken__5.00.00.incomplete.00,background,background
oewn-brokerage__1.14.00..,artifact,artifact
oewn-bromide__1.27.00..,artifact,artifact
oewn-bronchial__3.01.00..,closed,closed
oewn-bronchitis__1.26.00..,artifact,artifact
oewn-bronze__5.00.00.chromatic.00,closed,closed
oewn-bronze__5.00.00.metallic.00,closed,closed
oewn-brooding__5.00.00.thoughtful.00,artifact,artifact
oewn-broom__1.06.00..,closed,closed
oewn-broom__2.35.00..,closed,closed
oewn-broom__2.35.01..,closed,closed
oewn-brother__1.18.00..,artifact,artifact
oewn-brother__1.18.01..,artifact,artifact
oewn-brown__1.07.00..,artifact,artifact
oewn-brown__2.30.00..,artifact,artifact
oewn-brown__2.30.01..,closed,closed
oewn-brown__5.00.00.chromatic.00,artifact,artifact
oewn-browning__1.04.00..,artifact,artifact
oewn-brownish__5.00.00.chromatic.00,artifact,artifact
oewn-browsing__1.10.00..,artifact,artifact
oewn-bruise__2.35.00..,artifact,artifact
oewn-brunet__3.00.00..,artifact,artifact
oewn-brush__1.14.00..,closed,closed
oewn-brush__2.30.00..,closed,closed
oewn-brush__2.35.01..,closed,closed
oewn-brushing__1.04.02..,artifact,artifact
oewn-brushing__1.04.03..,artifact,artifact
oewn-brusque__5.00.00.discourteous.00,artifact,artifact
oewn-buckaroo__1.18.00..,background,background
oewn-bucket__2.35.00..,closed,closed
oewn-bucket__2.35.01..,closed,closed
oewn-buckwheat__1.20.00..,background,background
oewn-buddhist__1.18.00..,artifact,artifact
oewn-budding__1.22.00..,artifact,artifact
oewn-buffalo__1.05.02..,artifact,artifact
oewn-build__1.07.00..,background,background
oewn-build__2.36.00..,background,background
oewn-build__2.36.09..,background,background
oewn-builder__1.27.00..,artifact,artifact
oewn-building__1.06.00..,closed,closed
oewn-built__5.00.00.improved.00,background,background
oewn-bulb__1.06.00..,artifact,artifact
oewn-bulb__1.06.01..,artifact,background
oewn-bulb__1.08.02..,artifact,artifact
oewn-bulb__1.20.00..,artifact,artifact
oewn-bulbous__5.00.00.round.00,artifact,artifact
oewn-bulge__2.30.00..,closed,closed
oewn-bulge__2.38.00..,closed,closed
oewn-bulge__2.42.00..,closed,closed
oewn-bulging__3.00.06..,artifact,artifact
oewn-bulging__5.00.00.protrusive.00,artifact,background
oewn-bulk__1.07.02..,artifact,background
oewn-bulk__2.30.02..,artifact,artifact
oewn-bulky__5.00.00.large.00,closed,closed
oewn-bull__1.05.02..,artifact,artifact
oewn-bulla__1.06.00..,background,background
oewn-bullet__1.06.00..,artifact,background
oewn-bundle__1.14.00..,artifact,artifact
oewn-bunker__2.35.00..,background,background
oewn-bunker__2.40.00..,background,background
oewn-bunsen__1.18.00..,background,background
oewn-buoy__1.10.00..,artifact,artifact
oewn-buoyancy__1.12.00..,artifact,artifact
oewn-burdened__5.00.00.encumbered.00,artifact,artifact
oewn-burdensome__5.00.00.heavy.02,artifact,artifact
oewn-bureau__1.14.00..,artifact,artifact
oewn-burial__1.11.00..,background,background
oewn-buried__3.00.00..,circular,circular
oewn-burn__1.26.00..,closed,closed
oewn-burn__2.30.02..,closed,closed
oewn-burn__2.30.08..,closed,closed
oewn-burn__2.39.04..,closed,closed
oewn-burn__2.43.02..,closed,closed
oewn-burned__5.00.00.treated.00,artifact,artifact
oewn-burner__1.06.00..,artifact,artifact
oewn-burning__1.04.00..,artifact,background
oewn-burning__1.22.00..,artifact,artifact
oewn-burning__1.26.00..,artifact,background
oewn-burning__5.00.00.important.00,artifact,artifact
oewn-burnt__5.00.00.cooked.00,artifact,artifact
oewn-burro__1.05.00..,background,background
oewn-burst__1.04.00..,artifact,background
oewn-burst__1.11.00..,external,external
oewn-burst__2.30.00..,artifact,artifact
oewn-bush__1.18.00..,artifact,artifact
oewn-bush__1.18.02..,artifact,artifact
oewn-bushy__5.00.00.ungroomed.00,artifact,artifact
oewn-business__1.04.00..,background,background
oewn-business__1.04.01..,background,background
oewn-business__1.04.02..,background,background
oewn-business__1.04.03..,background,background
oewn-business__1.14.00..,background,background
oewn-businessman__1.18.00..,artifact,artifact
oewn-businessperson__1.18.00..,artifact,artifact
oewn-bust__1.11.00..,artifact,artifact
oewn-busted__5.00.00.damaged.00,artifact,artifact
oewn-bustle__1.04.00..,artifact,artifact
oewn-busy__2.41.00..,closed,closed
oewn-busy__3.00.00..,closed,closed
oewn-busy__5.00.00.fancy.00,closed,closed
oewn-busy__5.00.00.occupied.00,closed,closed
oewn-butter__1.13.00..,closed,closed
oewn-buttercup__1.20.00..,artifact,artifact
oewn-butterfat__1.27.00..,artifact,artifact
oewn-butterfly__1.05.00..,artifact,artifact
oewn-butterfly__2.35.00..,artifact,artifact
oewn-butterfly__2.38.01..,artifact,artifact
oewn-buttocks__1.08.00..,artifact,circular
oewn-buyer__1.18.00..,closed,closed
oewn-buying__1.04.00..,artifact,background
oewn-buzzing__5.00.00.noisy.00,artifact,artifact
oewn-byzantine__1.18.00..,artifact,artifact
oewn-cabbage__1.13.00..,background,background
oewn-cabbage__1.20.00..,artifact,artifact
oewn-cabinet__1.06.00..,background,background
oewn-cabinetmaker__1.18.00..,artifact,background
oewn-cabinetry__1.04.00..,artifact,artifact
oewn-cabinetwork__1.04.00..,artifact,artifact
oewn-cabinetwork__1.06.00..,artifact,circular
oewn-cacao__1.20.00..,artifact,artifact
oewn-caisson__1.06.03..,artifact,artifact
oewn-cake__1.06.00..,graph_data,graph_data
oewn-calamus__1.05.00..,closed,closed
oewn-calamus__1.20.00..,closed,closed
oewn-calcareous__3.01.00..,graph_data,graph_data
oewn-calcite__1.27.00..,background,background
oewn-calculate__2.31.00..,artifact,artifact
oewn-calculated__5.00.00.intended.00,artifact,artifact
oewn-calculating__5.00.00.hard.02,artifact,artifact
oewn-calculation__1.04.00..,artifact,artifact
oewn-calculator__1.18.00..,artifact,artifact
oewn-calculus__1.09.00..,artifact,artifact
oewn-calculus__1.17.00..,artifact,artifact
oewn-calendar__1.28.00..,artifact,background
oewn-caliber__1.07.00..,artifact,artifact
oewn-calibrated__3.44.00..,artifact,artifact
oewn-calibration__1.04.00..,artifact,artifact
oewn-calisthenic__3.01.00..,background,background
oewn-calisthenics__1.04.00..,artifact,artifact
oewn-call__1.09.00..,artifact,artifact
oewn-call__1.10.03..,background,background
oewn-call__2.32.02..,background,background
oewn-calling__1.04.00..,artifact,artifact
oewn-callus__2.30.00..,closed,closed
oewn-callus__2.30.01..,closed,closed
oewn-calm__1.07.00..,artifact,artifact
oewn-calm__2.30.00..,closed,closed
oewn-calm__2.37.00..,closed,closed
oewn-calm__5.00.00.composed.00,artifact,artifact
oewn-calorie__1.23.01..,graph_data,graph_data
oewn-calvary__1.15.00..,artifact,artifact
oewn-calyx__1.20.00..,background,background
oewn-cambium__1.20.00..,graph_data,graph_data
oewn-camel__1.05.00..,background,background
oewn-camelhair__1.06.00..,background,background
oewn-camera__1.06.00..,artifact,artifact
oewn-campaign__1.04.00..,artifact,artifact
oewn-camphor__1.27.00..,background,background
oewn-canadian__1.18.00..,artifact,artifact
oewn-canal__1.06.00..,artifact,artifact
oewn-canal__1.17.00..,artifact,artifact
oewn-canasta__1.04.00..,artifact,artifact
oewn-cancel__1.10.00..,artifact,artifact
oewn-cancel__2.41.03..,artifact,artifact
oewn-cancellation__1.04.00..,artifact,artifact
oewn-cancelled__3.00.02..,artifact,artifact
oewn-cancer__1.15.00..,artifact,artifact
oewn-cancer__1.17.00..,artifact,artifact
oewn-cancer__1.18.00..,artifact,artifact
oewn-cancer__1.26.00..,artifact,artifact
oewn-candidate__1.18.00..,artifact,artifact
oewn-candidate__1.18.01..,artifact,artifact
oewn-candy__1.13.00..,artifact,artifact
oewn-candytuft__1.20.00..,background,background
oewn-canine__1.05.00..,artifact,artifact
oewn-canker__2.29.00..,background,background
oewn-canker__2.29.01..,background,background
oewn-cannabis__1.06.00..,background,background
oewn-cannabis__1.20.00..,background,background
oewn-cannon__1.05.00..,closed,closed
oewn-cannon__1.06.00..,closed,closed
oewn-cannon__2.33.00..,closed,closed
oewn-cannon__2.33.01..,closed,closed
oewn-canoe__1.06.00..,background,background
oewn-canon__1.10.03..,artifact,artifact
oewn-canonical__5.00.00.orthodox.00,artifact,artifact
oewn-canonization__1.04.00..,artifact,artifact
oewn-canopy__1.06.02..,artifact,artifact
oewn-canvas__1.06.00..,artifact,artifact
oewn-canvas__1.06.02..,artifact,artifact
oewn-canvas__1.06.03..,artifact,artifact
oewn-canvas__1.06.04..,artifact,artifact
oewn-canvas__1.26.00..,artifact,artifact
oewn-capability__1.07.00..,artifact,artifact
oewn-capable__3.00.00..,background,background
oewn-capable__5.00.00.competent.00,background,background
oewn-capable__5.00.00.susceptible.00,background,background
oewn-capacitance__1.19.00..,artifact,artifact
oewn-capacity__1.07.00..,artifact,artifact
oewn-capacity__1.09.00..,artifact,artifact
oewn-capacity__1.19.00..,artifact,artifact
oewn-capillary__1.06.00..,artifact,artifact
oewn-capillary__1.08.00..,artifact,artifact
oewn-capital__1.06.00..,artifact,artifact
oewn-capital__1.14.00..,artifact,artifact
oewn-capital__1.15.00..,artifact,artifact
oewn-capital__1.15.01..,artifact,artifact
oewn-capital__1.21.00..,artifact,artifact
oewn-capitalist__1.18.01..,artifact,artifact
oewn-capped__5.00.00.crowned.02,artifact,artifact
oewn-caprice__1.12.00..,background,background
oewn-capriole__2.38.00..,background,background
oewn-capriole__2.38.01..,background,background
oewn-capsicum__1.20.01..,artifact,artifact
oewn-capsid__1.05.00..,artifact,artifact
oewn-capsule__1.06.02..,closed,closed
oewn-capsule__1.20.00..,artifact,artifact
oewn-captain__1.18.05..,artifact,artifact
oewn-captivity__1.26.02..,background,background
oewn-capture__1.04.00..,artifact,artifact
oewn-capture__1.04.02..,artifact,external
oewn-capture__2.35.00..,artifact,artifact
oewn-capture__2.36.00..,artifact,artifact
oewn-caramel__1.07.00..,artifact,artifact
oewn-caraway__1.20.00..,background,background
oewn-carbon__1.06.00..,background,background
oewn-carbon__1.27.00..,background,background
oewn-carbon__1.27.01..,background,background
oewn-carbonaceous__3.01.00..,artifact,artifact
oewn-carbonate__1.27.00..,artifact,artifact
oewn-carbonated__5.00.00.effervescent.00,graph_data,graph_data
oewn-carboxyl__1.27.00..,artifact,artifact
oewn-carcass__1.05.00..,artifact,artifact
oewn-carcinogenic__3.01.00..,artifact,artifact
oewn-carcinoma__1.26.00..,artifact,artifact
oewn-card__1.06.00..,artifact,artifact
oewn-card__1.06.01..,artifact,artifact
oewn-cardboard__1.27.00..,artifact,artifact
oewn-cardiac__3.01.00..,external,external
oewn-cards__1.04.00..,artifact,artifact
oewn-care__1.04.01..,closed,closed
oewn-care__1.04.02..,closed,closed
oewn-care__2.37.12..,closed,closed
oewn-career__1.04.00..,artifact,artifact
oewn-career__1.04.01..,artifact,artifact
oewn-carefree__5.00.00.untroubled.00,external,external
oewn-careful__3.00.00..,background,background
oewn-careful__5.00.00.mindful.00,background,background
oewn-carefully__4.02.00..,artifact,artifact
oewn-careless__3.00.00..,artifact,artifact
oewn-carelessness__1.07.00..,artifact,artifact
oewn-cargo__1.06.00..,artifact,artifact
oewn-caribou__1.05.00..,background,background
oewn-caring__1.12.01..,artifact,artifact
oewn-carmelite__1.18.00..,closed,closed
oewn-carmelite__3.01.00..,closed,closed
oewn-carnivorous__3.01.00..,background,background
oewn-carnotite__1.27.00..,artifact,artifact
oewn-carob__1.13.00..,background,background
oewn-carob__1.20.00..,background,background
oewn-carpal__1.08.00..,artifact,artifact
oewn-carpet__2.35.01..,closed,closed
oewn-carpet__2.42.00..,closed,closed
oewn-carrageen__1.05.00..,graph_data,graph_data
oewn-carrageenan__1.27.00..,background,background
oewn-carriage__1.06.00..,artifact,artifact
oewn-carriage__1.06.01..,artifact,artifact
oewn-carrot__1.04.00..,background,background
oewn-carrot__1.20.02..,background,background
oewn-carry__1.04.00..,artifact,background
oewn-carry__2.35.02..,artifact,artifact
oewn-carry__2.40.04..,artifact,artifact
oewn-carthusian__1.18.00..,closed,closed
oewn-carthusian__3.01.00..,closed,closed
oewn-cartilage__1.08.00..,artifact,artifact
oewn-cartilaginous__3.01.00..,artifact,artifact
oewn-cartoonist__1.18.00..,closed,closed
oewn-cartridge__1.06.00..,artifact,artifact
oewn-cartridge__1.06.02..,artifact,artifact
oewn-carve__2.35.02..,background,background
oewn-carved__3.00.00..,graph_data,graph_data
oewn-carven__3.00.00..,graph_data,graph_data
oewn-carving__1.06.00..,graph_data,graph_data
oewn-case__1.04.00..,artifact,artifact
oewn-case__1.06.02..,artifact,artifact
oewn-case__1.06.03..,artifact,artifact
oewn-case__1.09.00..,artifact,artifact
oewn-case__1.10.00..,artifact,artifact
oewn-case__1.11.00..,external,external
oewn-case__2.39.00..,artifact,artifact
oewn-casebook__1.10.00..,background,background
oewn-casebook__5.00.00.standard.01,background,background
oewn-cash__1.18.00..,artifact,artifact
oewn-cashmere__1.06.00..,artifact,artifact
oewn-casing__1.06.01..,artifact,artifact
oewn-casing__1.06.02..,graph_data,graph_data
oewn-cassava__1.20.00..,background,background
oewn-cassava__1.20.02..,background,background
oewn-cassava__1.27.00..,background,background
oewn-cassia__1.20.00..,artifact,artifact
oewn-cassia__1.20.01..,artifact,artifact
oewn-cassiterite__1.27.00..,artifact,artifact
oewn-cast__1.14.00..,closed,closed
oewn-cast__2.36.00..,closed,closed
oewn-cast__2.36.02..,closed,closed
oewn-casting__1.06.01..,artifact,artifact
oewn-castor__1.06.02..,artifact,artifact
oewn-castor__1.17.00..,artifact,artifact
oewn-castrated__3.00.00..,artifact,artifact
oewn-casual__5.00.00.unconcerned.00,artifact,artifact
oewn-casual__5.00.02.unplanned.00,artifact,artifact
oewn-casualty__1.11.01..,artifact,artifact
oewn-catalog__2.31.00..,closed,closed
oewn-catalog__2.36.00..,closed,closed
oewn-catalogue__2.31.00..,closed,closed
oewn-catalogue__2.36.00..,closed,closed
oewn-catalyst__1.27.00..,artifact,artifact
oewn-catapult__1.06.00..,background,background
oewn-catatonia__1.26.00..,background,background
oewn-catatonia__1.26.01..,background,background
oewn-catch__1.07.00..,artifact,artifact
oewn-catch__2.31.01..,artifact,artifact
oewn-catch__2.35.01..,artifact,artifact
oewn-catch__2.35.03..,artifact,artifact
oewn-catch__2.35.08..,artifact,artifact
oewn-catch__2.39.01..,artifact,artifact
oewn-catcher__1.04.00..,artifact,artifact
oewn-catcher__1.18.00..,circular,circular
oewn-catching__1.04.00..,artifact,artifact
oewn-catching__1.04.01..,artifact,artifact
oewn-catching__5.00.01.infectious.00,artifact,artifact
oewn-catecholamine__1.27.00..,background,background
oewn-categorically__4.02.00..,artifact,artifact
oewn-category__1.14.00..,artifact,artifact
oewn-caterpillar__1.06.00..,artifact,artifact
oewn-cathartic__1.06.00..,artifact,artifact
oewn-cathedral__1.06.01..,artifact,artifact
oewn-cathode__1.06.00..,artifact,artifact
oewn-catholic__1.18.00..,artifact,artifact
oewn-cation__1.17.00..,artifact,artifact
oewn-cattle__1.05.00..,background,background
oewn-caucasus__1.17.00..,artifact,artifact
oewn-caudal__3.01.00..,artifact,artifact
oewn-cauliflower__1.20.00..,artifact,artifact
oewn-causal__5.00.00.causative.00,background,background
oewn-causally__4.02.00..,external,external
oewn-causation__1.04.00..,artifact,background
oewn-cause__1.03.00..,background,background
oewn-cause__1.04.00..,background,background
oewn-cause__1.04.01..,background,background
oewn-cause__1.10.00..,background,background
oewn-cause__1.11.00..,background,background
oewn-cause__2.32.00..,background,background
oewn-cause__2.36.00..,background,background
oewn-causing__1.04.00..,background,background
oewn-caustic__1.27.00..,artifact,artifact
oewn-caution__1.07.00..,artifact,artifact
oewn-caution__1.09.00..,artifact,background
oewn-cautionary__5.00.00.protective.00,closed,closed
oewn-cautious__1.14.00..,artifact,artifact
oewn-cautious__3.00.00..,artifact,artifact
oewn-cautiously__4.02.00..,artifact,artifact
oewn-cave__1.17.00..,artifact,artifact
oewn-cavity__1.08.00..,closed,closed
oewn-cavity__1.17.00..,closed,closed
oewn-cavity__1.22.00..,closed,closed
oewn-cavity__1.25.00..,closed,closed
oewn-cease__1.28.00..,artifact,artifact
oewn-cease__2.42.00..,artifact,artifact
oewn-cease__2.42.13..,artifact,artifact
oewn-cecum__1.08.00..,background,background
oewn-ceiling__1.06.00..,artifact,artifact
oewn-celebrate__2.41.01..,artifact,artifact
oewn-celebrated__5.00.00.known.00,background,background
oewn-celebration__1.11.00..,artifact,artifact
oewn-celebratory__3.01.00..,closed,closed
oewn-celery__1.20.00..,artifact,artifact
oewn-celestial__3.01.01..,artifact,artifact
oewn-celestite__1.27.00..,artifact,artifact
oewn-celibacy__1.26.00..,external,external
oewn-cell__1.03.00..,artifact,artifact
oewn-cell__1.06.00..,artifact,artifact
oewn-cell__1.06.03..,artifact,artifact
oewn-cell__1.06.04..,artifact,artifact
oewn-cell__1.14.00..,artifact,artifact
oewn-cello__1.06.00..,artifact,artifact
oewn-cellophane__1.06.00..,artifact,artifact
oewn-celluloid__1.27.00..,background,background
oewn-cellulose__1.27.00..,artifact,artifact
oewn-celtic__1.10.00..,artifact,artifact
oewn-cement__1.27.00..,closed,closed
oewn-cement__2.35.00..,closed,closed
oewn-cement__2.35.01..,closed,closed
oewn-cement__2.35.02..,closed,closed
oewn-cenozoic__1.28.00..,artifact,artifact
oewn-censure__1.10.00..,background,background
oewn-censure__2.32.00..,background,background
oewn-centenary__1.28.00..,artifact,artifact
oewn-center__1.15.00..,closed,closed
oewn-center__1.15.01..,closed,closed
oewn-center__1.18.02..,closed,closed
oewn-center__2.31.00..,closed,closed
oewn-center__2.42.00..,closed,closed
oewn-center__3.00.00..,closed,closed
oewn-center__5.00.00.central.01,closed,closed
oewn-centered__5.00.00.central.01,circular,circular
oewn-centigrade__3.01.00..,artifact,artifact
oewn-centimeter__1.23.00..,artifact,artifact
oewn-central__1.06.00..,background,background
oewn-central__3.00.01..,background,background
oewn-central__5.00.00.important.00,background,background
oewn-centralized__3.00.00..,artifact,artifact
oewn-centrally__4.02.00..,artifact,artifact
oewn-centrosome__1.08.00..,artifact,artifact
oewn-century__1.28.00..,background,background
oewn-ceramic__1.06.00..,artifact,artifact
oewn-cereal__1.13.00..,background,background
oewn-cereal__1.13.01..,background,background
oewn-cereal__1.20.00..,background,background
oewn-cerebellum__1.08.00..,artifact,artifact
oewn-cerebral__3.00.00..,artifact,artifact
oewn-cerebrum__1.08.00..,artifact,artifact
oewn-ceremonial__1.11.00..,background,background
oewn-ceremonious__3.01.00..,artifact,artifact
oewn-ceremoniously__4.02.00..,artifact,artifact
oewn-ceremony__1.11.00..,background,background
oewn-ceresin__1.27.00..,background,background
oewn-certain__3.00.01..,closed,closed
oewn-certain__3.00.02..,closed,closed
oewn-certain__3.00.03..,closed,closed
oewn-certain__5.00.00.definite.00,closed,closed
oewn-certain__5.00.00.reliable.00,closed,closed
oewn-certainty__1.09.00..,closed,closed
oewn-certificate__1.10.00..,closed,closed
oewn-certificate__2.32.00..,closed,closed
oewn-certificate__2.40.00..,closed,closed
oewn-certified__3.00.00..,artifact,artifact
oewn-cessation__1.11.00..,artifact,artifact
oewn-ch-ap-in__1.14.00..,artifact,artifact
oewn-chaff__1.27.00..,background,background
oewn-chain__1.06.00..,graph_data,graph_data
oewn-chain__1.06.03..,artifact,artifact
oewn-chain__1.14.00..,artifact,artifact
oewn-chain__1.14.02..,artifact,artifact
oewn-chain__1.17.00..,artifact,artifact
oewn-chain__1.23.00..,artifact,artifact
oewn-chainlike__5.00.00.formed.00,closed,closed
oewn-chains__1.06.00..,artifact,artifact
oewn-chair__1.06.00..,closed,closed
oewn-chalk__1.27.00..,artifact,artifact
oewn-challenge__1.26.00..,artifact,artifact
oewn-challenge__2.32.01..,artifact,artifact
oewn-chamber__1.06.00..,artifact,artifact
oewn-chambered__5.00.00.divided.00,artifact,artifact
oewn-champaign__1.15.00..,background,background
oewn-champion__1.18.01..,artifact,artifact
oewn-championship__1.26.00..,artifact,artifact
oewn-chance__1.26.00..,background,background
oewn-chance__2.41.00..,background,background
oewn-chance__2.41.01..,background,background
oewn-chance__5.00.00.unplanned.00,background,background
oewn-chancel__1.06.00..,graph_data,graph_data
oewn-change__1.06.01..,closed,closed
oewn-change__1.11.00..,closed,closed
oewn-change__1.19.00..,closed,closed
oewn-change__2.30.00..,closed,closed
oewn-change__2.30.01..,closed,closed
oewn-change__2.30.02..,closed,closed
oewn-changed__3.00.00..,closed,closed
oewn-changed__5.00.00.altered.00,artifact,artifact
oewn-changeless__3.00.04..,artifact,artifact
oewn-changing__5.00.00.dynamic.00,background,background
oewn-channel__1.10.00..,background,background
oewn-channel__1.17.00..,background,background
oewn-channels__1.10.00..,background,background
oewn-chant__2.32.00..,artifact,artifact
oewn-chant__2.32.01..,artifact,artifact
oewn-chanted__5.00.00.musical.01,artifact,artifact
oewn-chaos__1.18.00..,artifact,artifact
oewn-chaplain__1.18.00..,artifact,artifact
oewn-character__1.09.00..,background,background
oewn-character__1.10.00..,background,background
oewn-character__1.18.00..,background,background
oewn-character__1.18.02..,background,background
oewn-character__2.35.00..,background,background
oewn-characteristic__1.07.00..,background,background
oewn-characteristic__1.07.01..,background,background
oewn-characteristic__1.09.00..,background,background
oewn-characteristic__1.10.00..,background,background
oewn-characteristic__3.00.00..,background,background
oewn-characteristically__4.02.00..,background,background
oewn-characterize__2.32.00..,artifact,artifact
oewn-charcoal__1.27.00..,artifact,artifact
oewn-charge__1.04.01..,artifact,artifact
oewn-charge__1.10.01..,artifact,artifact
oewn-charge__2.30.00..,artifact,artifact
oewn-charge__2.32.00..,artifact,artifact
oewn-charge__2.32.01..,artifact,artifact
oewn-charge__2.32.02..,artifact,artifact
oewn-charge__2.33.00..,artifact,artifact
oewn-charge__2.35.00..,artifact,artifact
oewn-chargeable__5.00.00.guilty.00,artifact,artifact
oewn-charged__3.00.00..,background,background
oewn-charged__5.00.00.effervescent.00,background,background
oewn-chariot__1.06.00..,closed,closed
oewn-chariot__2.38.00..,closed,closed
oewn-chariot__2.38.01..,closed,closed
oewn-charismatic__5.00.00.attractive.01,artifact,artifact
oewn-charity__1.14.00..,artifact,artifact
oewn-charm__1.07.00..,artifact,artifact
oewn-charm__2.33.00..,background,background
oewn-charter__1.10.00..,artifact,artifact
oewn-chartered__3.00.00..,artifact,artifact
oewn-chase__1.04.00..,artifact,artifact
oewn-chase__2.38.00..,artifact,artifact
oewn-chased__1.18.00..,closed,closed
oewn-chastity__1.04.00..,artifact,artifact
oewn-chauffeur__1.18.00..,artifact,artifact
oewn-chaulmoogra__1.20.00..,background,background
oewn-cheap__3.00.00..,artifact,artifact
oewn-cheat__1.04.01..,artifact,artifact
oewn-cheat__2.41.00..,artifact,artifact
oewn-check__1.21.00..,background,background
oewn-check__2.33.06..,background,background
oewn-check__2.41.08..,background,background
oewn-checker__1.18.01..,artifact,artifact
oewn-checker__2.36.00..,artifact,artifact
oewn-checkerboard__1.06.00..,background,background
oewn-checkmate__1.04.00..,artifact,artifact
oewn-cheddar__1.13.00..,background,background
oewn-cheddar__1.15.00..,background,background
oewn-cheer__2.32.02..,artifact,artifact
oewn-cheerful__3.00.00..,artifact,artifact
oewn-cheerful__5.00.00.optimistic.00,artifact,artifact
oewn-cheerfulness__1.07.00..,artifact,artifact
oewn-cheese__1.13.00..,closed,closed
oewn-cheeselike__5.00.00.soft.01,artifact,artifact
oewn-chemical__1.27.00..,closed,closed
oewn-chemical__3.01.00..,closed,closed
oewn-chemical__3.01.01..,closed,closed
oewn-chemically__4.02.00..,artifact,artifact
oewn-chemically__4.02.01..,closed,closed
oewn-chemist__1.18.00..,artifact,artifact
oewn-chemistry__1.09.00..,artifact,artifact
oewn-chemistry__1.27.00..,artifact,artifact
oewn-cherry__1.20.00..,artifact,artifact
oewn-cherry__1.20.02..,background,background
oewn-cherub__1.18.01..,artifact,artifact
oewn-chess__1.04.00..,background,background
oewn-chess__1.20.00..,background,background
oewn-chest__1.06.00..,closed,closed
oewn-chest__1.08.00..,closed,closed
oewn-chestnut__1.13.00..,background,background
oewn-chestnut__1.20.02..,background,background
oewn-chew__1.13.00..,artifact,external
oewn-chewable__5.00.00.tender.01,artifact,background
oewn-chewing__1.04.00..,artifact,artifact
oewn-chicken__1.05.01..,artifact,artifact
oewn-chicken__1.13.00..,background,background
oewn-chickenpox__1.26.00..,background,background
oewn-chicle__1.27.00..,artifact,artifact
oewn-chief__1.18.00..,artifact,artifact
oewn-chiefly__4.02.00..,artifact,background
oewn-child__1.18.00..,artifact,background
oewn-childbirth__1.22.00..,artifact,artifact
oewn-childhood__1.28.00..,artifact,external
oewn-chili__1.13.00..,background,background
oewn-chili__1.13.01..,background,background
oewn-chimera__1.18.00..,graph_data,graph_data
oewn-chimney__1.06.00..,graph_data,graph_data
oewn-chin__1.08.00..,artifact,artifact
oewn-china__1.06.00..,artifact,artifact
oewn-china__1.06.01..,artifact,artifact
oewn-chinchona__1.20.00..,background,background
oewn-chinese__1.10.00..,artifact,artifact
oewn-chip__1.06.00..,background,background
oewn-chipping__1.04.00..,artifact,background
oewn-chips__1.13.01..,artifact,artifact
oewn-chisel__1.06.00..,artifact,artifact
oewn-chitin__1.27.00..,artifact,artifact
oewn-chitinous__3.01.00..,artifact,artifact
oewn-chivalry__1.07.00..,background,background
oewn-chivalry__1.09.00..,background,background
oewn-chive__1.20.00..,artifact,artifact
oewn-chocolate__1.13.00..,artifact,artifact
oewn-chocolate__1.13.02..,graph_data,graph_data
oewn-choice__1.04.00..,background,background
oewn-choice__1.09.00..,background,background
oewn-choice__1.09.02..,background,background
oewn-choice__5.00.00.superior.02,background,background
oewn-choir__1.06.00..,artifact,artifact
oewn-choir__1.14.00..,artifact,artifact
oewn-chon__1.23.01..,background,background
oewn-chon__1.23.02..,background,background
oewn-choose__2.31.00..,artifact,artifact
oewn-choose__2.31.02..,artifact,artifact
oewn-chop__1.19.00..,artifact,artifact
oewn-chop__2.35.01..,artifact,background
oewn-choroid__1.08.00..,artifact,artifact
oewn-chorus__1.10.00..,artifact,artifact
oewn-chosen__1.15.00..,artifact,artifact
oewn-chosen__1.18.00..,artifact,artifact
oewn-christ__1.18.00..,artifact,artifact
oewn-christening__1.04.00..,background,background
oewn-christian__1.18.00..,artifact,artifact
oewn-chromatic__3.00.00..,artifact,artifact
oewn-chromatic__3.01.00..,artifact,artifact
oewn-chromatically__4.02.00..,artifact,artifact
oewn-chromatography__1.22.00..,artifact,artifact
oewn-chromosomal__3.01.00..,artifact,artifact
oewn-chronic__3.00.00..,artifact,artifact
oewn-chronically__4.02.01..,artifact,artifact
oewn-chrysanthemum__1.20.00..,background,background
oewn-church__1.04.00..,artifact,artifact
oewn-church__1.14.00..,artifact,artifact
oewn-church__1.14.01..,artifact,artifact
oewn-church__2.38.00..,artifact,artifact
oewn-churidars__1.06.00..,background,background
oewn-churning__5.00.02.agitated.02,artifact,artifact
oewn-chyle__1.08.00..,artifact,artifact
oewn-ciao__1.10.00..,graph_data,graph_data
oewn-cider__1.13.00..,artifact,artifact
oewn-cigarette__1.06.00..,artifact,artifact
oewn-cinchona__1.20.00..,background,background
oewn-cinchona__1.20.01..,background,background
oewn-cinema__1.06.00..,artifact,artifact
oewn-cinema__1.10.00..,artifact,artifact
oewn-cinnamon__1.13.00..,graph_data,graph_data
oewn-cinnamon__1.20.00..,graph_data,graph_data
oewn-circle__1.06.00..,artifact,artifact
oewn-circle__1.25.00..,artifact,artifact
oewn-circlet__1.06.00..,artifact,artifact
oewn-circuit__1.06.00..,closed,closed
oewn-circuit__2.38.00..,closed,closed
oewn-circular__1.10.00..,background,background
oewn-circularly__4.02.00..,background,background
oewn-circulate__2.32.01..,background,background
oewn-circulate__2.38.01..,artifact,artifact
oewn-circulating__5.00.00.current.00,artifact,artifact
oewn-circulation__1.10.00..,artifact,artifact
oewn-circulation__1.11.00..,artifact,artifact
oewn-circumference__1.07.01..,artifact,artifact
oewn-circumscribed__5.00.00.restricted.00,artifact,artifact
oewn-circumstance__1.26.01..,artifact,artifact
oewn-circumstance__1.26.02..,artifact,background
oewn-circumstances__1.21.00..,background,background
oewn-circumstances__1.26.02..,background,background
oewn-circus__1.05.00..,closed,closed
oewn-citizen__1.18.00..,artifact,artifact
oewn-citrus__1.13.00..,background,background
oewn-citrus__1.20.00..,background,background
oewn-city__1.14.00..,closed,closed
oewn-city__1.15.00..,closed,closed
oewn-civil__5.00.00.civilian.00,artifact,artifact
oewn-civilian__1.18.00..,artifact,artifact
oewn-civility__1.07.00..,artifact,artifact
oewn-civilization__1.14.00..,artifact,artifact
oewn-civilization__1.22.00..,artifact,artifact
oewn-claim__1.10.00..,background,background
oewn-claim__2.32.00..,background,background
oewn-claim__2.32.02..,background,background
oewn-claim__2.40.00..,background,background
oewn-clamatorial__3.01.00..,background,background
oewn-clan__1.14.00..,background,background
oewn-clapper__1.06.00..,artifact,artifact
oewn-clapping__1.10.00..,artifact,artifact
oewn-clarify__2.32.00..,artifact,background
oewn-clarifying__5.00.00.instructive.00,closed,closed
oewn-clarinet__1.06.00..,background,background
oewn-clarion__2.32.00..,background,background
oewn-clarion__2.36.00..,background,background
oewn-clarity__1.07.01..,artifact,artifact
oewn-clash__1.11.00..,artifact,artifact
oewn-classic__1.06.00..,artifact,artifact
oewn-classical__1.10.00..,artifact,artifact
oewn-classical__3.01.00..,artifact,artifact
oewn-classification__1.04.00..,artifact,background
oewn-classification__1.04.01..,artifact,artifact
oewn-classified__1.10.00..,artifact,artifact
oewn-classify__2.31.00..,artifact,artifact
oewn-clause__1.10.00..,artifact,artifact
oewn-clavicle__1.08.00..,artifact,artifact
oewn-clay__1.18.01..,artifact,artifact
oewn-clay__1.27.00..,artifact,artifact
oewn-clay__1.27.02..,artifact,artifact
oewn-clean__1.04.00..,closed,closed
oewn-clean__2.35.00..,closed,closed
oewn-clean__4.02.04..,closed,closed
oewn-clean__5.00.00.adroit.00,closed,closed
oewn-clean__5.00.00.unqualified.02,closed,closed
oewn-cleaning__1.04.00..,artifact,background
oewn-cleanliness__1.26.00..,artifact,artifact
oewn-cleansing__1.04.00..,artifact,background
oewn-clear__1.15.00..,closed,closed
oewn-clear__1.26.00..,closed,closed
oewn-clear__2.30.02..,closed,closed
oewn-clear__2.40.00..,closed,closed
oewn-clear__3.00.00..,closed,closed
oewn-clear__4.02.03..,closed,closed
oewn-clear__5.00.00.clearheaded.00,closed,closed
oewn-clear__5.00.01.pure.02,closed,closed
oewn-clearance__1.07.00..,background,background
oewn-cleared__3.00.00..,artifact,artifact
oewn-clearing__1.15.00..,artifact,artifact
oewn-clearly__4.02.00..,artifact,artifact
oewn-clearly__4.02.02..,artifact,artifact
oewn-cleavable__5.00.00.divisible.00,background,background
oewn-cleavage__1.22.00..,artifact,artifact
oewn-cleavage__1.26.00..,graph_data,graph_data
oewn-cleavers__1.20.00..,artifact,artifact
oewn-cleft__1.25.00..,graph_data,graph_data
oewn-cleft__5.00.00.compound.00,artifact,artifact
oewn-clenched__5.00.00.tight.01,external,external
oewn-clergy__1.14.00..,background,background
oewn-clergyman__1.18.00..,artifact,artifact
oewn-clerical__3.01.01..,closed,closed
oewn-clever__5.00.00.smart.00,artifact,artifact
oewn-cleverly__4.02.00..,artifact,artifact
oewn-click__1.11.00..,artifact,artifact
oewn-client__1.18.00..,artifact,artifact
oewn-client__1.18.01..,background,background
oewn-cliff__1.17.00..,artifact,artifact
oewn-climb__1.17.00..,artifact,artifact
oewn-climb__2.38.00..,artifact,artifact
oewn-climber__1.20.00..,artifact,artifact
oewn-climbing__1.11.00..,artifact,artifact
oewn-cling__1.13.00..,artifact,artifact
oewn-clinker__2.30.00..,background,background
oewn-clinker__2.30.01..,background,background
oewn-clipped__5.00.00.trimmed.00,artifact,artifact
oewn-clipping__1.10.00..,artifact,artifact
oewn-clique__1.14.00..,artifact,artifact
oewn-cloak__1.06.01..,closed,closed
oewn-clock__1.06.00..,artifact,artifact
oewn-clockwise__3.00.00..,artifact,artifact
oewn-clogged__5.00.00.thick.02,closed,closed
oewn-clogging__5.00.00.preventive.00,artifact,artifact
oewn-cloister__1.06.00..,background,background
oewn-cloister__2.35.00..,background,background
oewn-cloister__2.42.00..,background,background
oewn-clone__1.14.00..,artifact,artifact
oewn-close__1.28.00..,artifact,background
oewn-close__2.35.00..,artifact,background
oewn-close__3.00.01..,artifact,background
oewn-close__4.02.01..,artifact,background
oewn-close__5.00.00.careful.00,artifact,background
oewn-close__5.00.00.uncommunicative.00,artifact,background
oewn-closed__3.00.01..,background,background
oewn-closed__3.00.02..,background,background
oewn-closed__3.00.03..,background,background
oewn-closed__5.00.00.union.00,background,background
oewn-closely__4.02.00..,artifact,artifact
oewn-closer__1.18.01..,closed,closed
oewn-closer__4.02.00..,artifact,artifact
oewn-closest__4.02.00..,artifact,artifact
oewn-closing__1.04.01..,artifact,background
oewn-closing__1.10.00..,artifact,artifact
oewn-clot__1.08.00..,artifact,artifact
oewn-cloth__1.06.00..,closed,closed
oewn-clothe__2.35.00..,artifact,artifact
oewn-clothed__5.00.00.covered.00,artifact,artifact
oewn-clothes__1.06.00..,artifact,artifact
oewn-clothing__1.06.00..,artifact,artifact
oewn-clotting__1.22.00..,artifact,artifact
oewn-cloud__1.17.00..,artifact,artifact
oewn-cloud__1.19.01..,artifact,artifact
oewn-cloud__2.43.00..,artifact,artifact
oewn-clouding__1.22.00..,artifact,artifact
oewn-cloudy__5.00.00.indistinct.00,artifact,artifact
oewn-clover__1.20.00..,external,external
oewn-club__1.14.01..,artifact,artifact
oewn-club__2.35.00..,artifact,artifact
oewn-club__2.41.10..,artifact,artifact
oewn-clue__1.10.00..,artifact,artifact
oewn-clump__1.14.00..,background,background
oewn-clumsiness__1.09.01..,artifact,artifact
oewn-cluster__1.14.00..,background,background
oewn-cluster__2.35.00..,background,background
oewn-cluster__2.38.00..,background,background
oewn-clustered__5.00.00.gregarious.01,artifact,artifact
oewn-cluttered__5.00.00.untidy.00,artifact,artifact
oewn-coach__2.32.00..,background,background
oewn-coach__2.38.00..,background,background
oewn-coagulable__5.00.00.thick.02,background,background
oewn-coagulate__2.30.00..,closed,closed
oewn-coagulated__5.00.00.thick.02,artifact,artifact
oewn-coal__1.27.00..,artifact,artifact
oewn-coalesced__5.00.00.united.00,closed,closed
oewn-coarse__3.00.00..,artifact,artifact
oewn-coarse__5.00.00.inferior.02,artifact,artifact
oewn-coarsely__4.02.00..,artifact,artifact
oewn-coast__1.09.00..,background,background
oewn-coast__1.17.00..,artifact,artifact
oewn-coastal__3.00.00..,artifact,artifact
oewn-coastal__3.01.00..,artifact,artifact
oewn-coastline__1.15.00..,artifact,artifact
oewn-coat__1.06.00..,closed,closed
oewn-coat__1.06.01..,closed,closed
oewn-coat__2.29.00..,closed,closed
oewn-coat__2.35.00..,closed,closed
oewn-coated__3.00.00..,artifact,artifact
oewn-coating__1.06.00..,background,background
oewn-coating__1.07.00..,artifact,artifact
oewn-cobwebby__5.00.00.thin.01,artifact,artifact
oewn-coccyx__1.08.00..,artifact,artifact
oewn-cochlea__1.08.00..,background,background
oewn-cockpit__1.06.00..,artifact,artifact
oewn-cocoa__1.13.01..,artifact,artifact
oewn-cocoon__2.35.00..,background,background
oewn-cocoon__2.38.00..,background,background
oewn-code__1.10.01..,artifact,artifact
oewn-code__1.10.02..,artifact,artifact
oewn-code__1.10.03..,artifact,artifact
oewn-code__2.32.00..,artifact,artifact
oewn-code__2.35.00..,artifact,artifact
oewn-coefficient__1.23.00..,artifact,artifact
oewn-coerce__2.41.00..,artifact,artifact
oewn-coercion__1.04.01..,artifact,artifact
oewn-coextensive__5.00.00.commensurate.00,artifact,artifact
oewn-coffee__1.13.00..,closed,closed
oewn-coffee__1.20.00..,closed,closed
oewn-cognitive__3.01.00..,background,background
oewn-cognitively__4.02.00..,background,background
oewn-cognizant__3.00.00..,artifact,artifact
oewn-coherence__1.26.00..,background,background
oewn-coherent__3.00.00..,artifact,artifact
oewn-coherent__5.00.00.rational.00,artifact,artifact
oewn-cohesion__1.22.00..,artifact,artifact
oewn-cohesion__1.26.00..,background,background
oewn-cohesive__5.00.00.adhesive.00,artifact,artifact
oewn-cohesiveness__1.26.00..,background,background
oewn-coil__1.06.00..,background,background
oewn-coil__1.06.01..,background,background
oewn-coil__1.06.04..,background,background
oewn-coil__1.25.00..,background,background
oewn-coil__2.35.00..,background,background
oewn-coiled__3.00.00..,artifact,artifact
oewn-coiling__5.00.00.coiled.00,background,background
oewn-coin__1.21.02..,artifact,artifact
oewn-coin__2.36.01..,artifact,artifact
oewn-coke__1.27.00..,artifact,artifact
oewn-cold__1.07.00..,background,background
oewn-cold__1.26.00..,artifact,artifact
oewn-cold__3.00.01..,artifact,artifact
oewn-cold__3.00.02..,artifact,artifact
oewn-cold__5.00.00.intense.00,artifact,artifact
oewn-cold__5.00.00.stale.00,artifact,artifact
oewn-coldness__1.09.00..,artifact,artifact
oewn-colitis__1.26.00..,artifact,artifact
oewn-collaboration__1.04.01..,background,background
oewn-collagen__1.08.00..,graph_data,graph_data
oewn-collapse__1.26.01..,artifact,artifact
oewn-collapsible__3.00.00..,background,background
oewn-collar__1.06.00..,artifact,artifact
oewn-collar__1.06.05..,circular,circular
oewn-collarbone__1.08.00..,artifact,artifact
oewn-collarless__3.01.00..,artifact,artifact
oewn-collect__1.10.00..,artifact,artifact
oewn-collect__2.40.00..,closed,closed
oewn-collected__3.44.00..,closed,closed
oewn-collecting__1.04.00..,artifact,background
oewn-collection__1.10.00..,background,background
oewn-collection__1.14.00..,background,background
oewn-collective__1.14.00..,artifact,artifact
oewn-collectively__4.02.00..,artifact,artifact
oewn-college__1.14.00..,closed,closed
oewn-college__1.14.01..,closed,closed
oewn-colloid__1.27.00..,artifact,artifact
oewn-colloidal__3.01.00..,artifact,artifact
oewn-colloquial__5.00.01.informal.02,artifact,artifact
oewn-colloquially__4.02.00..,artifact,artifact
oewn-colon__1.08.00..,artifact,artifact
oewn-colonel__1.18.00..,background,background
oewn-colonial__1.18.00..,artifact,artifact
oewn-colonization__1.04.00..,artifact,external
oewn-colonized__5.00.00.inhabited.00,closed,closed
oewn-colony__1.14.00..,artifact,artifact
oewn-color__1.07.00..,closed,closed
oewn-color__1.07.01..,closed,closed
oewn-color__1.07.02..,closed,closed
oewn-color__1.07.03..,closed,closed
oewn-color__1.07.04..,closed,closed
oewn-color__1.09.01..,closed,closed
oewn-color__1.27.00..,closed,closed
oewn-color__2.30.00..,closed,closed
oewn-color__2.32.00..,closed,closed
oewn-color__3.00.00..,closed,closed
oewn-colored__1.18.00..,artifact,artifact
oewn-colorful__3.00.00..,artifact,artifact
oewn-coloring__1.13.00..,artifact,artifact
oewn-colorless__3.00.03..,background,background
oewn-colors__1.06.00..,background,background
oewn-colour__2.41.02..,closed,closed
oewn-columbium__1.27.00..,background,background
oewn-columbo__1.20.00..,background,background
oewn-column__1.06.00..,closed,closed
oewn-column__1.06.02..,closed,closed
oewn-column__1.14.00..,closed,closed
oewn-column__1.25.02..,closed,closed
oewn-columnar__5.00.02.columned.00,closed,closed
oewn-coma__1.17.00..,background,background
oewn-comb__1.06.00..,artifact,artifact
oewn-combat__1.04.00..,artifact,artifact
oewn-combatant__1.18.00..,artifact,artifact
oewn-combed__3.00.00..,artifact,artifact
oewn-combination__1.04.00..,artifact,artifact
oewn-combination__1.04.01..,artifact,artifact
oewn-combination__1.14.00..,artifact,artifact
oewn-combination__1.14.03..,artifact,artifact
oewn-combine__1.06.00..,artifact,artifact
oewn-combine__2.35.01..,artifact,external
oewn-combine__2.41.00..,artifact,artifact
oewn-combine__2.42.00..,artifact,artifact
oewn-combined__3.00.00..,artifact,artifact
oewn-combining__1.04.00..,background,background
oewn-combining__1.11.00..,background,background
oewn-combust__2.43.00..,artifact,artifact
oewn-combust__2.43.02..,background,background
oewn-combustible__1.27.00..,artifact,artifact
oewn-combustion__1.22.00..,artifact,artifact
oewn-come__1.08.00..,closed,closed
oewn-come__2.30.01..,closed,closed
oewn-come__2.38.00..,closed,closed
oewn-come__2.38.04..,closed,closed
oewn-come__2.42.02..,closed,closed
oewn-come__2.42.04..,closed,closed
oewn-comedian__1.18.00..,artifact,artifact
oewn-comedian__1.18.01..,artifact,artifact
oewn-comedy__1.10.00..,artifact,artifact
oewn-comfort__1.26.00..,artifact,artifact
oewn-comfort__2.37.01..,artifact,artifact
oewn-comfortable__3.00.00..,artifact,artifact
oewn-comfortable__5.00.00.wide.02,artifact,artifact
oewn-comfortably__4.02.00..,artifact,artifact
oewn-comfy__3.00.00..,artifact,artifact
oewn-coming__1.04.01..,artifact,artifact
oewn-coming__1.04.02..,artifact,artifact
oewn-coming__1.07.00..,artifact,artifact
oewn-coming__5.00.01.future.00,artifact,artifact
oewn-command__1.10.00..,artifact,artifact
oewn-command__1.10.01..,artifact,artifact
oewn-command__1.14.00..,artifact,artifact
oewn-command__1.26.00..,artifact,artifact
oewn-command__2.32.00..,artifact,artifact
oewn-command__2.32.01..,closed,closed
oewn-commander__1.18.00..,background,background
oewn-commander__1.18.01..,background,background
oewn-commanding__5.00.00.high.01,circular,circular
oewn-commemorate__2.31.02..,artifact,artifact
oewn-commemorating__3.01.00..,external,external
oewn-commemoration__1.11.00..,external,external
oewn-commencement__1.28.00..,artifact,artifact
oewn-commendation__1.10.01..,background,background
oewn-comment__1.10.00..,artifact,artifact
oewn-comment__2.32.00..,artifact,background
oewn-comment__2.32.10..,artifact,external
oewn-commerce__1.04.00..,artifact,artifact
oewn-commercial__1.10.00..,artifact,artifact
oewn-commercial__5.00.00.inferior.02,artifact,artifact
oewn-commercially__4.02.00..,artifact,artifact
oewn-commission__1.10.00..,artifact,artifact
oewn-commissioned__3.00.00..,artifact,artifact
oewn-commitment__1.04.00..,artifact,external
oewn-commitment__1.07.01..,artifact,artifact
oewn-committed__3.00.00..,background,background
oewn-committee__1.14.00..,background,background
oewn-commodity__1.06.00..,artifact,artifact
oewn-common__1.15.00..,artifact,artifact
oewn-common__3.00.01..,artifact,artifact
oewn-common__3.00.02..,artifact,artifact
oewn-common__5.00.00.familiar.02,artifact,artifact
oewn-common__5.00.00.shared.00,artifact,artifact
oewn-commonly__4.02.00..,background,background
oewn-commonwealth__1.15.00..,closed,closed
oewn-commotion__1.26.00..,background,background
oewn-communal__5.00.00.common.02,background,background
oewn-communicable__5.00.00.infectious.00,artifact,artifact
oewn-communicate__2.32.01..,artifact,artifact
oewn-communicating__1.10.00..,background,background
oewn-communication__1.10.01..,background,background
oewn-communication__1.24.00..,background,background
oewn-communion__1.04.01..,artifact,artifact
oewn-communism__1.14.00..,artifact,artifact
oewn-communist__1.18.00..,artifact,artifact
oewn-community__1.14.00..,background,background
oewn-community__1.14.02..,background,background
oewn-community__1.14.03..,background,background
oewn-compact__1.06.00..,artifact,artifact
oewn-compact__2.35.03..,artifact,artifact
oewn-compact__2.35.09..,artifact,artifact
oewn-compact__5.00.00.short.03,artifact,artifact
oewn-company__1.14.01..,background,background
oewn-comparable__3.00.00..,artifact,external
oewn-comparative__1.10.00..,artifact,artifact
oewn-comparative__3.01.00..,artifact,artifact
oewn-comparatively__4.02.00..,artifact,external
oewn-compare__1.07.00..,artifact,external
oewn-comparison__1.04.00..,artifact,background
oewn-comparison__1.24.00..,artifact,artifact
oewn-compartment__1.06.01..,background,background
oewn-compartmental__5.00.00.compartmented.00,artifact,artifact
oewn-compass__1.06.00..,artifact,artifact
oewn-compassion__1.07.00..,artifact,artifact
oewn-compassion__1.12.00..,artifact,artifact
oewn-compassionate__2.37.00..,artifact,artifact
oewn-compatibility__1.12.00..,artifact,artifact
oewn-compatible__3.00.01..,artifact,artifact
oewn-compel__2.41.00..,artifact,artifact
oewn-compelling__5.00.00.powerful.00,artifact,artifact
oewn-compensation__1.21.00..,background,background
oewn-compete__2.33.00..,artifact,background
oewn-competence__1.07.00..,artifact,artifact
oewn-competent__3.00.00..,artifact,artifact
oewn-competition__1.11.00..,background,background
oewn-competition__1.24.01..,background,background
oewn-competitive__3.00.00..,artifact,artifact
oewn-competitiveness__1.07.00..,artifact,artifact
oewn-competitor__1.18.00..,artifact,artifact
oewn-compilation__1.10.00..,artifact,artifact
oewn-compile__2.40.00..,closed,closed
oewn-complain__2.32.00..,artifact,artifact
oewn-complaining__3.00.00..,artifact,artifact
oewn-complaint__1.10.02..,artifact,artifact
oewn-complaint__1.26.00..,artifact,artifact
oewn-complement__1.10.00..,artifact,artifact
oewn-complement__1.14.00..,artifact,artifact
oewn-complementary__1.07.00..,artifact,artifact
oewn-complementary__5.00.00.antonymous.00,artifact,artifact
oewn-complete__2.30.02..,artifact,artifact
oewn-complete__2.32.00..,artifact,artifact
oewn-complete__2.41.00..,artifact,artifact
oewn-complete__3.00.00..,artifact,artifact
oewn-complete__5.00.00.finished.01,artifact,artifact
oewn-complete__5.00.00.perfect.00,artifact,artifact
oewn-complete__5.00.00.skilled.00,artifact,artifact
oewn-completed__5.00.00.complete.00,background,background
oewn-completed__5.00.00.consummated.00,background,background
oewn-completely__4.02.03..,artifact,artifact
oewn-completely__4.02.04..,artifact,artifact
oewn-completeness__1.26.00..,artifact,artifact
oewn-completing__5.00.00.additive.00,artifact,artifact
oewn-completion__1.04.02..,background,background
oewn-complex__1.09.00..,background,background
oewn-complex__1.12.00..,background,background
oewn-complex__1.27.00..,background,background
oewn-complex__3.00.00..,background,background
oewn-complex__5.00.01.complex.00,background,background
oewn-complexion__1.07.00..,artifact,artifact
oewn-complexity__1.07.00..,background,background
oewn-complexly__4.02.00..,background,background
oewn-compliance__1.04.02..,artifact,artifact
oewn-compliant__3.00.00..,artifact,external
oewn-complicated__5.00.00.complex.00,background,background
oewn-compliment__2.32.00..,artifact,artifact
oewn-comply__2.41.00..,artifact,background
oewn-comport__2.29.01..,background,background
oewn-comport__2.41.00..,background,background
oewn-compose__2.36.09..,artifact,artifact
oewn-compose__2.42.00..,artifact,artifact
oewn-composed__3.00.00..,background,background
oewn-composite__1.09.00..,artifact,artifact
oewn-composite__1.20.00..,artifact,artifact
oewn-composition__1.06.00..,artifact,artifact
oewn-composition__1.07.01..,background,background
oewn-composition__1.07.02..,artifact,artifact
oewn-composition__1.10.01..,artifact,artifact
oewn-composition__1.10.02..,artifact,artifact
oewn-compositor__1.18.00..,artifact,artifact
oewn-compound__1.09.00..,artifact,artifact
oewn-compound__1.10.01..,artifact,artifact
oewn-compound__1.27.00..,artifact,artifact
oewn-comprehend__2.31.00..,closed,closed
oewn-comprehended__5.00.00.understood.00,background,background
oewn-comprehensibility__1.07.00..,artifact,artifact
oewn-comprehensible__3.00.00..,background,background
oewn-comprehension__1.09.00..,background,background
oewn-comprehensive__1.10.00..,artifact,artifact
oewn-comprehensively__4.02.00..,artifact,artifact
oewn-compress__1.06.00..,artifact,artifact
oewn-compress__2.35.01..,artifact,artifact
oewn-compressed__5.00.00.closed.03,artifact,artifact
oewn-compressed__5.00.00.thin.01,artifact,artifact
oewn-compressibility__1.07.00..,artifact,artifact
oewn-compression__1.11.02..,artifact,artifact
oewn-comprise__2.42.01..,background,background
oewn-comprise__2.42.03..,artifact,artifact
oewn-compulsion__1.16.01..,artifact,artifact
oewn-compulsive__1.18.00..,artifact,background
oewn-compulsive__5.00.00.neurotic.00,artifact,artifact
oewn-compulsively__4.02.00..,artifact,background
oewn-compulsory__5.00.00.obligatory.00,artifact,artifact
oewn-compunction__1.12.00..,artifact,artifact
oewn-computable__5.00.00.calculable.00,artifact,background
oewn-computation__1.04.00..,artifact,artifact
oewn-computer__1.06.00..,background,background
oewn-computing__1.09.00..,artifact,artifact
oewn-concave__3.00.00..,artifact,artifact
oewn-concavity__1.25.00..,artifact,artifact
oewn-conceal__2.39.01..,artifact,artifact
oewn-concealed__5.00.00.invisible.00,external,external
oewn-concealing__1.04.00..,artifact,artifact
oewn-concealment__1.26.00..,external,external
oewn-conceding__1.10.00..,background,background
oewn-conceive__2.36.00..,closed,closed
oewn-concentrated__3.00.00..,background,background
oewn-concentrated__3.00.02..,artifact,artifact
oewn-concentration__1.07.02..,artifact,artifact
oewn-concentration__1.09.00..,artifact,artifact
oewn-concentration__1.11.00..,artifact,artifact
oewn-concentric__3.00.00..,artifact,artifact
oewn-concept__1.09.00..,artifact,artifact
oewn-conception__1.04.01..,artifact,artifact
oewn-conception__1.09.00..,artifact,artifact
oewn-conceptual__5.00.00.abstract.00,artifact,artifact
oewn-concern__1.09.00..,closed,closed
oewn-concern__1.09.01..,background,background
oewn-concern__1.12.01..,artifact,artifact
oewn-concern__2.42.01..,closed,closed
oewn-concerned__3.00.00..,artifact,artifact
oewn-concerned__5.00.00.involved.00,artifact,artifact
oewn-concert__1.10.00..,artifact,artifact
oewn-concert__2.36.00..,artifact,artifact
oewn-concession__1.10.00..,artifact,artifact
oewn-concise__3.00.00..,artifact,artifact
oewn-concluding__5.00.00.closing.00,artifact,artifact
oewn-conclusion__1.09.00..,background,background
oewn-conclusion__1.10.01..,background,background
oewn-conclusive__3.00.00..,artifact,artifact
oewn-conclusively__4.02.00..,artifact,artifact
oewn-concord__1.15.00..,artifact,artifact
oewn-concrete__1.27.00..,artifact,artifact
oewn-concrete__2.35.00..,closed,closed
oewn-concrete__3.00.00..,artifact,artifact
oewn-concretion__1.17.00..,background,background
oewn-concretion__1.22.00..,background,background
oewn-concurrence__1.10.00..,artifact,artifact
oewn-concurrent__5.00.00.synchronous.00,artifact,artifact
oewn-condemn__2.32.00..,artifact,artifact
oewn-condensation__1.09.00..,artifact,artifact
oewn-condensation__1.19.00..,artifact,artifact
oewn-condensation__1.22.00..,artifact,artifact
oewn-condensing__1.04.00..,artifact,artifact
oewn-condescension__1.07.00..,background,background
oewn-condiment__1.13.00..,background,background
oewn-condition__1.09.00..,background,background
oewn-condition__1.26.00..,background,background
oewn-condition__1.26.02..,background,background
oewn-condition__1.26.05..,background,background
oewn-condition__2.29.00..,background,background
oewn-condition__2.32.00..,background,background
oewn-condition__2.41.01..,background,background
oewn-conditional__5.00.00.qualified.02,background,background
oewn-conditioned__3.00.00..,artifact,artifact
oewn-conditioner__1.06.00..,artifact,artifact
oewn-conditioning__1.09.00..,artifact,artifact
oewn-conditions__1.19.00..,background,background
oewn-conditions__1.26.03..,background,background
oewn-conditions__1.26.04..,background,background
oewn-conducive__5.00.00.causative.00,artifact,artifact
oewn-conduct__1.04.00..,background,background
oewn-conduct__2.29.05..,background,background
oewn-conduct__2.41.00..,background,background
oewn-conducting__1.04.00..,background,background
oewn-conducting__1.04.01..,artifact,artifact
oewn-conduction__1.19.00..,artifact,external
oewn-conductivity__1.19.00..,artifact,external
oewn-conductor__1.18.00..,closed,closed
oewn-conduit__1.06.00..,artifact,artifact
oewn-cone__1.06.00..,background,background
oewn-cone__1.25.00..,artifact,artifact
oewn-conelike__3.01.00..,external,external
oewn-confectionery__1.13.00..,artifact,artifact
oewn-confederacy__1.14.00..,artifact,artifact
oewn-confederacy__1.15.00..,background,background
oewn-confederate__1.18.01..,artifact,artifact
oewn-confederation__1.04.00..,artifact,background
oewn-confederation__1.26.00..,artifact,artifact
oewn-conference__1.14.00..,background,background
oewn-confession__1.04.00..,background,background
oewn-confession__1.10.01..,background,background
oewn-confessor__1.18.00..,artifact,artifact
oewn-confide__2.32.00..,artifact,artifact
oewn-confidence__1.09.00..,background,background
oewn-confidence__1.10.00..,closed,closed
oewn-confidence__1.26.02..,artifact,artifact
oewn-confident__3.00.00..,artifact,artifact
oewn-confidential__5.00.00.private.00,artifact,artifact
oewn-confidentially__4.02.01..,artifact,artifact
oewn-confidently__4.02.00..,artifact,artifact
oewn-configuration__1.09.00..,artifact,artifact
oewn-confine__2.30.00..,artifact,artifact
oewn-confined__3.00.01..,background,background
oewn-confined__5.00.00.unfree.00,background,background
oewn-confinement__1.26.01..,artifact,artifact
oewn-confining__5.00.00.restrictive.00,artifact,artifact
oewn-confirm__2.31.00..,artifact,artifact
oewn-confirmation__1.09.00..,artifact,artifact
oewn-confirmed__3.00.00..,artifact,artifact
oewn-confirmed__5.00.00.unchangeable.00,artifact,artifact
oewn-conflict__1.04.00..,artifact,artifact
oewn-conflict__1.10.00..,artifact,artifact
oewn-conflict__1.24.00..,artifact,artifact
oewn-conflict__1.26.00..,artifact,artifact
oewn-conflict__2.41.11..,artifact,artifact
oewn-conflict__2.42.00..,closed,closed
oewn-conflicting__5.00.00.inconsistent.00,artifact,artifact
oewn-conform__2.30.01..,artifact,artifact
oewn-conform__2.42.06..,closed,closed
oewn-conformable__5.00.00.obedient.00,artifact,artifact
oewn-conforming__5.00.00.orthodox.00,artifact,artifact
oewn-conformity__1.04.00..,background,background
oewn-conformity__1.07.02..,background,background
oewn-confront__2.33.00..,artifact,artifact
oewn-confrontation__1.10.01..,artifact,artifact
oewn-confused__3.00.00..,artifact,artifact
oewn-confused__5.00.00.perplexed.00,artifact,artifact
oewn-confused__5.00.00.unoriented.00,artifact,artifact
oewn-confusion__1.26.01..,artifact,artifact
oewn-congealed__5.00.00.solid.01,artifact,artifact
oewn-congeneric__1.05.00..,artifact,artifact
oewn-congenital__5.00.00.noninheritable.00,artifact,artifact
oewn-congestion__1.26.00..,artifact,artifact
oewn-congregation__1.14.00..,background,background
oewn-congress__1.14.01..,artifact,artifact
oewn-congruent__3.00.04..,external,external
oewn-conic__1.25.00..,artifact,artifact
oewn-conical__3.01.00..,external,external
oewn-conically__4.02.00..,external,external
oewn-conifer__1.20.00..,artifact,artifact
oewn-conjecture__1.09.00..,artifact,artifact
oewn-conjunction__1.07.00..,external,external
oewn-connect__2.31.00..,background,background
oewn-connect__2.35.00..,artifact,artifact
oewn-connected__3.00.00..,artifact,artifact
oewn-connected__5.00.00.related.02,artifact,artifact
oewn-connected__5.00.00.wired.00,artifact,artifact
oewn-connected__5.00.02.on-line.00,artifact,artifact
oewn-connectedness__1.26.00..,artifact,artifact
oewn-connection__1.24.00..,background,background
oewn-conquer__2.30.00..,artifact,artifact
oewn-conquering__1.04.00..,artifact,background
oewn-conquest__1.04.01..,artifact,background
oewn-conscience__1.16.00..,artifact,artifact
oewn-conscientious__5.00.00.careful.00,background,background
oewn-conscious__3.00.00..,background,background
oewn-conscious__5.00.00.intended.00,background,background
oewn-consciously__4.02.00..,external,external
oewn-consciousness__1.09.00..,artifact,artifact
oewn-consecrate__2.41.00..,artifact,artifact
oewn-consecutive__4.02.00..,external,external
oewn-consent__2.32.00..,artifact,artifact
oewn-consequence__1.19.00..,background,background
oewn-consequent__5.00.00.subsequent.00,background,background
oewn-conservation__1.04.00..,artifact,artifact
oewn-conservative__1.18.00..,artifact,artifact
oewn-consider__2.31.00..,background,background
oewn-consider__2.31.05..,background,background
oewn-considerable__3.00.00..,background,background
oewn-considerate__3.00.00..,artifact,artifact
oewn-consideration__1.07.00..,background,background
oewn-consideration__1.09.00..,background,background
oewn-consideration__1.10.00..,background,background
oewn-considered__5.00.00.well-advised.00,artifact,artifact
oewn-consist__2.42.00..,artifact,artifact
oewn-consist__2.42.04..,artifact,artifact
oewn-consistency__1.07.00..,artifact,external
oewn-consistent__3.00.00..,background,background
oewn-consistent__3.00.01..,background,background
oewn-consistent__3.00.04..,background,background
oewn-consistent__5.00.00.homogeneous.00,background,background
oewn-consolidated__5.00.00.compact.00,artifact,artifact
oewn-consolidated__5.00.00.united.00,closed,closed
oewn-consonant__1.10.00..,artifact,artifact
oewn-consort__1.18.00..,artifact,artifact
oewn-conspicuous__3.00.00..,artifact,external
oewn-conspicuous__5.00.00.unconcealed.00,artifact,artifact
oewn-conspicuously__4.02.00..,artifact,artifact
oewn-conspiracy__1.10.00..,artifact,artifact
oewn-constancy__1.07.00..,artifact,artifact
oewn-constant__1.09.00..,artifact,artifact
oewn-constant__1.23.00..,artifact,artifact
oewn-constantly__4.02.03..,artifact,artifact
oewn-constellation__1.09.00..,artifact,artifact
oewn-constellation__1.17.00..,artifact,artifact
oewn-constipation__1.26.00..,background,background
oewn-constituent__1.06.00..,artifact,artifact
oewn-constituent__5.00.00.essential.00,artifact,artifact
oewn-constitute__2.42.00..,artifact,artifact
oewn-constituted__3.00.00..,artifact,artifact
oewn-constitution__1.10.00..,artifact,artifact
oewn-constitutional__1.04.00..,artifact,artifact
oewn-constitutional__5.00.00.essential.00,artifact,artifact
oewn-constitutional__5.00.00.intrinsic.00,artifact,artifact
oewn-constrain__2.41.00..,artifact,artifact
oewn-constrained__5.00.00.affected.01,background,background
oewn-constraining__5.00.00.restrictive.00,artifact,artifact
oewn-constraint__1.04.00..,artifact,artifact
oewn-constraint__1.26.00..,artifact,artifact
oewn-constrict__2.35.00..,background,background
oewn-constricted__3.00.00..,artifact,artifact
oewn-constricted__5.00.00.tense.02,background,background
oewn-constricting__5.00.00.narrow.00,artifact,artifact
oewn-constriction__1.09.00..,artifact,background
oewn-construct__1.09.00..,artifact,artifact
oewn-construct__2.36.00..,background,background
oewn-construction__1.04.00..,artifact,background
oewn-construction__1.04.02..,artifact,artifact
oewn-construction__1.06.00..,background,background
oewn-construction__1.10.01..,artifact,artifact
oewn-consultation__1.10.00..,background,background
oewn-consume__2.34.03..,artifact,artifact
oewn-consumer__1.18.00..,background,background
oewn-consuming__5.00.00.intense.00,artifact,artifact
oewn-consummate__5.00.00.skilled.00,artifact,artifact
oewn-consumption__1.04.01..,artifact,artifact
oewn-consumption__1.22.00..,artifact,artifact
oewn-contact__1.04.02..,background,background
oewn-contact__1.06.00..,background,background
oewn-contact__1.11.00..,background,background
oewn-contact__1.26.00..,background,background
oewn-contact__2.32.00..,background,background
oewn-contact__2.35.03..,background,background
oewn-contagious__5.00.01.infectious.00,artifact,artifact
oewn-contain__2.41.00..,artifact,artifact
oewn-contain__2.42.00..,artifact,artifact
oewn-contain__2.42.13..,artifact,artifact
oewn-contained__5.00.00.controlled.00,artifact,background
oewn-container__1.06.00..,closed,closed
oewn-contaminated__3.00.00..,artifact,artifact
oewn-contaminating__3.00.02..,background,background
oewn-contamination__1.04.00..,artifact,artifact
oewn-contamination__1.26.00..,artifact,artifact
oewn-contemplation__1.04.01..,artifact,artifact
oewn-contemplation__1.09.00..,artifact,artifact
oewn-contemporary__1.18.00..,artifact,artifact
oewn-contempt__1.12.00..,artifact,artifact
oewn-contemptuous__5.00.00.disrespectful.00,artifact,artifact
oewn-contend__2.33.00..,artifact,external
oewn-content__1.10.00..,background,background
oewn-content__1.14.00..,background,background
oewn-content__2.34.00..,background,background
oewn-contented__3.00.00..,artifact,artifact
oewn-contention__1.10.00..,artifact,artifact
oewn-contentious__5.00.00.argumentative.00,artifact,artifact
oewn-contentment__1.12.00..,artifact,background
oewn-contents__1.14.00..,background,background
oewn-conterminous__5.00.00.connected.00,artifact,artifact
oewn-contest__1.04.00..,background,background
oewn-contest__1.11.00..,background,background
oewn-contest__2.32.00..,background,background
oewn-contestant__1.18.00..,closed,closed
oewn-context__1.10.00..,artifact,artifact
oewn-context__1.26.00..,artifact,background
oewn-continent__1.15.00..,artifact,artifact
oewn-continent__1.17.00..,artifact,artifact
oewn-continental__3.01.01..,artifact,artifact
oewn-contingent__5.00.00.possible.00,artifact,external
oewn-continually__4.02.01..,artifact,external
oewn-continuance__1.04.00..,artifact,artifact
oewn-continuation__1.04.00..,artifact,artifact
oewn-continue__2.30.10..,background,background
oewn-continue__2.41.00..,background,background
oewn-continue__2.42.00..,background,background
oewn-continue__2.42.01..,background,background
oewn-continue__2.42.10..,background,background
oewn-continued__3.00.00..,artifact,external
oewn-continuing__5.00.00.continued.00,background,background
oewn-continuing__5.00.00.long.02,background,background
oewn-continuity__1.26.00..,background,background
oewn-continuous__3.00.01..,background,background
oewn-continuously__4.02.00..,closed,closed
oewn-continuum__1.28.00..,background,background
oewn-contract__1.04.01..,artifact,artifact
oewn-contract__1.10.00..,artifact,artifact
oewn-contract__1.10.01..,artifact,artifact
oewn-contract__2.32.00..,artifact,artifact
oewn-contract__2.41.00..,artifact,artifact
oewn-contracted__3.00.00..,external,external
oewn-contractile__5.00.00.contracted.00,artifact,artifact
oewn-contracting__1.04.00..,artifact,artifact
oewn-contraction__1.04.01..,artifact,artifact
oewn-contractual__3.01.00..,artifact,artifact
oewn-contractually__4.02.00..,artifact,artifact
oewn-contradict__2.32.01..,artifact,artifact
oewn-contrary__1.24.01..,artifact,artifact
oewn-contrary__5.00.00.different.00,artifact,artifact
oewn-contrast__1.24.00..,artifact,artifact
oewn-contrasting__5.00.00.different.00,artifact,artifact
oewn-contribute__2.40.01..,artifact,artifact
oewn-contributing__5.00.00.causative.00,artifact,artifact
oewn-contrition__1.12.00..,artifact,artifact
oewn-contrivance__1.09.02..,artifact,artifact
oewn-contrive__2.36.01..,artifact,artifact
oewn-contrived__5.00.00.affected.01,artifact,artifact
oewn-contrived__5.00.00.planned.00,artifact,artifact
oewn-control__1.04.02..,artifact,background
oewn-control__1.07.00..,artifact,background
oewn-control__1.07.01..,artifact,background
oewn-control__1.09.01..,artifact,background
oewn-control__1.09.02..,artifact,background
oewn-control__1.10.00..,artifact,background
oewn-control__1.24.00..,artifact,background
oewn-control__1.26.00..,artifact,background
oewn-control__2.35.00..,artifact,background
oewn-control__2.37.06..,artifact,background
oewn-control__2.41.00..,artifact,background
oewn-control__2.41.03..,artifact,background
oewn-controlled__3.00.00..,background,background
oewn-controller__1.18.00..,background,background
oewn-controlling__5.00.00.dominant.01,artifact,external
oewn-controversy__1.10.00..,artifact,artifact
oewn-controvert__2.32.00..,artifact,artifact
oewn-convenience__1.26.00..,artifact,artifact
oewn-convent__1.06.00..,artifact,artifact
oewn-convention__1.14.00..,background,background
oewn-conventional__3.00.00..,artifact,artifact
oewn-conventional__3.00.02..,artifact,artifact
oewn-conventional__5.00.00.formal.01,artifact,artifact
oewn-conventional__5.00.00.nonrepresentational.00,artifact,artifact
oewn-conventional__5.00.00.orthodox.00,artifact,artifact
oewn-conventionally__4.02.00..,artifact,artifact
oewn-converge__2.30.00..,artifact,artifact
oewn-convergence__1.11.00..,artifact,artifact
oewn-conversation__1.10.00..,artifact,artifact
oewn-conversational__5.00.00.informal.02,artifact,artifact
oewn-conversion__1.11.00..,artifact,artifact
oewn-convert__2.30.00..,artifact,external
oewn-convex__3.00.00..,artifact,artifact
oewn-convey__2.32.00..,background,background
oewn-convey__2.32.01..,artifact,artifact
oewn-conveyance__1.10.01..,artifact,artifact
oewn-conveying__1.04.00..,artifact,background
oewn-conviction__1.04.00..,graph_data,graph_data
oewn-conviction__1.09.00..,artifact,artifact
oewn-convincing__3.00.00..,artifact,artifact
oewn-convoluted__5.00.00.coiled.00,external,external
oewn-convoluted__5.00.00.complex.00,artifact,artifact
oewn-cooked__3.00.00..,artifact,artifact
oewn-cookery__1.04.00..,artifact,artifact
oewn-cooking__1.04.00..,artifact,artifact
oewn-cool__1.07.01..,closed,closed
oewn-cool__2.30.00..,closed,closed
oewn-cool__2.30.01..,closed,closed
oewn-cool__5.00.00.composed.00,closed,closed
oewn-cooler__1.06.00..,artifact,artifact
oewn-cooling__1.22.00..,artifact,artifact
oewn-cooperation__1.04.01..,artifact,artifact
oewn-cooperative__1.04.00..,artifact,artifact
oewn-coordinate__1.09.00..,artifact,artifact
oewn-coordinated__5.00.00.integrated.02,artifact,artifact
oewn-coordination__1.09.00..,artifact,artifact
oewn-cope__1.06.00..,artifact,artifact
oewn-copper__1.27.00..,artifact,artifact
oewn-copula__1.10.00..,artifact,artifact
oewn-copy__1.10.00..,closed,closed
oewn-copy__1.10.01..,closed,closed
oewn-copy__1.10.02..,closed,closed
oewn-copy__2.36.00..,closed,closed
oewn-copy__2.36.03..,closed,closed
oewn-copy__2.36.05..,closed,closed
oewn-coral__1.07.00..,artifact,artifact
oewn-coral__5.00.00.chromatic.00,artifact,external
oewn-cord__1.06.00..,background,background
oewn-cord__1.06.01..,background,background
oewn-cord__1.23.00..,background,background
oewn-cord__2.35.00..,background,background
oewn-cordage__1.23.00..,artifact,artifact
oewn-cordate__5.00.00.simple.01,artifact,artifact
oewn-cordial__5.00.00.friendly.01,artifact,artifact
oewn-cords__1.06.04..,artifact,artifact
oewn-corduroy__1.06.00..,artifact,artifact
oewn-core__1.06.00..,artifact,artifact
oewn-core__1.14.00..,artifact,artifact
oewn-cork__1.06.00..,artifact,artifact
oewn-cork__1.15.00..,artifact,artifact
oewn-cork__1.27.00..,artifact,artifact
oewn-corky__5.00.00.bad.00,artifact,artifact
oewn-corm__1.20.00..,artifact,artifact
oewn-corn__1.20.00..,artifact,artifact
oewn-corn__1.20.01..,artifact,artifact
oewn-cornea__1.08.00..,artifact,artifact
oewn-cornel__1.20.00..,artifact,artifact
oewn-corolla__1.20.00..,background,background
oewn-corporation__1.14.00..,artifact,artifact
oewn-corps__1.14.00..,artifact,artifact
oewn-corral__2.35.00..,background,background
oewn-corral__2.35.01..,background,background
oewn-correct__2.30.00..,closed,closed
oewn-correct__2.41.01..,closed,closed
oewn-correct__3.00.00..,closed,closed
oewn-correct__5.00.00.proper.00,closed,closed
oewn-correct__5.00.02.proper.00,closed,closed
oewn-correctly__4.02.01..,artifact,artifact
oewn-correctness__1.07.01..,background,background
oewn-correlation__1.09.00..,artifact,artifact
oewn-correlation__1.09.01..,artifact,artifact
oewn-correlation__1.24.00..,artifact,artifact
oewn-correspondence__1.07.03..,artifact,artifact
oewn-correspondence__1.10.00..,artifact,artifact
oewn-corresponding__5.00.00.related.02,background,background
oewn-corresponding__5.00.00.similar.00,artifact,artifact
oewn-corridor__1.06.00..,artifact,artifact
oewn-corrosive__1.27.00..,artifact,artifact
oewn-corrosive__5.00.00.destructive.00,artifact,artifact
oewn-corrupt__2.40.00..,artifact,artifact
oewn-corrupt__2.41.00..,artifact,artifact
oewn-corrupted__5.00.00.imperfect.00,closed,closed
oewn-corset__1.06.00..,artifact,artifact
oewn-cortex__1.08.00..,background,background
oewn-cortex__1.08.01..,artifact,artifact
oewn-corticosterone__1.27.00..,artifact,artifact
oewn-cortina__1.20.00..,artifact,artifact
oewn-corundum__1.27.00..,artifact,artifact
oewn-cosmetic__1.06.00..,artifact,artifact
oewn-cosmic__3.01.00..,artifact,artifact
oewn-cosmopolitan__1.18.00..,artifact,artifact
oewn-cosmos__1.17.00..,artifact,background
oewn-cost__1.07.00..,artifact,background
oewn-cost__1.21.00..,artifact,artifact
oewn-costing__1.04.00..,artifact,artifact
oewn-costs__1.21.00..,artifact,artifact
oewn-cotton__1.06.00..,closed,closed
oewn-cotton__1.27.01..,closed,closed
oewn-cotton__2.37.00..,closed,closed
oewn-cottonweed__1.20.01..,background,background
oewn-cotyledon__1.20.00..,artifact,artifact
oewn-cough__1.26.00..,graph_data,graph_data
oewn-council__1.14.01..,artifact,artifact
oewn-counselor__1.18.01..,background,background
oewn-count__1.23.00..,external,external
oewn-count__2.32.00..,background,background
oewn-countable__5.00.00.calculable.00,artifact,background
oewn-counter__1.06.00..,artifact,artifact
oewn-counterattack__1.04.00..,artifact,artifact
oewn-counterclockwise__3.00.00..,artifact,artifact
oewn-counterfeit__1.06.00..,background,background
oewn-counterfeit__3.00.00..,background,background
oewn-counteroffensive__1.04.00..,artifact,artifact
oewn-counterpart__1.09.00..,closed,closed
oewn-counting__1.04.00..,artifact,artifact
oewn-country__1.14.00..,closed,closed
oewn-country__1.14.01..,closed,closed
oewn-country__1.15.00..,closed,closed
oewn-country__1.15.02..,closed,closed
oewn-countryside__1.15.00..,artifact,artifact
oewn-county__1.15.00..,artifact,artifact
oewn-couple__2.35.02..,artifact,background
oewn-coupled__5.00.00.connected.00,artifact,artifact
oewn-courage__1.07.00..,artifact,artifact
oewn-courageous__3.00.04..,artifact,artifact
oewn-course__1.04.01..,background,background
oewn-course__1.06.00..,background,background
oewn-course__1.13.00..,background,background
oewn-course__1.14.00..,background,background
oewn-course__1.17.00..,background,background
oewn-course__2.38.00..,background,background
oewn-course__2.38.02..,background,background
oewn-course__4.02.00..,background,background
oewn-court__1.06.01..,artifact,background
oewn-court__1.06.02..,artifact,background
oewn-court__1.14.00..,artifact,background
oewn-court__2.41.00..,artifact,background
oewn-courteous__5.00.00.polite.00,background,background
oewn-courtesy__1.04.00..,artifact,artifact
oewn-cousin__1.18.00..,artifact,artifact
oewn-couturier__1.18.00..,artifact,artifact
oewn-cove__1.17.00..,artifact,artifact
oewn-covenant__1.10.00..,closed,closed
oewn-covenant__1.10.01..,closed,closed
oewn-covenant__2.32.00..,closed,closed
oewn-covenant__2.41.00..,closed,closed
oewn-cover__1.06.01..,closed,closed
oewn-cover__1.06.02..,closed,closed
oewn-cover__1.06.03..,closed,closed
oewn-cover__2.29.15..,closed,closed
oewn-cover__2.33.01..,closed,closed
oewn-cover__2.35.00..,closed,closed
oewn-cover__2.35.01..,closed,closed
oewn-cover__2.35.13..,closed,closed
oewn-cover__2.39.14..,closed,closed
oewn-cover__2.42.01..,closed,closed
oewn-covered__3.00.00..,artifact,artifact
oewn-covering__1.04.00..,closed,closed
oewn-covering__1.04.01..,closed,closed
oewn-covering__1.04.02..,closed,closed
oewn-covering__1.06.00..,closed,closed
oewn-covering__1.17.00..,closed,closed
oewn-cowardly__3.00.00..,artifact,artifact
oewn-cowboy__1.18.02..,artifact,artifact
oewn-crack__2.30.01..,closed,closed
oewn-crack__2.39.01..,artifact,artifact
oewn-cracked__5.00.02.rough.00,artifact,artifact
oewn-crackling__1.27.00..,artifact,artifact
oewn-craft__1.04.00..,artifact,artifact
oewn-craft__1.06.00..,artifact,artifact
oewn-craftsman__1.18.01..,artifact,artifact
oewn-crafty__5.00.00.artful.00,artifact,artifact
oewn-crane__1.05.00..,artifact,artifact
oewn-cranial__3.01.00..,artifact,external
oewn-craniometric__3.01.00..,artifact,artifact
oewn-craniometry__1.09.00..,artifact,artifact
oewn-cranium__1.08.00..,artifact,external
oewn-crashing__5.00.00.unmitigated.00,background,background
oewn-craving__1.12.00..,background,background
oewn-cream__1.13.00..,artifact,artifact
oewn-cream__1.14.00..,artifact,external
oewn-creamy__5.00.00.chromatic.00,artifact,external
oewn-crease__1.25.02..,artifact,artifact
oewn-create__2.36.00..,artifact,artifact
oewn-create__2.36.01..,artifact,artifact
oewn-create__2.36.03..,artifact,artifact
oewn-create__2.36.13..,artifact,artifact
oewn-create__2.41.00..,artifact,artifact
oewn-creation__1.04.00..,artifact,artifact
oewn-creation__1.04.02..,artifact,artifact
oewn-creative__3.00.00..,artifact,artifact
oewn-creatively__4.02.00..,artifact,artifact
oewn-creativity__1.09.00..,artifact,artifact
oewn-creator__1.18.00..,background,background
oewn-creature__1.03.00..,artifact,artifact
oewn-credibility__1.07.00..,artifact,artifact
oewn-credit__1.10.00..,background,background
oewn-credit__1.21.00..,artifact,artifact
oewn-credit__1.21.02..,artifact,artifact
oewn-credit__2.31.01..,closed,closed
oewn-credit__2.31.12..,closed,closed
oewn-credited__5.00.00.attributable.00,background,background
oewn-creditor__1.18.00..,background,background
oewn-creek__1.17.00..,artifact,artifact
oewn-creeping__1.04.00..,artifact,artifact
oewn-crepuscular__5.00.00.dark.01,artifact,artifact
oewn-crescent__1.25.00..,artifact,artifact
oewn-crest__1.15.00..,artifact,artifact
oewn-crew__1.14.01..,artifact,artifact
oewn-crick__1.18.00..,artifact,artifact
oewn-cricket__1.04.00..,artifact,artifact
oewn-cricket__1.05.00..,artifact,artifact
oewn-cricket__2.33.00..,closed,closed
oewn-criminal__1.18.00..,artifact,artifact
oewn-crimson__1.07.00..,artifact,background
oewn-crisis__1.26.00..,artifact,artifact
oewn-crisp__1.13.00..,background,background
oewn-crisp__2.30.00..,background,background
oewn-crisp__2.35.00..,background,background
oewn-crispiness__1.07.00..,background,background
oewn-crisply__4.02.00..,artifact,artifact
oewn-crisscross__1.07.00..,artifact,artifact
oewn-critical__3.00.01..,artifact,artifact
oewn-criticism__1.10.00..,background,background
oewn-criticism__1.10.01..,background,background
oewn-crocheting__1.06.00..,artifact,artifact
oewn-crooked__3.00.01..,graph_data,graph_data
oewn-crop__1.05.00..,closed,closed
oewn-crop__1.20.00..,closed,closed
oewn-crop__1.20.01..,closed,closed
oewn-crop__2.35.02..,closed,closed
oewn-cropped__5.00.00.planted.00,artifact,artifact
oewn-cross__1.04.00..,artifact,artifact
oewn-cross__1.06.00..,artifact,artifact
oewn-cross__1.07.00..,artifact,artifact
oewn-cross__2.38.00..,artifact,artifact
oewn-cross__5.00.00.crosswise.00,artifact,artifact
oewn-crossbow__1.06.00..,background,background
oewn-crossbreeding__1.04.00..,artifact,artifact
oewn-crossed__3.00.01..,artifact,artifact
oewn-crossed__3.00.02..,artifact,artifact
oewn-crossing__1.04.01..,artifact,external
oewn-crosswise__3.00.00..,artifact,artifact
oewn-crosswise__5.00.00.horizontal.00,artifact,artifact
oewn-crowd__1.14.00..,artifact,artifact
oewn-crowd__2.38.01..,artifact,artifact
oewn-crowded__3.00.00..,background,background
oewn-crowfoot__1.20.00..,artifact,artifact
oewn-crown__1.06.00..,artifact,artifact
oewn-crown__1.06.04..,artifact,artifact
oewn-crown__1.08.00..,artifact,artifact
oewn-crown__1.20.00..,artifact,artifact
oewn-crowned__3.00.02..,artifact,artifact
oewn-cruciferous__3.01.00..,artifact,artifact
oewn-crucifixion__1.04.00..,artifact,artifact
oewn-crucifixion__1.11.00..,artifact,background
oewn-crude__1.27.00..,closed,closed
oewn-cruel__5.00.01.inhumane.00,artifact,artifact
oewn-cruelly__4.02.00..,background,background
oewn-cruelty__1.04.00..,artifact,artifact
oewn-crusade__2.33.00..,artifact,artifact
oewn-crusade__2.41.10..,artifact,artifact
oewn-crush__2.41.00..,artifact,artifact
oewn-crushed__5.00.00.rough.00,artifact,artifact
oewn-crushing__1.04.00..,artifact,artifact
oewn-crustacean__1.05.00..,artifact,artifact
oewn-cryolite__1.27.00..,background,background
oewn-crystal__1.06.02..,artifact,artifact
oewn-crystal__1.27.00..,artifact,artifact
oewn-crystalline__3.00.00..,closed,closed
oewn-crystallization__1.17.00..,artifact,artifact
oewn-crystallization__1.19.00..,artifact,artifact
oewn-crystallize__2.30.02..,artifact,background
oewn-crystallized__3.00.00..,artifact,artifact
oewn-cube__1.20.00..,graph_data,graph_data
oewn-cube__1.25.00..,artifact,artifact
oewn-cubic__3.01.00..,artifact,artifact
oewn-cucumber__1.20.00..,artifact,artifact
oewn-cucurbitaceous__3.01.00..,background,background
oewn-cultivated__3.00.00..,background,background
oewn-cultivation__1.04.00..,background,background
oewn-cultivation__1.04.01..,background,background
oewn-cultivation__1.04.02..,background,background
oewn-cultivation__1.26.00..,background,background
oewn-cultural__3.01.01..,artifact,artifact
oewn-cultural__5.00.00.social.00,artifact,artifact
oewn-culture__1.09.02..,background,background
oewn-culture__1.14.00..,artifact,artifact
oewn-cumin__1.20.00..,graph_data,graph_data
oewn-cumulative__5.00.00.additive.00,artifact,external
oewn-cupboard__1.06.00..,artifact,artifact
oewn-curbing__1.06.00..,artifact,artifact
oewn-curd__1.13.00..,artifact,artifact
oewn-curd__1.13.02..,artifact,artifact
oewn-curdled__5.00.00.thick.02,artifact,artifact
oewn-cure__1.06.00..,artifact,artifact
oewn-cured__5.00.00.well.01,artifact,artifact
oewn-curfew__1.10.00..,background,background
oewn-curfew__1.28.00..,background,background
oewn-curing__1.22.00..,artifact,artifact
oewn-curiosity__1.09.00..,artifact,background
oewn-curl__1.08.00..,closed,closed
oewn-curl__1.25.00..,closed,closed
oewn-curl__2.30.00..,closed,closed
oewn-curl__2.38.00..,closed,closed
oewn-curled__5.00.00.curly.00,artifact,background
oewn-currency__1.21.00..,artifact,artifact
oewn-current__1.14.00..,background,background
oewn-current__1.19.01..,background,background
oewn-current__3.00.00..,background,background
oewn-currently__4.02.00..,artifact,external
oewn-currish__5.00.00.ignoble.01,artifact,artifact
oewn-curse__1.10.00..,artifact,artifact
oewn-cursive__1.10.00..,background,background
oewn-cursively__4.02.00..,background,background
oewn-cursory__5.00.00.careless.00,artifact,artifact
oewn-curtain__1.06.00..,artifact,artifact
oewn-curtsy__1.10.00..,artifact,artifact
oewn-curvature__1.26.00..,artifact,artifact
oewn-curve__1.06.00..,closed,closed
oewn-curve__1.25.00..,closed,closed
oewn-curve__2.30.00..,closed,closed
oewn-curve__2.38.00..,closed,closed
oewn-curve__2.38.01..,closed,closed
oewn-curved__3.00.00..,background,background
oewn-curving__3.00.00..,background,background
oewn-cushion__1.06.01..,artifact,artifact
oewn-cushioned__5.00.00.soft.01,artifact,artifact
oewn-custody__1.04.02..,artifact,artifact
oewn-custom__1.04.00..,background,background
oewn-custom__3.00.00..,background,background
oewn-customarily__4.02.00..,artifact,artifact
oewn-customary__5.00.00.conventional.00,background,background
oewn-customer__1.18.00..,background,background
oewn-customs__1.21.00..,background,background
oewn-cuticle__1.08.01..,artifact,artifact
oewn-cuticula__1.05.00..,artifact,artifact
oewn-cutlery__1.06.00..,artifact,artifact
oewn-cutting__1.04.02..,background,background
oewn-cutting__1.04.03..,background,background
oewn-cutting__1.04.05..,background,background
oewn-cutting__1.20.00..,background,background
oewn-cutting__5.00.00.sharp.04,background,background
oewn-cutting__5.00.00.unkind.00,background,background
oewn-cycad__1.20.00..,artifact,artifact
oewn-cycle__1.28.00..,artifact,artifact
oewn-cycle__1.28.02..,artifact,artifact
oewn-cyclone__1.26.00..,artifact,artifact
oewn-cylinder__1.06.02..,artifact,artifact
oewn-cylinder__1.25.00..,artifact,artifact
oewn-cylinder__1.25.02..,artifact,artifact
oewn-cylindrical__5.00.00.rounded.00,background,background
oewn-cymose__5.00.00.determinate.02,artifact,artifact
oewn-cynical__5.00.00.distrustful.00,artifact,artifact
oewn-cynicism__1.12.00..,artifact,artifact
oewn-cypress__1.20.01..,artifact,artifact
oewn-cypress__1.20.02..,background,background
oewn-cytokine__1.27.00..,artifact,artifact
oewn-cytoplasm__1.08.00..,background,background
oewn-dado__2.35.00..,background,background
oewn-dado__2.40.00..,background,background
oewn-daffodil__1.20.00..,artifact,artifact
oewn-dagger__1.06.00..,artifact,artifact
oewn-daily__1.10.00..,artifact,artifact
oewn-daily__5.00.00.periodic.00,artifact,artifact
oewn-daisy__1.20.00..,artifact,artifact
oewn-daisylike__3.01.00..,artifact,artifact
oewn-dalmatian__1.05.00..,artifact,artifact
oewn-damage__1.04.00..,background,background
oewn-damage__1.04.01..,background,background
oewn-damage__1.11.00..,background,background
oewn-damage__2.30.00..,background,background
oewn-damage__2.30.01..,background,background
oewn-damaged__3.00.00..,artifact,artifact
oewn-damaged__5.00.00.disreputable.00,artifact,artifact
oewn-damages__1.21.00..,artifact,artifact
oewn-damaging__5.00.00.harmful.00,background,background
oewn-damnation__1.10.00..,background,background
oewn-damning__5.00.00.inculpatory.00,artifact,artifact
oewn-damp__1.26.00..,artifact,artifact
oewn-damper__1.06.00..,artifact,artifact
oewn-dance__1.10.00..,artifact,artifact
oewn-dandelion__1.20.00..,graph_data,graph_data
oewn-dandy__1.06.00..,artifact,artifact
oewn-danger__1.04.00..,closed,closed
oewn-danger__1.26.00..,closed,closed
oewn-danger__1.26.01..,closed,closed
oewn-dangerous__3.00.00..,artifact,artifact
oewn-dangerously__4.02.00..,artifact,artifact
oewn-danish__1.10.00..,artifact,artifact
oewn-daring__5.00.00.adventurous.00,artifact,artifact
oewn-dark__1.26.00..,closed,closed
oewn-dark__1.28.00..,closed,closed
oewn-dark__3.00.01..,closed,closed
oewn-dark__5.00.00.brunet.00,closed,closed
oewn-darkened__5.00.00.old.02,background,background
oewn-darkness__1.26.00..,artifact,artifact
oewn-dart__2.38.00..,artifact,artifact
oewn-dart__2.38.01..,artifact,artifact
oewn-dartboard__1.06.00..,background,background
oewn-darts__1.04.00..,artifact,background
oewn-data__1.14.00..,artifact,background
oewn-database__1.10.00..,background,background
oewn-date__1.28.00..,closed,closed
oewn-date__1.28.03..,closed,closed
oewn-date__2.31.01..,closed,closed
oewn-date__2.41.00..,closed,closed
oewn-date__2.41.01..,closed,closed
oewn-dateline__2.31.00..,artifact,artifact
oewn-datum__1.09.00..,artifact,artifact
oewn-daubing__1.04.00..,graph_data,graph_data
oewn-daughter__1.18.00..,artifact,artifact
oewn-dawn__1.28.00..,artifact,background
oewn-daylight__1.19.00..,artifact,external
oewn-daylight__1.28.00..,artifact,external
oewn-days__1.28.00..,artifact,background
oewn-daytime__1.28.00..,artifact,external
oewn-dazzlingly__4.02.00..,background,background
oewn-dead__1.14.00..,background,background
oewn-dead__1.28.00..,artifact,artifact
oewn-dead__3.00.01..,artifact,artifact
oewn-dead__4.02.00..,artifact,artifact
oewn-deadly__4.02.02..,artifact,artifact
oewn-deafness__1.26.00..,artifact,artifact
oewn-deal__1.04.02..,artifact,artifact
oewn-deal__2.32.08..,artifact,artifact
oewn-deal__2.41.00..,artifact,artifact
oewn-dealing__1.04.01..,artifact,artifact
oewn-dealings__1.04.00..,artifact,artifact
oewn-dealings__1.04.02..,artifact,artifact
oewn-dealings__1.24.00..,artifact,artifact
oewn-dear__1.18.00..,artifact,artifact
oewn-dearly__4.02.02..,artifact,artifact
oewn-death__1.04.00..,artifact,background
oewn-death__1.11.00..,artifact,background
oewn-death__1.19.00..,artifact,background
oewn-death__1.26.00..,artifact,background
oewn-death__1.26.01..,artifact,background
oewn-death__1.28.01..,artifact,background
oewn-debate__1.10.01..,artifact,artifact
oewn-debilitating__3.00.00..,artifact,artifact
oewn-debilitation__1.11.00..,artifact,artifact
oewn-debility__1.26.00..,artifact,artifact
oewn-debt__1.10.00..,artifact,artifact
oewn-debt__1.21.00..,background,background
oewn-debt__1.26.00..,external,external
oewn-debtor__1.18.00..,artifact,artifact
oewn-debut__1.10.00..,background,background
oewn-debutante__1.18.00..,artifact,artifact
oewn-decapitated__5.00.00.headless.00,artifact,artifact
oewn-decay__1.19.00..,background,background
oewn-decay__1.22.02..,background,background
oewn-decay__1.22.03..,background,background
oewn-decay__2.30.01..,background,background
oewn-decayed__5.00.00.unsound.01,artifact,artifact
oewn-deceased__1.18.00..,artifact,external
oewn-deceit__1.07.00..,artifact,artifact
oewn-deceitful__5.00.02.dishonest.00,background,background
oewn-deceive__2.41.00..,background,background
oewn-decency__1.07.00..,artifact,artifact
oewn-deception__1.10.00..,background,background
oewn-deceptive__5.00.00.dishonest.00,artifact,artifact
oewn-deceptive__5.00.00.unreal.02,artifact,artifact
oewn-decide__2.31.00..,artifact,external
oewn-decided__5.00.00.definite.00,artifact,artifact
oewn-deciding__1.09.00..,artifact,artifact
oewn-deciding__5.00.00.decisive.00,artifact,artifact
oewn-deciduous__3.00.00..,artifact,artifact
oewn-deciduous__5.00.01.caducous.00,artifact,artifact
oewn-decimal__1.23.01..,background,background
oewn-decision__1.04.00..,artifact,background
oewn-decision__1.07.00..,artifact,artifact
oewn-decision__1.09.00..,circular,circular
oewn-decisive__3.00.00..,artifact,background
oewn-decisively__4.02.01..,artifact,artifact
oewn-deck__1.14.00..,artifact,artifact
oewn-declaim__2.32.02..,artifact,artifact
oewn-declaration__1.10.00..,artifact,artifact
oewn-declaration__1.10.02..,artifact,artifact
oewn-declaration__1.10.06..,artifact,artifact
oewn-declarative__3.00.00..,artifact,artifact
oewn-declarative__3.01.00..,artifact,artifact
oewn-declare__2.32.00..,artifact,artifact
oewn-declare__2.32.03..,artifact,artifact
oewn-declared__3.00.00..,background,background
oewn-declared__5.00.00.explicit.00,background,background
oewn-declination__1.15.01..,background,background
oewn-decline__1.22.02..,background,background
oewn-decompose__2.30.00..,artifact,artifact
oewn-decomposition__1.09.00..,artifact,artifact
oewn-decorate__2.36.00..,artifact,artifact
oewn-decorated__3.00.04..,background,background
oewn-decoration__1.04.00..,artifact,artifact
oewn-decoration__1.06.00..,artifact,artifact
oewn-decorative__5.00.00.nonfunctional.00,background,background
oewn-decorum__1.07.00..,artifact,artifact
oewn-decrease__1.11.00..,background,background
oewn-decrease__2.30.00..,closed,closed
oewn-decrease__2.30.01..,background,background
oewn-decreased__3.00.00..,background,background
oewn-decreasing__3.00.00..,background,background
oewn-decree__2.31.00..,artifact,artifact
oewn-decree__2.32.00..,background,background
oewn-decreed__5.00.00.settled.02,artifact,artifact
oewn-dedicate__2.32.00..,artifact,artifact
oewn-dedicated__3.00.00..,background,background
oewn-dedication__1.07.00..,artifact,artifact
oewn-deducible__5.00.00.deductive.00,background,background
oewn-deductible__1.21.00..,artifact,artifact
oewn-deduction__1.21.01..,artifact,artifact
oewn-deed__1.10.00..,artifact,artifact
oewn-deeds__1.04.00..,artifact,artifact
oewn-deem__2.31.00..,background,background
oewn-deep__1.17.00..,background,background
oewn-deep__1.28.00..,background,background
oewn-deep__3.00.01..,background,background
oewn-deep__3.00.02..,background,background
oewn-deep__5.00.00.profound.00,background,background
oewn-deeply__4.02.00..,artifact,artifact
oewn-deeply__4.02.03..,artifact,artifact
oewn-deepness__1.09.00..,artifact,artifact
oewn-deer__1.05.00..,artifact,artifact
oewn-defamatory__5.00.00.harmful.00,artifact,artifact
oewn-defeat__1.11.00..,artifact,artifact
oewn-defeat__2.33.00..,artifact,artifact
oewn-defeat__2.41.00..,artifact,artifact
oewn-defeated__1.14.00..,closed,closed
oewn-defeated__3.00.00..,artifact,artifact
oewn-defecate__2.29.00..,artifact,artifact
oewn-defecation__1.22.00..,artifact,artifact
oewn-defect__1.07.00..,background,background
oewn-defect__1.26.01..,background,background
oewn-defective__5.00.00.imperfect.00,background,background
oewn-defend__2.32.00..,artifact,artifact
oewn-defender__1.18.00..,background,background
oewn-defending__5.00.00.defensive.00,artifact,artifact
oewn-defense__1.04.00..,artifact,artifact
oewn-defensive__1.09.00..,artifact,artifact
oewn-defensiveness__1.07.00..,artifact,artifact
oewn-deference__1.04.00..,artifact,artifact
oewn-deferential__5.00.00.respectful.00,artifact,artifact
oewn-defiance__1.07.00..,artifact,artifact
oewn-defiant__3.00.00..,artifact,artifact
oewn-deficiency__1.07.00..,artifact,artifact
oewn-deficiency__1.26.00..,external,external
oewn-deficient__3.00.04..,artifact,artifact
oewn-deficient__5.00.00.inadequate.00,artifact,artifact
oewn-define__2.42.00..,artifact,artifact
oewn-define__2.42.03..,artifact,artifact
oewn-defined__3.00.00..,artifact,artifact
oewn-defined__5.00.00.distinct.00,artifact,artifact
oewn-defining__1.22.00..,artifact,artifact
oewn-definite__3.00.00..,background,background
oewn-definite__5.00.00.certain.01,background,background
oewn-definitely__4.02.00..,background,background
oewn-definition__1.10.00..,artifact,artifact
oewn-deform__2.30.01..,artifact,artifact
oewn-deformation__1.11.00..,artifact,artifact
oewn-deformation__1.11.01..,artifact,artifact
oewn-defraud__2.41.00..,artifact,artifact
oewn-deftly__4.02.01..,artifact,artifact
oewn-degeneration__1.22.00..,artifact,artifact
oewn-degree__1.07.00..,closed,closed
oewn-degree__1.07.01..,closed,closed
oewn-degree__1.09.00..,closed,closed
oewn-degree__1.10.00..,closed,closed
oewn-degree__1.23.00..,closed,closed
oewn-degree__1.23.03..,closed,closed
oewn-degree__1.26.01..,closed,closed
oewn-dehiscent__3.00.00..,artifact,artifact
oewn-deity__1.18.00..,background,background
oewn-dejection__1.26.00..,artifact,artifact
oewn-delay__1.28.00..,artifact,artifact
oewn-delay__2.30.00..,artifact,artifact
oewn-delayed__5.00.00.retarded.00,artifact,artifact
oewn-deliberate__2.32.01..,artifact,artifact
oewn-deliberate__5.00.01.intended.00,artifact,artifact
oewn-deliberately__4.02.00..,artifact,artifact
oewn-deliberation__1.07.01..,artifact,artifact
oewn-deliberation__1.10.00..,artifact,artifact
oewn-delicate__3.00.00..,artifact,artifact
oewn-delicate__5.00.00.skilled.00,artifact,artifact
oewn-delicately__4.02.00..,artifact,artifact
oewn-delight__1.12.00..,artifact,artifact
oewn-delighted__5.00.00.pleased.00,artifact,artifact
oewn-delimited__5.00.00.finite.00,artifact,artifact
oewn-delineated__3.00.00..,artifact,artifact
oewn-deliquescent__5.00.00.hydrophilic.00,artifact,artifact
oewn-deliver__2.32.00..,artifact,artifact
oewn-deliver__2.35.00..,artifact,artifact
oewn-deliverer__1.18.03..,artifact,artifact
oewn-delivery__1.04.04..,artifact,background
oewn-demand__1.10.00..,artifact,artifact
oewn-demand__1.22.00..,artifact,artifact
oewn-demand__2.32.00..,artifact,artifact
oewn-demand__2.32.02..,artifact,artifact
oewn-demanding__3.00.01..,artifact,artifact
oewn-demeanor__1.07.00..,background,background
oewn-demolished__5.00.00.destroyed.00,artifact,artifact
oewn-demon__1.18.00..,artifact,artifact
oewn-demonstration__1.04.00..,artifact,artifact
oewn-demurrer__1.04.00..,background,background
oewn-denaturant__1.27.00..,artifact,artifact
oewn-denatured__5.00.00.changed.00,artifact,artifact
oewn-denial__1.10.00..,artifact,artifact
oewn-denim__1.06.00..,artifact,artifact
oewn-denim__1.06.03..,artifact,artifact
oewn-denomination__1.14.00..,artifact,artifact
oewn-denote__2.32.01..,artifact,artifact
oewn-dense__5.00.00.impenetrable.00,artifact,artifact
oewn-dense__5.00.00.thick.02,artifact,artifact
oewn-dense__5.00.01.concentrated.00,artifact,artifact
oewn-densely__4.02.01..,artifact,artifact
oewn-denseness__1.09.01..,artifact,artifact
oewn-density__1.07.00..,artifact,artifact
oewn-density__1.07.01..,background,background
oewn-dental__1.10.00..,graph_data,graph_data
oewn-dentine__1.27.00..,graph_data,graph_data
oewn-dentist__1.18.00..,artifact,artifact
oewn-depart__2.38.01..,closed,closed
oewn-depart__2.38.04..,background,background
oewn-departing__5.00.01.outgoing.00,background,background
oewn-department__1.14.00..,artifact,artifact
oewn-department__1.15.00..,artifact,artifact
oewn-departure__1.04.00..,artifact,background
oewn-departure__1.11.00..,artifact,artifact
oewn-depend__2.42.00..,artifact,background
oewn-dependable__5.00.00.trustworthy.00,background,background
oewn-dependence__1.26.00..,background,background
oewn-dependency__1.26.00..,background,background
oewn-dependent__1.18.00..,artifact,artifact
oewn-dependent__3.00.00..,artifact,artifact
oewn-dependent__5.00.00.conditional.00,artifact,external
oewn-depicted__5.00.00.delineated.00,artifact,artifact
oewn-depleted__5.00.00.insufficient.00,background,background
oewn-deplorable__5.00.00.inferior.02,artifact,artifact
oewn-deportment__1.07.00..,background,background
oewn-deposit__1.19.00..,artifact,artifact
oewn-deposit__1.21.00..,artifact,artifact
oewn-deposit__1.21.02..,artifact,artifact
oewn-deposit__1.22.00..,artifact,artifact
oewn-deposit__2.35.00..,artifact,artifact
oewn-deposition__1.22.00..,artifact,artifact
oewn-depository__1.06.00..,artifact,artifact
oewn-depravity__1.07.00..,artifact,artifact
oewn-depreciation__1.04.00..,artifact,artifact
oewn-depressed__5.00.00.low.02,artifact,artifact
oewn-depressingly__4.02.00..,artifact,artifact
oewn-depression__1.25.00..,artifact,artifact
oewn-depression__1.26.00..,artifact,artifact
oewn-depression__1.26.02..,artifact,artifact
oewn-deprivation__1.04.00..,artifact,background
oewn-deprivation__1.26.00..,artifact,background
oewn-deprive__2.40.01..,artifact,artifact
oewn-depth__1.07.00..,artifact,artifact
oewn-depth__1.26.00..,artifact,artifact
oewn-depths__1.15.00..,artifact,artifact
oewn-derivable__5.00.00.derived.00,background,background
oewn-derivation__1.15.00..,artifact,artifact
oewn-derivative__1.09.00..,artifact,artifact
oewn-derive__2.31.00..,artifact,artifact
oewn-derived__3.00.00..,background,background
oewn-dermis__1.08.00..,artifact,artifact
oewn-derris__1.20.00..,graph_data,graph_data
oewn-descend__2.38.00..,artifact,artifact
oewn-descendants__1.14.00..,background,background
oewn-descending__3.00.00..,artifact,artifact
oewn-descent__1.11.00..,artifact,artifact
oewn-describe__2.31.00..,artifact,artifact
oewn-describe__2.32.00..,artifact,artifact
oewn-described__5.00.00.delineated.00,background,background
oewn-description__1.10.01..,artifact,artifact
oewn-descriptive__3.00.02..,artifact,artifact
oewn-desert__1.07.00..,artifact,artifact
oewn-deserve__2.42.00..,background,background
oewn-deserved__3.00.00..,artifact,artifact
oewn-deserving__5.00.00.worthy.00,background,background
oewn-deservingness__1.07.00..,artifact,artifact
oewn-design__1.04.00..,background,background
oewn-design__1.06.00..,background,background
oewn-design__1.09.01..,background,background
oewn-design__2.36.02..,background,background
oewn-designate__2.32.00..,artifact,artifact
oewn-designed__3.00.00..,artifact,artifact
oewn-designing__1.04.00..,artifact,artifact
oewn-desirable__3.00.00..,artifact,artifact
oewn-desirable__5.00.00.eligible.00,artifact,artifact
oewn-desire__1.07.00..,closed,closed
oewn-desire__1.12.00..,closed,closed
oewn-desire__2.37.00..,closed,closed
oewn-desire__2.37.01..,closed,closed
oewn-desire__2.37.02..,closed,closed
oewn-desired__5.00.00.wanted.00,circular,circular
oewn-desirous__3.00.00..,closed,closed
oewn-desolation__1.11.00..,external,external
oewn-despicable__5.00.00.evil.00,artifact,artifact
oewn-despite__1.12.00..,artifact,artifact
oewn-despondent__5.00.00.hopeless.00,artifact,background
oewn-dessert__1.13.00..,external,external
oewn-destination__1.15.00..,artifact,artifact
oewn-destined__5.00.00.oriented.00,artifact,artifact
oewn-destiny__1.11.00..,artifact,artifact
oewn-destroy__2.35.00..,artifact,artifact
oewn-destroy__2.36.00..,artifact,artifact
oewn-destroyed__3.00.00..,artifact,artifact
oewn-destroyed__5.00.00.lost.02,artifact,artifact
oewn-destruction__1.04.00..,background,background
oewn-destruction__1.11.00..,background,background
oewn-destruction__1.26.00..,background,background
oewn-destructive__3.00.00..,artifact,artifact
oewn-detachable__3.00.00..,artifact,artifact
oewn-detached__5.00.00.separate.00,artifact,background
oewn-detached__5.00.00.unconcerned.00,artifact,artifact
oewn-detachment__1.12.00..,artifact,artifact
oewn-detail__1.09.00..,artifact,artifact
oewn-detail__2.32.00..,artifact,artifact
oewn-detailed__5.00.00.careful.00,artifact,artifact
oewn-details__1.10.00..,artifact,artifact
oewn-detect__2.39.00..,artifact,artifact
oewn-detectable__5.00.00.perceptible.00,background,background
oewn-detected__3.00.00..,background,background
oewn-detected__5.00.00.noticed.00,background,background
oewn-detecting__1.04.00..,artifact,artifact
oewn-detection__1.09.00..,artifact,artifact
oewn-deter__2.32.01..,artifact,artifact
oewn-deteriorate__2.30.00..,artifact,artifact
oewn-deterioration__1.26.00..,artifact,artifact
oewn-determination__1.04.00..,background,background
oewn-determination__1.07.00..,background,background
oewn-determine__2.31.02..,background,background
oewn-determine__2.32.00..,background,background
oewn-determine__2.32.01..,background,background
oewn-determined__3.00.00..,background,background
oewn-determined__5.00.00.resolute.00,background,background
oewn-determining__5.00.00.decisive.00,background,background
oewn-determinism__1.09.00..,artifact,artifact
oewn-detonator__1.06.00..,artifact,artifact
oewn-detrimental__5.00.00.harmful.00,background,background
oewn-devastation__1.26.00..,artifact,artifact
oewn-develop__2.29.00..,artifact,artifact
oewn-develop__2.30.01..,artifact,artifact
oewn-develop__2.36.01..,artifact,artifact
oewn-developed__3.00.00..,artifact,artifact
oewn-developed__5.00.00.industrial.00,artifact,artifact
oewn-developing__1.22.00..,background,background
oewn-development__1.04.01..,artifact,artifact
oewn-development__1.04.02..,artifact,artifact
oewn-development__1.10.00..,artifact,artifact
oewn-development__1.11.01..,artifact,artifact
oewn-development__1.22.01..,artifact,artifact
oewn-development__1.22.02..,artifact,artifact
oewn-development__1.26.00..,artifact,artifact
oewn-developmental__3.01.00..,artifact,artifact
oewn-deviation__1.11.00..,artifact,artifact
oewn-device__1.06.00..,artifact,artifact
oewn-device__1.10.00..,artifact,artifact
oewn-devious__5.00.00.indirect.02,artifact,artifact
oewn-devise__2.36.00..,artifact,artifact
oewn-devoid__5.00.00.nonexistent.00,artifact,artifact
oewn-devote__2.32.00..,artifact,artifact
oewn-devoted__5.00.00.dedicated.00,artifact,artifact
oewn-devoted__5.00.02.dedicated.00,artifact,artifact
oewn-devotion__1.04.00..,artifact,artifact
oewn-devotion__1.12.00..,external,external
oewn-devouring__5.00.00.desirous.00,background,background
oewn-dexterity__1.09.00..,artifact,artifact
oewn-dexterous__5.00.00.adroit.00,artifact,artifact
oewn-diagnosis__1.04.00..,artifact,artifact
oewn-diagonal__1.25.00..,artifact,background
oewn-diagonal__1.25.01..,artifact,artifact
oewn-diagram__1.06.00..,artifact,artifact
oewn-diagrammatic__5.00.00.delineated.00,background,background
oewn-dial__1.06.00..,background,background
oewn-dial__2.31.00..,background,background
oewn-dial__2.32.00..,background,background
oewn-dialectal__3.01.00..,artifact,artifact
oewn-dialogue__1.10.01..,artifact,artifact
oewn-diamagnetic__3.01.00..,background,background
oewn-diameter__1.07.00..,background,background
oewn-diamond__1.06.02..,external,external
oewn-diamond__1.21.00..,artifact,artifact
oewn-diamond__1.27.00..,artifact,artifact
oewn-diaphragm__1.06.00..,artifact,artifact
oewn-diaphragm__1.08.00..,artifact,artifact
oewn-diarrhea__1.26.00..,artifact,artifact
oewn-diary__1.10.00..,artifact,artifact
oewn-diatomic__3.01.00..,artifact,artifact
oewn-diatonic__5.00.00.tonal.00,artifact,artifact
oewn-dickens__1.18.00..,artifact,artifact
oewn-dicot__1.20.00..,artifact,artifact
oewn-dicotyledonous__3.00.00..,external,external
oewn-dictation__1.10.01..,artifact,artifact
oewn-dictator__1.18.00..,artifact,artifact
oewn-dictator__1.18.02..,artifact,artifact
oewn-diencephalon__1.08.00..,artifact,artifact
oewn-diet__1.13.00..,artifact,external
oewn-diet__2.34.00..,artifact,artifact
oewn-differ__2.42.00..,closed,closed
oewn-difference__1.07.00..,artifact,artifact
oewn-difference__1.10.00..,artifact,artifact
oewn-different__3.00.00..,closed,closed
oewn-different__5.00.00.other.00,closed,closed
oewn-different__5.00.00.unusual.00,closed,closed
oewn-different__5.00.01.other.00,closed,closed
oewn-differential__1.09.00..,artifact,artifact
oewn-differentiate__2.30.01..,artifact,artifact
oewn-differentiated__3.00.00..,artifact,artifact
oewn-differentiated__5.00.00.specialized.00,artifact,artifact
oewn-difficult__3.00.00..,closed,closed
oewn-difficulty__1.04.00..,background,background
oewn-difficulty__1.07.00..,background,background
oewn-diffidence__1.12.00..,background,background
oewn-diffuse__2.35.00..,background,background
oewn-diffuse__2.38.00..,background,background
oewn-diffuse__3.00.00..,background,background
oewn-diffused__5.00.00.distributed.00,background,background
oewn-diffusely__4.02.00..,background,background
oewn-diffusing__5.00.00.distributive.00,artifact,artifact
oewn-diffusion__1.22.00..,artifact,artifact
oewn-digest__1.10.01..,artifact,artifact
oewn-digestible__3.00.00..,artifact,artifact
oewn-digestion__1.22.01..,artifact,artifact
oewn-digestive__1.27.00..,artifact,artifact
oewn-digging__1.04.00..,artifact,background
oewn-digit__1.23.00..,artifact,artifact
oewn-digital__3.01.01..,artifact,artifact
oewn-digitalis__1.20.00..,background,background
oewn-digitalis__1.27.00..,background,background
oewn-dignified__5.00.00.proud.00,artifact,artifact
oewn-dignitary__1.18.00..,artifact,artifact
oewn-dignity__1.07.00..,artifact,artifact
oewn-dilation__1.10.00..,artifact,artifact
oewn-diligent__5.00.00.patient.00,artifact,artifact
oewn-dill__1.20.00..,artifact,artifact
oewn-diluted__3.00.00..,background,background
oewn-dilution__1.27.00..,background,background
oewn-dimension__1.07.00..,artifact,external
oewn-dimensional__3.01.00..,closed,closed
oewn-diminished__3.00.04..,artifact,artifact
oewn-diminished__5.00.00.impaired.00,artifact,artifact
oewn-diminution__1.22.00..,background,background
oewn-diminutive__1.10.00..,artifact,artifact
oewn-dimorphic__3.01.00..,artifact,artifact
oewn-dinar__1.23.09..,background,background
oewn-dining__1.04.00..,artifact,artifact
oewn-dinner__1.13.00..,artifact,external
oewn-dinner__1.14.00..,closed,closed
oewn-diocese__1.15.00..,artifact,artifact
oewn-diode__1.06.00..,artifact,artifact
oewn-dioecious__3.00.00..,artifact,artifact
oewn-diorite__1.27.00..,artifact,artifact
oewn-diphtheria__1.26.00..,artifact,artifact
oewn-dipterous__3.01.00..,graph_data,graph_data
oewn-dire__5.00.00.critical.03,artifact,artifact
oewn-direct__2.31.00..,background,background
oewn-direct__2.31.01..,background,background
oewn-direct__2.32.00..,background,background
oewn-direct__2.32.01..,background,background
oewn-direct__2.33.00..,background,background
oewn-direct__2.38.03..,background,background
oewn-direct__3.00.03..,background,background
oewn-direct__3.00.04..,background,background
oewn-direct__5.00.00.immediate.00,background,background
oewn-directed__5.00.00.oriented.00,artifact,artifact
oewn-directing__5.00.00.leading.00,background,background
oewn-direction__1.04.01..,background,background
oewn-direction__1.09.00..,background,background
oewn-direction__1.10.00..,background,background
oewn-direction__1.15.00..,background,background
oewn-direction__1.24.00..,background,background
oewn-directly__4.02.00..,artifact,artifact
oewn-directly__4.02.07..,artifact,artifact
oewn-directness__1.07.01..,background,background
oewn-directory__1.10.01..,artifact,artifact
oewn-dirt__1.26.00..,artifact,background
oewn-dirt__1.27.01..,artifact,artifact
oewn-dirty__2.35.00..,artifact,artifact
oewn-dirty__3.00.01..,artifact,artifact
oewn-dirty__5.00.00.nasty.00,artifact,artifact
oewn-disability__1.26.00..,artifact,artifact
oewn-disadvantage__1.07.00..,background,background
oewn-disadvantage__2.41.00..,background,background
oewn-disagree__2.32.00..,closed,closed
oewn-disagreeable__3.00.00..,background,background
oewn-disagreement__1.10.00..,artifact,artifact
oewn-disagreement__1.26.00..,artifact,artifact
oewn-disappear__2.30.00..,artifact,artifact
oewn-disappointment__1.12.00..,artifact,artifact
oewn-disapproval__1.10.00..,artifact,artifact
oewn-disapproval__1.12.00..,closed,closed
oewn-disapprove__2.31.00..,artifact,background
oewn-disavowal__1.10.00..,artifact,artifact
oewn-disbelief__1.09.00..,background,background
oewn-disbelief__1.09.01..,artifact,artifact
oewn-disc__1.06.01..,artifact,artifact
oewn-discarded__5.00.00.unwanted.00,closed,closed
oewn-discernment__1.09.00..,artifact,artifact
oewn-discernment__1.09.01..,external,external
oewn-discharge__1.11.00..,artifact,artifact
oewn-discharge__1.11.01..,artifact,artifact
oewn-discharge__2.35.06..,artifact,artifact
oewn-discharge__2.41.00..,artifact,artifact
oewn-discharged__5.00.00.unemployed.00,artifact,background
oewn-discipline__1.09.00..,background,background
oewn-discipline__1.09.01..,artifact,artifact
oewn-disciplined__5.00.00.controlled.00,closed,closed
oewn-disclosure__1.10.00..,artifact,artifact
oewn-discoloration__1.07.00..,artifact,artifact
oewn-discomfort__1.12.00..,background,background
oewn-discomfort__1.26.00..,background,background
oewn-discomposure__1.12.00..,artifact,artifact
oewn-disconnected__3.00.02..,artifact,artifact
oewn-disconnected__5.00.00.staccato.00,artifact,artifact
oewn-discontent__1.12.00..,artifact,artifact
oewn-discontent__2.37.00..,artifact,artifact
oewn-discontent__3.00.00..,artifact,artifact
oewn-discontinue__2.42.00..,artifact,artifact
oewn-discord__1.26.00..,artifact,artifact
oewn-discourse__1.10.01..,artifact,artifact
oewn-discourse__2.32.02..,artifact,artifact
oewn-discourteous__3.00.00..,artifact,artifact
oewn-discover__2.31.01..,background,background
oewn-discover__2.39.03..,background,background
oewn-discover__2.40.00..,background,background
oewn-discovered__5.00.00.determined.00,artifact,artifact
oewn-discovery__1.04.00..,artifact,artifact
oewn-discovery__1.10.01..,artifact,artifact
oewn-discredit__1.26.00..,artifact,artifact
oewn-discredited__5.00.00.disreputable.00,artifact,artifact
oewn-discrete__5.00.00.separate.00,artifact,artifact
oewn-discretion__1.26.00..,artifact,artifact
oewn-discriminate__3.00.00..,artifact,artifact
oewn-discrimination__1.04.00..,artifact,artifact
oewn-discuss__2.32.01..,artifact,artifact
oewn-discussion__1.10.00..,artifact,artifact
oewn-discussion__1.10.02..,artifact,artifact
oewn-disdain__1.12.00..,artifact,artifact
oewn-disease__1.26.00..,artifact,artifact
oewn-diseased__5.00.00.unhealthy.00,artifact,artifact
oewn-disgrace__1.26.00..,background,background
oewn-disgraceful__5.00.00.immoral.00,artifact,artifact
oewn-disgust__2.37.00..,artifact,artifact
oewn-disgusting__5.00.00.offensive.01,artifact,artifact
oewn-disgustingly__4.02.00..,artifact,artifact
oewn-dish__1.06.00..,background,background
oewn-dishonest__3.00.00..,artifact,artifact
oewn-dishonor__1.26.00..,background,background
oewn-dishonor__2.41.00..,background,background
oewn-dishonor__2.41.02..,background,background
oewn-dishware__1.06.00..,artifact,artifact
oewn-disillusionment__1.09.00..,artifact,artifact
oewn-disinfectant__1.06.00..,artifact,artifact
oewn-disintegrate__2.30.00..,artifact,artifact
oewn-disintegration__1.22.02..,artifact,artifact
oewn-disintegration__1.26.00..,closed,closed
oewn-disjoint__2.35.00..,background,background
oewn-disjoint__2.35.01..,background,background
oewn-disk__1.06.02..,artifact,artifact
oewn-disk__1.06.03..,artifact,artifact
oewn-disk__1.25.00..,artifact,artifact
oewn-dislike__1.12.00..,background,background
oewn-dismissed__5.00.00.unemployed.00,artifact,background
oewn-disobedience__1.04.00..,artifact,artifact
oewn-disorder__1.26.03..,artifact,artifact
oewn-disorder__2.37.00..,artifact,artifact
oewn-disorderliness__1.26.00..,artifact,artifact
oewn-disorderly__3.00.00..,artifact,artifact
oewn-disorderly__5.00.00.untidy.00,artifact,artifact
oewn-disparagement__1.10.00..,background,background
oewn-disparaging__5.00.00.uncomplimentary.00,artifact,artifact
oewn-disparity__1.07.00..,artifact,artifact
oewn-dispensed__5.00.00.distributed.00,artifact,artifact
oewn-disperse__2.32.00..,background,background
oewn-disperse__2.35.00..,artifact,artifact
oewn-dispersed__5.00.00.distributed.00,background,background
oewn-displacement__1.04.00..,artifact,artifact
oewn-display__1.06.01..,background,background
oewn-display__1.10.01..,background,background
oewn-display__1.10.02..,background,background
oewn-display__2.39.00..,background,background
oewn-displeased__3.00.00..,background,background
oewn-displeasure__1.12.00..,artifact,artifact
oewn-disposal__1.07.00..,artifact,background
oewn-dispose__2.40.11..,artifact,artifact
oewn-disposed__5.00.00.inclined.02,artifact,artifact
oewn-disposed__5.00.00.willing.00,closed,closed
oewn-disposition__1.07.00..,background,background
oewn-disposition__1.07.02..,background,background
oewn-disputant__1.18.00..,artifact,artifact
oewn-dispute__1.10.00..,background,background
oewn-dispute__2.32.00..,background,background
oewn-disputed__5.00.00.controversial.00,artifact,artifact
oewn-disregard__1.09.00..,artifact,artifact
oewn-disregard__2.32.02..,artifact,artifact
oewn-disregarded__5.00.00.unnoticed.00,artifact,artifact
oewn-disregarding__4.02.00..,artifact,external
oewn-disrespectful__3.00.00..,artifact,artifact
oewn-disruption__1.04.02..,artifact,background
oewn-dissatisfaction__1.12.00..,background,background
oewn-dissatisfied__5.00.00.discontented.00,artifact,artifact
oewn-dissected__5.00.00.compound.00,artifact,artifact
oewn-dissemination__1.10.00..,artifact,artifact
oewn-dissent__1.04.01..,artifact,external
oewn-dissent__1.10.02..,artifact,artifact
oewn-dissent__2.41.00..,artifact,artifact
oewn-dissimilar__3.00.00..,closed,closed
oewn-dissimilarity__1.07.00..,artifact,artifact
oewn-dissimulation__1.04.00..,artifact,background
oewn-dissipate__2.38.01..,artifact,artifact
oewn-dissipated__5.00.00.immoral.00,artifact,artifact
oewn-dissolution__1.22.00..,artifact,artifact
oewn-dissolve__1.10.00..,artifact,artifact
oewn-dissolved__5.00.00.melted.00,background,background
oewn-dissolving__1.22.00..,background,background
oewn-dissonance__1.09.00..,artifact,artifact
oewn-dissonant__5.00.02.inharmonious.00,artifact,artifact
oewn-distal__3.00.01..,artifact,artifact
oewn-distance__1.07.00..,background,background
oewn-distance__1.07.01..,background,background
oewn-distance__1.28.01..,background,background
oewn-distance__2.38.00..,background,background
oewn-distance__2.42.00..,background,background
oewn-distant__3.00.01..,artifact,artifact
oewn-distant__5.00.00.reserved.01,artifact,circular
oewn-distant__5.00.02.far.00,artifact,artifact
oewn-distasteful__5.00.00.unpalatable.00,artifact,artifact
oewn-distended__5.00.01.unhealthy.00,artifact,artifact
oewn-distensible__5.00.00.expansive.00,artifact,artifact
oewn-distinct__3.00.00..,background,background
oewn-distinct__5.00.00.clear.00,background,background
oewn-distinct__5.00.00.different.00,background,background
oewn-distinct__5.00.00.separate.00,background,background
oewn-distinctive__5.00.00.characteristic.00,background,background
oewn-distinctiveness__1.07.02..,background,background
oewn-distinctly__4.02.00..,artifact,artifact
oewn-distinctly__4.02.03..,background,background
oewn-distinguish__2.31.00..,background,background
oewn-distinguish__2.31.01..,background,background
oewn-distinguish__2.31.02..,background,background
oewn-distinguishable__3.00.00..,background,background
oewn-distinguished__5.00.00.important.00,artifact,artifact
oewn-distorted__5.00.00.unshapely.00,artifact,artifact
oewn-distortion__1.11.00..,artifact,artifact
oewn-distress__1.12.02..,artifact,artifact
oewn-distress__1.26.00..,artifact,artifact
oewn-distress__1.26.01..,background,background
oewn-distressing__5.00.00.heavy.02,artifact,artifact
oewn-distribute__2.40.00..,closed,closed
oewn-distribute__2.42.02..,closed,closed
oewn-distributed__3.00.00..,background,background
oewn-distribution__1.04.00..,artifact,artifact
oewn-distribution__1.04.01..,artifact,artifact
oewn-distribution__1.09.00..,artifact,artifact
oewn-district__1.15.00..,artifact,artifact
oewn-distrust__1.09.00..,artifact,artifact
oewn-disturb__2.37.00..,artifact,artifact
oewn-disturbance__1.11.00..,artifact,artifact
oewn-disturbance__1.11.01..,artifact,artifact
oewn-disturbance__1.26.01..,artifact,artifact
oewn-disturbed__5.00.00.disarranged.00,artifact,artifact
oewn-disuse__1.26.00..,artifact,artifact
oewn-ditch__1.06.00..,artifact,artifact
oewn-diurnal__3.00.00..,artifact,artifact
oewn-diurnal__5.00.00.periodic.00,artifact,artifact
oewn-diverge__2.38.00..,artifact,artifact
oewn-diverging__3.00.00..,artifact,artifact
oewn-diverse__5.00.02.different.00,background,background
oewn-diversion__1.04.00..,artifact,artifact
oewn-diversity__1.07.02..,artifact,artifact
oewn-diverticulitis__1.26.00..,graph_data,graph_data
oewn-diverticulum__1.26.00..,artifact,artifact
oewn-diverting__5.00.00.interesting.00,artifact,artifact
oewn-divide__1.26.00..,artifact,artifact
oewn-divided__3.00.00..,background,background
oewn-divided__5.00.00.distributed.00,artifact,artifact
oewn-divided__5.00.00.multilane.00,artifact,artifact
oewn-divination__1.10.01..,artifact,artifact
oewn-divine__1.18.00..,artifact,artifact
oewn-divine__1.18.01..,artifact,artifact
oewn-divine__2.39.00..,artifact,artifact
oewn-divinely__4.02.00..,artifact,artifact
oewn-divinity__1.09.00..,artifact,artifact
oewn-divinity__1.18.00..,artifact,artifact
oewn-divisible__3.00.00..,artifact,artifact
oewn-division__1.04.01..,artifact,artifact
oewn-division__1.14.00..,artifact,artifact
oewn-division__1.14.02..,artifact,artifact
oewn-division__1.14.05..,artifact,artifact
oewn-divorce__1.04.00..,artifact,artifact
oewn-dizziness__1.26.00..,artifact,background
oewn-do__1.10.00..,artifact,closed
oewn-do__2.36.00..,artifact,closed
oewn-do__2.36.02..,artifact,closed
oewn-do__2.41.01..,artifact,closed
oewn-dockyard__1.15.00..,background,background
oewn-doctor__1.18.00..,artifact,background
oewn-doctrine__1.09.00..,artifact,artifact
oewn-document__1.10.00..,artifact,artifact
oewn-documentary__1.10.00..,artifact,artifact
oewn-documentation__1.10.00..,artifact,artifact
oewn-documentation__1.10.01..,artifact,artifact
oewn-dodder__1.20.00..,artifact,artifact
oewn-dogma__1.10.00..,artifact,artifact
oewn-dogwood__1.20.00..,artifact,artifact
oewn-dollar__1.21.00..,background,background
oewn-dollar__1.21.01..,background,background
oewn-dolomite__1.27.00..,artifact,artifact
oewn-dolomite__1.27.01..,artifact,artifact
oewn-domain__1.14.01..,artifact,artifact
oewn-domain__1.15.00..,artifact,artifact
oewn-domain__1.26.00..,artifact,artifact
oewn-dome__1.06.00..,artifact,artifact
oewn-dome__1.25.00..,artifact,artifact
oewn-domestic__1.18.00..,closed,closed
oewn-domestic__5.00.00.native.01,closed,closed
oewn-domestic__5.00.00.tame.01,closed,closed
oewn-domesticated__5.00.00.tame.01,artifact,artifact
oewn-dominance__1.26.00..,artifact,background
oewn-dominant__1.10.00..,artifact,artifact
oewn-dominate__2.41.00..,artifact,artifact
oewn-dominated__5.00.00.controlled.00,artifact,artifact
oewn-dominion__1.15.00..,artifact,artifact
oewn-done__5.00.00.finished.01,background,background
oewn-donkey__1.10.00..,background,background
oewn-donor__1.18.01..,background,background
oewn-doomed__1.14.00..,artifact,artifact
oewn-door__1.06.00..,artifact,artifact
oewn-door__1.06.01..,artifact,artifact
oewn-dooryard__1.06.00..,artifact,artifact
oewn-dorsal__3.00.00..,artifact,artifact
oewn-dosage__1.23.00..,artifact,artifact
oewn-dose__1.06.00..,artifact,artifact
oewn-dose__1.23.00..,artifact,artifact
oewn-dose__2.30.00..,artifact,artifact
oewn-double__1.04.00..,graph_data,graph_data
oewn-double__4.02.00..,closed,closed
oewn-double__4.02.02..,background,background
oewn-doublet__1.06.00..,artifact,artifact
oewn-doubly__4.02.00..,closed,closed
oewn-doubt__1.07.00..,background,background
oewn-doubt__1.09.00..,background,background
oewn-dough__1.13.00..,artifact,artifact
oewn-dough__1.21.00..,background,background
oewn-dove__1.05.00..,artifact,artifact
oewn-dove__1.13.00..,artifact,artifact
oewn-dowitcher__1.05.00..,artifact,artifact
oewn-down__1.05.00..,closed,closed
oewn-down__1.18.00..,artifact,artifact
oewn-down__2.34.00..,artifact,artifact
oewn-down__2.35.00..,artifact,artifact
oewn-down__3.00.00..,artifact,artifact
oewn-down__4.02.00..,artifact,artifact
oewn-down__5.00.00.descending.00,artifact,artifact
oewn-downfield__4.02.00..,artifact,artifact
oewn-downpour__1.19.00..,artifact,artifact
oewn-downright__4.02.00..,artifact,artifact
oewn-downward__4.02.00..,background,background
oewn-downward__5.00.00.descending.00,background,background
oewn-downward__5.00.00.down.00,background,background
oewn-downy__5.00.00.soft.01,artifact,artifact
oewn-dozen__1.23.00..,artifact,artifact
oewn-drab__5.00.00.dull.03,artifact,artifact
oewn-draft__1.10.00..,artifact,artifact
oewn-draft__1.21.00..,artifact,artifact
oewn-drafting__1.04.01..,artifact,artifact
oewn-drag__2.38.00..,artifact,artifact
oewn-dragging__5.00.00.effortful.00,artifact,artifact
oewn-dragon__1.17.00..,artifact,artifact
oewn-dragon__1.18.02..,graph_data,graph_data
oewn-drainage__1.04.00..,artifact,artifact
oewn-drained__5.00.00.tired.00,background,background
oewn-draining__5.00.00.debilitating.00,artifact,artifact
oewn-drainpipe__1.06.00..,artifact,artifact
oewn-dram__1.23.02..,artifact,artifact
oewn-drama__1.10.01..,background,background
oewn-dramatic__3.00.00..,background,background
oewn-dramatic__5.00.00.impressive.00,artifact,artifact
oewn-dramatically__4.02.02..,artifact,artifact
oewn-dramatist__1.18.00..,closed,closed
oewn-drastic__5.00.00.forceful.00,artifact,artifact
oewn-draw__1.17.00..,artifact,artifact
oewn-draw__2.35.01..,artifact,artifact
oewn-draw__2.35.03..,artifact,artifact
oewn-draw__2.35.06..,artifact,artifact
oewn-drawback__1.07.00..,artifact,artifact
oewn-drawer__1.06.00..,artifact,artifact
oewn-drawers__1.06.02..,artifact,artifact
oewn-drawing__1.04.02..,artifact,artifact
oewn-drawing__1.04.04..,artifact,artifact
oewn-drawing__1.10.00..,artifact,artifact
oewn-drawn__5.00.00.closed.01,background,background
oewn-drawn__5.00.00.tired.00,background,background
oewn-drawstring__1.06.00..,artifact,artifact
oewn-dress__1.06.00..,closed,closed
oewn-dress__1.06.01..,closed,closed
oewn-dressage__1.04.00..,artifact,artifact
oewn-dressed__5.00.00.clothed.00,artifact,artifact
oewn-dressed__5.00.00.treated.02,background,background
oewn-dressing__1.06.00..,artifact,artifact
oewn-dressing__1.13.01..,artifact,artifact
oewn-dried__5.00.00.dry.01,artifact,artifact
oewn-drier__1.27.00..,graph_data,graph_data
oewn-drifting__5.00.00.unsettled.01,artifact,artifact
oewn-drill__1.04.01..,background,background
oewn-drilled__5.00.00.trained.00,artifact,artifact
oewn-drilling__1.04.00..,artifact,artifact
oewn-drilling__1.04.01..,artifact,artifact
oewn-drink__1.13.04..,artifact,artifact
oewn-drink__2.34.00..,artifact,background
oewn-drinker__1.18.01..,closed,closed
oewn-drinking__1.04.00..,artifact,artifact
oewn-drive__1.04.03..,artifact,artifact
oewn-drive__1.04.04..,artifact,artifact
oewn-drive__2.38.01..,artifact,artifact
oewn-driven__5.00.00.involuntary.01,artifact,artifact
oewn-driver__1.06.00..,artifact,artifact
oewn-driver__1.18.00..,artifact,artifact
oewn-driving__1.04.03..,artifact,artifact
oewn-driving__5.00.00.dynamic.00,artifact,artifact
oewn-driving__5.00.00.energetic.00,artifact,artifact
oewn-drooping__5.00.00.tired.00,artifact,artifact
oewn-drooping__5.00.00.unerect.00,artifact,external
oewn-drop__1.06.01..,artifact,background
oewn-dropkick__2.35.00..,artifact,artifact
oewn-dropkick__2.35.02..,artifact,artifact
oewn-dropping__5.00.00.descending.00,artifact,artifact
oewn-dropseed__1.20.00..,background,background
oewn-drowsiness__1.26.00..,artifact,artifact
oewn-drug__1.06.00..,closed,closed
oewn-drug__2.29.00..,closed,closed
oewn-drug__2.34.00..,closed,closed
oewn-drum__1.06.00..,artifact,artifact
oewn-drunk__1.18.00..,artifact,artifact
oewn-drunk__5.00.00.excited.00,background,background
oewn-drunkenness__1.26.00..,artifact,artifact
oewn-dryness__1.26.00..,artifact,artifact
oewn-dual__5.00.00.plural.00,background,background
oewn-dualism__1.09.00..,artifact,artifact
oewn-duct__1.08.00..,artifact,artifact
oewn-duct__1.20.00..,artifact,artifact
oewn-ductile__5.00.00.tractable.00,background,background
oewn-ductless__3.01.00..,artifact,artifact
oewn-duke__1.18.00..,artifact,artifact
oewn-dull__2.30.00..,artifact,artifact
oewn-dull__2.35.01..,artifact,artifact
oewn-dull__5.00.00.soft.04,artifact,artifact
oewn-dull__5.00.00.unreverberant.00,artifact,artifact
oewn-dull__5.00.00.unsaturated.03,artifact,artifact
oewn-dumb__5.00.00.stupid.00,artifact,artifact
oewn-dummy__1.18.01..,artifact,artifact
oewn-duodenum__1.08.00..,artifact,artifact
oewn-dupe__2.32.00..,artifact,artifact
oewn-duplicator__1.06.00..,artifact,artifact
oewn-durability__1.07.00..,artifact,artifact
oewn-durable__5.00.00.long.02,artifact,artifact
oewn-duration__1.28.00..,artifact,artifact
oewn-duration__1.28.02..,artifact,artifact
oewn-dusky__5.00.00.dark.01,artifact,artifact
oewn-dust__1.27.00..,closed,closed
oewn-dust__1.27.02..,closed,closed
oewn-dust__2.35.00..,closed,closed
oewn-dust__2.35.02..,closed,closed
oewn-dusty__5.00.00.covered.00,artifact,artifact
oewn-dutiable__5.00.00.taxable.00,artifact,artifact
oewn-dutiful__5.00.00.obedient.00,background,background
oewn-dutifully__4.02.00..,artifact,artifact
oewn-duty__1.04.00..,artifact,artifact
oewn-duty__1.04.02..,artifact,artifact
oewn-dwarf__1.18.00..,artifact,artifact
oewn-dwell__2.31.00..,artifact,artifact
oewn-dwelling__1.06.00..,artifact,artifact
oewn-dyed__5.00.00.artificial.00,artifact,artifact
oewn-dyeing__1.04.00..,artifact,artifact
oewn-dying__1.28.00..,background,background
oewn-dynamic__1.16.00..,artifact,artifact
oewn-dynamo__1.06.00..,background,background
oewn-dynasty__1.14.00..,artifact,artifact
oewn-dyne__1.23.00..,artifact,artifact
oewn-eager__1.11.00..,background,background
oewn-eagerly__4.02.00..,artifact,artifact
oewn-eagerness__1.12.00..,artifact,artifact
oewn-eagle__1.05.00..,graph_data,graph_data
oewn-eardrum__1.08.00..,artifact,artifact
oewn-earl__1.18.00..,background,background
oewn-earlier__4.02.00..,background,background
oewn-earlier__4.02.02..,background,background
oewn-earlier__4.02.04..,background,background
oewn-earlier__5.00.00.early.00,background,background
oewn-earliest__4.02.00..,artifact,artifact
oewn-earliest__5.00.00.early.00,artifact,artifact
oewn-early__3.00.00..,closed,closed
oewn-early__3.00.01..,closed,closed
oewn-early__3.00.02..,closed,closed
oewn-early__4.02.00..,closed,closed
oewn-early__4.02.01..,closed,closed
oewn-early__5.00.00.past.00,closed,closed
oewn-early__5.00.00.young.00,closed,closed
oewn-earn__2.40.01..,artifact,artifact
oewn-earn__2.40.03..,external,external
oewn-earned__3.00.00..,artifact,artifact
oewn-earnest__1.21.00..,artifact,artifact
oewn-earnest__5.00.00.serious.00,artifact,artifact
oewn-earnest__5.00.00.sincere.00,artifact,artifact
oewn-earth__1.06.00..,artifact,artifact
oewn-earth__1.09.00..,artifact,artifact
oewn-earth__1.17.00..,artifact,artifact
oewn-earth__1.27.00..,artifact,artifact
oewn-earth__2.35.00..,artifact,artifact
oewn-earth__2.39.00..,artifact,artifact
oewn-earthenware__1.06.00..,artifact,artifact
oewn-earthly__3.00.00..,artifact,artifact
oewn-earthstar__1.20.00..,background,background
oewn-earthy__5.00.00.indecent.00,artifact,artifact
oewn-ease__1.07.00..,external,external
oewn-ease__1.26.02..,artifact,artifact
oewn-ease__2.38.00..,artifact,artifact
oewn-easily__4.02.01..,background,background
oewn-easily__4.02.06..,background,background
oewn-east__1.15.00..,closed,closed
oewn-east__1.15.01..,closed,closed
oewn-east__1.15.02..,closed,closed
oewn-east__3.00.00..,closed,closed
oewn-east__4.02.00..,closed,closed
oewn-easter__1.19.00..,closed,closed
oewn-eastern__3.00.01..,background,background
oewn-eastern__3.00.02..,background,background
oewn-eastern__5.00.00.east.00,background,background
oewn-eastward__1.24.00..,artifact,artifact
oewn-easy__3.00.01..,artifact,artifact
oewn-easy__3.00.02..,external,external
oewn-easy__4.02.01..,external,external
oewn-easy__4.02.02..,artifact,artifact
oewn-easy__5.00.00.available.00,artifact,artifact
oewn-easy__5.00.00.unhurried.00,external,external
oewn-easygoing__5.00.00.unhurried.00,external,external
oewn-eating__1.04.00..,artifact,artifact
oewn-eaves__1.06.00..,artifact,artifact
oewn-ecclesiastical__3.01.00..,artifact,artifact
oewn-echo__1.07.00..,artifact,artifact
oewn-echo__2.32.00..,artifact,artifact
oewn-echo__2.39.00..,artifact,artifact
oewn-echoing__5.00.00.reverberant.00,artifact,artifact
oewn-echolocation__1.04.00..,artifact,artifact
oewn-ecology__1.26.00..,artifact,artifact
oewn-economically__4.02.00..,artifact,artifact
oewn-economics__1.09.00..,artifact,artifact
oewn-economy__1.14.00..,artifact,artifact
oewn-ectoderm__1.05.00..,artifact,artifact
oewn-ectodermal__3.01.00..,artifact,artifact
oewn-edema__1.26.00..,artifact,artifact
oewn-edge__1.06.00..,artifact,artifact
oewn-edge__1.15.00..,background,background
oewn-edge__1.25.00..,background,background
oewn-edge__2.38.00..,artifact,artifact
oewn-edge__2.40.00..,artifact,artifact
oewn-edged__5.00.00.bordered.00,external,external
oewn-edible__1.13.00..,artifact,artifact
oewn-edict__1.10.01..,artifact,artifact
oewn-edifice__1.06.00..,artifact,artifact
oewn-edit__2.30.00..,artifact,artifact
oewn-editing__1.10.00..,artifact,artifact
oewn-edition__1.10.02..,artifact,artifact
oewn-educate__2.41.00..,artifact,artifact
oewn-educated__3.00.00..,artifact,artifact
oewn-educated__5.00.00.informed.00,artifact,artifact
oewn-education__1.04.00..,artifact,artifact
oewn-education__1.04.01..,artifact,artifact
oewn-education__1.07.01..,artifact,artifact
oewn-educational__3.01.00..,artifact,artifact
oewn-educator__1.18.00..,artifact,background
oewn-effect__1.07.00..,artifact,artifact
oewn-effect__1.07.01..,artifact,artifact
oewn-effect__1.10.00..,artifact,artifact
oewn-effect__1.19.00..,artifact,artifact
oewn-effect__1.26.00..,artifact,artifact
oewn-effect__2.36.00..,artifact,artifact
oewn-effected__5.00.00.settled.02,artifact,artifact
oewn-effective__3.00.00..,artifact,artifact
oewn-effective__5.00.00.competent.00,artifact,artifact
oewn-effectively__4.02.01..,artifact,artifact
oewn-effectiveness__1.07.00..,artifact,artifact
oewn-effeminate__5.00.00.unmanly.00,artifact,artifact
oewn-efferent__1.08.00..,background,background
oewn-effervescent__3.00.04..,graph_data,graph_data
oewn-effervescing__5.00.00.effervescent.00,graph_data,graph_data
oewn-efficacy__1.07.00..,artifact,artifact
oewn-efficient__3.00.00..,artifact,artifact
oewn-effort__1.04.00..,background,background
oewn-effort__1.04.01..,background,background
oewn-effortful__3.00.00..,artifact,artifact
oewn-eggplant__1.13.00..,graph_data,graph_data
oewn-eggs__1.13.00..,background,background
oewn-egyptian__1.10.00..,artifact,artifact
oewn-egyptian__1.18.00..,artifact,artifact
oewn-eighth__1.23.00..,background,background
oewn-eighth__1.24.00..,background,background
oewn-eighth__5.00.00.ordinal.00,background,background
oewn-ejaculation__1.10.00..,artifact,artifact
oewn-ejaculation__1.22.00..,artifact,artifact
oewn-eject__2.35.01..,artifact,artifact
oewn-ejection__1.04.01..,artifact,artifact
oewn-ejector__1.06.01..,closed,closed
oewn-ejector__1.18.00..,closed,closed
oewn-elaborate__2.32.00..,artifact,artifact
oewn-elaborate__5.00.00.fancy.00,artifact,artifact
oewn-elaborated__5.00.00.careful.00,artifact,artifact
oewn-elaborately__4.02.00..,artifact,artifact
oewn-elaborateness__1.07.00..,artifact,artifact
oewn-elaboration__1.04.01..,artifact,artifact
oewn-elapsed__3.44.00..,background,background
oewn-elastic__1.06.00..,background,background
oewn-elastic__1.06.01..,background,background
oewn-elastic__3.00.00..,background,background
oewn-elastic__5.00.00.adaptable.00,background,background
oewn-elasticity__1.07.00..,artifact,artifact
oewn-elation__1.12.00..,artifact,artifact
oewn-elbow__1.06.00..,closed,closed
oewn-elbow__1.08.00..,closed,closed
oewn-elder__5.00.00.senior.00,artifact,background
oewn-elderly__1.14.00..,artifact,artifact
oewn-eldest__1.18.00..,artifact,artifact
oewn-elect__1.14.00..,artifact,artifact
oewn-elected__3.00.02..,artifact,artifact
oewn-election__1.04.01..,circular,circular
oewn-elective__5.00.00.optional.00,artifact,artifact
oewn-electric__1.06.00..,artifact,background
oewn-electric__5.00.00.tense.03,artifact,external
oewn-electrical__3.01.00..,background,background
oewn-electrically__4.02.00..,background,background
oewn-electricity__1.19.00..,background,background
oewn-electricity__1.19.01..,background,background
oewn-electrode__1.06.00..,artifact,background
oewn-electromagnetic__3.01.00..,background,background
oewn-electrometer__1.06.00..,artifact,artifact
oewn-electron__1.17.00..,artifact,artifact
oewn-electronic__3.01.00..,background,background
oewn-electronically__4.02.00..,background,background
oewn-electropositive__5.00.00.charged.00,artifact,artifact
oewn-electrostatic__3.01.00..,artifact,artifact
oewn-elegance__1.07.00..,artifact,artifact
oewn-element__1.06.00..,artifact,artifact
oewn-element__1.09.00..,artifact,artifact
oewn-element__1.27.00..,artifact,artifact
oewn-elementary__3.01.00..,background,background
oewn-elementary__5.00.00.easy.01,background,background
oewn-elements__1.19.00..,background,background
oewn-elephant__1.05.00..,background,background
oewn-elevated__1.06.00..,artifact,artifact
oewn-elevated__5.00.00.noble.01,artifact,artifact
oewn-elevated__5.00.00.raised.00,artifact,artifact
oewn-elevation__1.07.00..,artifact,artifact
oewn-elevation__1.11.00..,circular,circular
oewn-elevator__1.06.01..,background,background
oewn-eleven__1.23.00..,artifact,artifact
oewn-eleventh__5.00.00.ordinal.00,artifact,artifact
oewn-elicit__2.37.00..,background,background
oewn-eliminate__2.29.00..,closed,closed
oewn-eliminate__2.30.01..,artifact,artifact
oewn-elimination__1.04.02..,artifact,artifact
oewn-elimination__1.22.00..,artifact,artifact
oewn-elixir__1.27.01..,artifact,artifact
oewn-elliptic__5.00.00.simple.01,artifact,artifact
oewn-elliptical__5.00.00.rounded.00,artifact,artifact
oewn-elocution__1.10.00..,artifact,artifact
oewn-elongate__2.30.00..,artifact,external
oewn-elongated__5.00.00.long.01,artifact,external
oewn-elongated__5.00.02.long.01,artifact,artifact
oewn-elongation__1.07.00..,artifact,artifact
oewn-elsewhere__4.02.00..,closed,closed
oewn-elude__2.38.00..,artifact,artifact
oewn-emaciation__1.07.00..,artifact,artifact
oewn-embankment__1.06.00..,artifact,artifact
oewn-embargo__1.10.00..,artifact,artifact
oewn-embark__2.38.00..,artifact,artifact
oewn-embarrassing__5.00.00.difficult.00,artifact,artifact
oewn-embarrassment__1.12.00..,artifact,artifact
oewn-embedded__5.00.00.integrated.02,artifact,artifact
oewn-embellishment__1.10.00..,artifact,artifact
oewn-emblem__1.06.00..,artifact,artifact
oewn-emblematic__5.00.00.representative.00,background,background
oewn-embodied__5.00.00.corporeal.00,artifact,artifact
oewn-embodiment__1.18.00..,artifact,artifact
oewn-embrace__2.42.00..,artifact,artifact
oewn-embroidery__1.10.00..,artifact,artifact
oewn-embryo__1.05.00..,artifact,artifact
oewn-embryo__1.20.00..,artifact,artifact
oewn-embryology__1.09.00..,artifact,artifact
oewn-embryonic__5.00.00.immature.01,artifact,artifact
oewn-emerge__2.30.00..,artifact,artifact
oewn-emergency__1.11.00..,artifact,artifact
oewn-emery__1.27.00..,artifact,artifact
oewn-eminent__5.00.00.superior.01,artifact,artifact
oewn-emission__1.04.00..,artifact,artifact
oewn-emission__1.11.00..,artifact,artifact
oewn-emission__1.22.00..,artifact,artifact
oewn-emission__1.27.00..,artifact,artifact
oewn-emit__2.29.00..,artifact,artifact
oewn-emit__2.43.00..,artifact,artifact
oewn-emotion__1.12.00..,closed,closed
oewn-emotional__3.00.02..,background,background
oewn-emotional__5.00.00.agitated.00,background,background
oewn-emotionally__4.02.01..,background,background
oewn-empathy__1.12.00..,artifact,artifact
oewn-emperor__1.18.00..,artifact,artifact
oewn-emphasis__1.26.00..,background,background
oewn-emphasize__2.32.00..,artifact,artifact
oewn-emphasizing__1.04.00..,artifact,background
oewn-emphatic__5.00.00.stressed.00,artifact,artifact
oewn-emphatically__4.02.00..,background,background
oewn-empire__1.13.00..,artifact,artifact
oewn-empire__1.15.00..,artifact,artifact
oewn-employ__2.34.00..,artifact,artifact
oewn-employ__2.41.00..,external,external
oewn-employed__3.00.00..,artifact,background
oewn-employed__5.00.00.used.00,closed,closed
oewn-employer__1.18.00..,background,background
oewn-employment__1.26.00..,artifact,background
oewn-empress__1.18.00..,artifact,artifact
oewn-empty__1.06.00..,closed,closed
oewn-empty__2.29.00..,closed,closed
oewn-empty__2.30.00..,closed,closed
oewn-empty__2.30.01..,closed,closed
oewn-empty__2.38.00..,closed,closed
oewn-emptying__1.04.00..,artifact,background
oewn-emulsion__1.27.00..,artifact,artifact
oewn-enable__2.30.00..,external,external
oewn-enact__2.41.00..,artifact,artifact
oewn-enamel__1.08.00..,artifact,artifact
oewn-encephalitis__1.26.00..,artifact,artifact
oewn-encircle__2.35.12..,artifact,artifact
oewn-encircling__5.00.00.peripheral.00,artifact,background
oewn-enclose__2.35.00..,artifact,artifact
oewn-enclose__2.35.01..,artifact,artifact
oewn-enclosed__3.00.00..,background,background
oewn-enclosing__1.04.00..,artifact,background
oewn-enclosure__1.06.00..,artifact,artifact
oewn-encouragement__1.10.01..,artifact,artifact
oewn-encouraging__3.00.00..,artifact,artifact
oewn-endangered__5.00.00.vulnerable.00,artifact,artifact
oewn-endearment__1.04.00..,artifact,artifact
oewn-endeavor__1.04.00..,artifact,artifact
oewn-endeavor__1.04.01..,artifact,artifact
oewn-ended__5.00.00.finished.01,background,background
oewn-ending__1.10.00..,artifact,artifact
oewn-ending__1.11.00..,artifact,artifact
oewn-ending__1.28.00..,artifact,artifact
oewn-endless__5.00.00.long.02,artifact,artifact
oewn-endocarditis__1.26.00..,artifact,artifact
oewn-endocardium__1.08.00..,artifact,artifact
oewn-endocrine__1.08.01..,background,background
oewn-endoderm__1.05.00..,artifact,artifact
oewn-endometrial__3.01.00..,artifact,artifact
oewn-endorse__2.41.00..,background,background
oewn-endotoxin__1.27.00..,artifact,artifact
oewn-endowed__3.00.00..,artifact,artifact
oewn-endurance__1.07.00..,artifact,artifact
oewn-endure__2.31.00..,external,external
oewn-endure__2.42.08..,background,background
oewn-enduring__5.00.00.permanent.00,artifact,artifact
oewn-enemy__1.14.00..,artifact,artifact
oewn-enemy__1.18.00..,artifact,artifact
oewn-energetic__3.00.00..,artifact,artifact
oewn-energetic__5.00.00.enterprising.00,artifact,artifact
oewn-energize__2.29.00..,artifact,artifact
oewn-energy__1.14.00..,artifact,artifact
oewn-energy__1.19.00..,artifact,artifact
oewn-energy__1.19.01..,artifact,artifact
oewn-energy__1.26.00..,artifact,artifact
oewn-enfold__2.35.00..,artifact,artifact
oewn-enforce__2.41.00..,artifact,artifact
oewn-enforceable__3.00.00..,artifact,artifact
oewn-enforced__3.00.00..,artifact,artifact
oewn-enforcement__1.04.00..,artifact,artifact
oewn-engage__2.31.00..,background,background
oewn-engage__2.40.00..,background,background
oewn-engage__2.41.06..,background,background
oewn-engaged__5.00.00.employed.00,background,background
oewn-engaged__5.00.00.geared.00,background,background
oewn-engaged__5.00.00.involved.00,background,background
oewn-engaged__5.00.00.occupied.00,background,background
oewn-engaged__5.00.02.busy.00,background,background
oewn-engagement__1.04.01..,artifact,artifact
oewn-engaging__5.00.00.attractive.01,closed,closed
oewn-engagingly__4.02.00..,closed,closed
oewn-engine__1.06.00..,artifact,artifact
oewn-engine__1.06.01..,artifact,artifact
oewn-engine__1.06.02..,artifact,artifact
oewn-english__1.10.00..,artifact,artifact
oewn-english__1.11.00..,artifact,artifact
oewn-engrave__2.35.00..,artifact,artifact
oewn-engraved__5.00.00.carved.00,artifact,artifact
oewn-engraving__1.06.00..,closed,closed
oewn-engraving__1.06.01..,closed,closed
oewn-enhance__2.30.00..,closed,closed
oewn-enjoyable__5.00.00.pleasant.00,artifact,artifact
oewn-enjoyment__1.12.00..,artifact,artifact
oewn-enlarged__3.00.04..,artifact,artifact
oewn-enlarged__5.00.00.large.00,background,background
oewn-enlargement__1.04.00..,artifact,artifact
oewn-enlighten__2.32.00..,background,background
oewn-enlightened__3.00.00..,artifact,artifact
oewn-enlightenment__1.09.00..,artifact,artifact
oewn-enormous__5.00.00.large.00,artifact,background
oewn-enough__1.23.00..,background,background
oewn-enough__5.00.00.sufficient.00,background,background
oewn-ensign__1.18.00..,background,background
oewn-ensure__2.32.00..,closed,closed
oewn-entail__1.21.00..,artifact,artifact
oewn-entangled__5.00.00.involved.00,artifact,artifact
oewn-enter__2.32.04..,artifact,artifact
oewn-enter__2.38.00..,artifact,artifact
oewn-entering__1.11.00..,artifact,artifact
oewn-enteritis__1.26.00..,artifact,artifact
oewn-enterobacteria__1.05.00..,artifact,artifact
oewn-enterokinase__1.27.00..,background,background
oewn-enterprise__1.04.00..,background,background
oewn-entertained__5.00.00.pleased.00,artifact,artifact
oewn-entertainer__1.18.00..,artifact,artifact
oewn-entertaining__5.00.00.interesting.00,artifact,artifact
oewn-entertainment__1.04.00..,artifact,artifact
oewn-enthusiasm__1.09.00..,artifact,artifact
oewn-enthusiasm__1.12.00..,artifact,artifact
oewn-enthusiastic__3.00.00..,artifact,artifact
oewn-entice__2.32.00..,artifact,artifact
oewn-entire__1.05.00..,background,background
oewn-entire__5.00.01.whole.00,background,background
oewn-entirely__4.02.00..,artifact,artifact
oewn-entirely__4.02.02..,artifact,artifact
oewn-entirety__1.26.00..,artifact,artifact
oewn-entity__1.03.00..,background,background
oewn-entrance__1.06.00..,artifact,artifact
oewn-entrap__2.41.00..,artifact,artifact
oewn-entreaty__1.10.00..,artifact,artifact
oewn-entry__1.10.01..,artifact,artifact
oewn-envelop__2.35.00..,artifact,artifact
oewn-envelope__1.06.01..,artifact,artifact
oewn-envelope__1.07.00..,artifact,artifact
oewn-enveloping__5.00.00.close.01,artifact,artifact
oewn-environment__1.15.00..,background,background
oewn-environment__1.26.00..,artifact,artifact
oewn-environmental__3.01.01..,artifact,artifact
oewn-envy__1.12.00..,artifact,artifact
oewn-enzyme__1.27.00..,artifact,artifact
oewn-ephemeral__5.00.00.impermanent.00,artifact,artifact
oewn-epic__1.10.00..,artifact,artifact
oewn-epidermal__3.01.00..,artifact,artifact
oewn-epidermis__1.08.00..,artifact,background
oewn-epididymis__1.08.00..,artifact,artifact
oewn-epidural__1.26.00..,background,background
oewn-epidural__3.01.00..,background,background
oewn-epilepsy__1.26.00..,artifact,artifact
oewn-epinephrine__1.08.00..,artifact,artifact
oewn-epistle__1.10.00..,artifact,artifact
oewn-epithelial__3.01.00..,artifact,artifact
oewn-epithelium__1.08.00..,artifact,artifact
oewn-equal__1.18.00..,artifact,artifact
oewn-equal__2.42.00..,artifact,artifact
oewn-equality__1.07.00..,artifact,artifact
oewn-equally__4.02.01..,closed,closed
oewn-equally__4.02.02..,artifact,artifact
oewn-equating__1.04.00..,artifact,artifact
oewn-equation__1.10.00..,artifact,artifact
oewn-equator__1.15.00..,artifact,artifact
oewn-equatorial__1.06.00..,artifact,artifact
oewn-equidistant__5.00.00.equal.00,background,background
oewn-equilibrium__1.09.00..,artifact,artifact
oewn-equilibrium__1.26.00..,artifact,artifact
oewn-equine__1.05.00..,artifact,artifact
oewn-equip__2.40.00..,artifact,artifact
oewn-equipment__1.06.00..,closed,closed
oewn-equipped__3.00.00..,artifact,artifact
oewn-equipped__3.00.02..,artifact,artifact
oewn-equity__1.21.00..,artifact,artifact
oewn-equivalence__1.26.00..,artifact,artifact
oewn-equivalent__1.07.00..,background,background
oewn-equivalent__1.09.00..,background,background
oewn-equivalent__5.00.00.equal.00,background,background
oewn-erect__2.36.00..,artifact,artifact
oewn-erect__2.38.00..,background,background
oewn-erect__3.00.00..,artifact,artifact
oewn-erect__5.00.00.hard.01,artifact,artifact
oewn-erectile__5.00.00.erect.00,artifact,artifact
oewn-ergot__1.20.00..,background,background
oewn-ergot__1.26.00..,background,background
oewn-ergotic__3.01.00..,background,background
oewn-erosion__1.22.00..,artifact,artifact
oewn-erosion__1.22.01..,closed,closed
oewn-erotic__1.18.00..,closed,closed
oewn-erotic__5.00.00.sexy.00,circular,circular
oewn-erroneous__5.00.00.incorrect.00,artifact,artifact
oewn-error__1.04.02..,artifact,artifact
oewn-error__1.04.03..,artifact,artifact
oewn-error__1.10.00..,artifact,artifact
oewn-error__1.11.00..,artifact,artifact
oewn-erudition__1.09.00..,artifact,artifact
oewn-erupt__2.30.01..,artifact,artifact
oewn-eruption__1.11.00..,artifact,artifact
oewn-escape__1.04.00..,background,background
oewn-escape__2.32.04..,background,background
oewn-escape__2.38.00..,background,background
oewn-escaped__5.00.00.free.00,artifact,artifact
oewn-escort__1.18.01..,artifact,artifact
oewn-esophagus__1.08.00..,artifact,artifact
oewn-esoteric__3.00.00..,artifact,artifact
oewn-espionage__1.04.00..,artifact,artifact
oewn-essence__1.09.00..,artifact,artifact
oewn-essential__1.17.00..,artifact,artifact
oewn-essential__3.00.00..,artifact,artifact
oewn-essential__5.00.00.necessary.00,artifact,artifact
oewn-establish__2.31.00..,closed,closed
oewn-establish__2.31.02..,closed,closed
oewn-establish__2.35.00..,closed,closed
oewn-establish__2.36.00..,closed,closed
oewn-establish__2.36.10..,closed,closed
oewn-establish__2.41.00..,closed,closed
oewn-established__3.00.00..,artifact,artifact
oewn-established__5.00.00.foreign.01,artifact,artifact
oewn-established__5.00.00.orthodox.00,artifact,artifact
oewn-established__5.00.00.settled.02,artifact,artifact
oewn-establishment__1.04.00..,artifact,background
oewn-estate__1.21.02..,artifact,artifact
oewn-esteem__1.12.00..,artifact,artifact
oewn-esteem__1.26.00..,artifact,artifact
oewn-esteem__2.31.01..,artifact,artifact
oewn-esteemed__5.00.00.reputable.00,background,background
oewn-ester__1.27.00..,artifact,artifact
oewn-esthetic__1.09.00..,artifact,artifact
oewn-esthetic__5.00.00.tasteful.02,artifact,artifact
oewn-estimate__1.09.00..,artifact,artifact
oewn-estimate__2.31.00..,artifact,artifact
oewn-estimate__2.31.01..,artifact,artifact
oewn-estimation__1.10.00..,artifact,artifact
oewn-estrangement__1.26.00..,artifact,artifact
oewn-estrogen__1.27.00..,artifact,artifact
oewn-estuary__1.17.00..,artifact,artifact
oewn-etch__2.36.00..,artifact,artifact
oewn-etched__5.00.00.carved.00,artifact,artifact
oewn-etching__1.06.01..,artifact,artifact
oewn-eternal__5.00.00.permanent.00,artifact,artifact
oewn-eternally__4.02.00..,artifact,artifact
oewn-ether__1.06.00..,graph_data,graph_data
oewn-ethical__3.01.00..,artifact,artifact
oewn-ethical__5.00.00.right.01,artifact,artifact
oewn-ethically__4.02.00..,artifact,artifact
oewn-ethics__1.09.00..,artifact,artifact
oewn-ethics__1.16.00..,artifact,artifact
oewn-ethiopian__1.18.00..,artifact,artifact
oewn-ethnic__1.18.00..,artifact,artifact
oewn-etiquette__1.10.00..,artifact,artifact
oewn-eucalyptus__1.20.00..,background,background
oewn-eucalyptus__1.20.02..,background,background
oewn-eukaryotic__3.01.00..,artifact,artifact
oewn-euphemism__1.10.00..,artifact,artifact
oewn-euphemistic__3.00.00..,artifact,artifact
oewn-euphoric__3.00.00..,artifact,artifact
oewn-eurasian__1.18.00..,artifact,artifact
oewn-european__1.18.00..,artifact,artifact
oewn-eusporangiate__3.00.00..,artifact,artifact
oewn-eutheria__1.05.00..,artifact,artifact
oewn-evacuation__1.04.00..,artifact,background
oewn-evade__2.32.00..,artifact,artifact
oewn-evaluate__2.31.00..,artifact,artifact
oewn-evaluate__2.31.01..,artifact,artifact
oewn-evaluation__1.04.00..,artifact,artifact
oewn-evangelical__3.01.01..,artifact,artifact
oewn-evasion__1.10.00..,artifact,artifact
oewn-evasive__5.00.00.equivocal.00,artifact,artifact
oewn-evasively__4.02.00..,artifact,artifact
oewn-even__1.28.00..,closed,closed
oewn-even__2.35.00..,closed,closed
oewn-even__3.00.01..,closed,closed
oewn-even__3.00.02..,closed,closed
oewn-even__5.00.01.equal.00,closed,closed
oewn-evening__1.28.00..,closed,closed
oewn-evening__1.28.01..,closed,closed
oewn-evenki__1.10.00..,artifact,artifact
oewn-evenki__1.18.00..,artifact,artifact
oewn-event__1.03.00..,background,background
oewn-event__1.19.00..,background,background
oewn-event__1.19.01..,background,background
oewn-event__1.26.00..,background,background
oewn-eventually__4.02.00..,artifact,artifact
oewn-ever__4.02.04..,background,background
oewn-evergreen__1.20.00..,artifact,artifact
oewn-evergreen__3.00.00..,artifact,artifact
oewn-everlasting__1.20.00..,artifact,artifact
oewn-everyday__5.00.00.informal.01,artifact,artifact
oewn-everything__1.06.01..,artifact,background
oewn-everywhere__4.02.00..,artifact,artifact
oewn-evidence__1.09.00..,artifact,artifact
oewn-evidence__1.10.00..,artifact,artifact
oewn-evidence__2.32.00..,artifact,artifact
oewn-evidence__2.32.01..,artifact,artifact
oewn-evidenced__5.00.00.proved.00,artifact,artifact
oewn-evident__5.00.00.obvious.00,artifact,artifact
oewn-evil__1.04.00..,artifact,artifact
oewn-evil__1.07.00..,artifact,artifact
oewn-evil__5.00.00.wicked.00,artifact,artifact
oewn-evoke__2.36.00..,artifact,artifact
oewn-evoke__2.37.00..,artifact,artifact
oewn-evolutionary__3.01.00..,artifact,artifact
oewn-exact__2.32.00..,artifact,artifact
oewn-exact__3.00.00..,artifact,artifact
oewn-exactitude__1.07.00..,artifact,artifact
oewn-exactly__4.02.01..,artifact,artifact
oewn-exactness__1.07.00..,artifact,artifact
oewn-exaggerated__5.00.00.immoderate.00,background,background
oewn-exaggeration__1.04.00..,artifact,artifact
oewn-exaggeration__1.10.01..,artifact,artifact
oewn-exalt__2.32.00..,artifact,artifact
oewn-exalted__5.00.00.noble.01,artifact,artifact
oewn-exalting__5.00.00.inspiring.00,artifact,artifact
oewn-exam__1.10.00..,artifact,background
oewn-examination__1.04.00..,artifact,artifact
oewn-examination__1.04.02..,artifact,artifact
oewn-examination__1.09.03..,artifact,artifact
oewn-examination__1.10.01..,artifact,artifact
oewn-examine__2.31.00..,artifact,artifact
oewn-examine__2.41.00..,artifact,artifact
oewn-example__1.09.00..,artifact,artifact
oewn-excavation__1.04.00..,artifact,artifact
oewn-excavation__1.04.01..,artifact,background
oewn-exceeding__5.00.00.extraordinary.00,artifact,external
oewn-exceedingly__4.02.00..,background,background
oewn-excellence__1.07.00..,artifact,artifact
oewn-excellent__5.00.00.superior.02,artifact,artifact
oewn-excellently__4.02.00..,background,background
oewn-except__2.31.00..,artifact,artifact
oewn-except__2.32.00..,artifact,artifact
oewn-exception__1.09.00..,artifact,artifact
oewn-exceptional__5.00.00.abnormal.03,artifact,artifact
oewn-exceptional__5.00.00.extraordinary.00,artifact,external
oewn-exceptionally__4.02.00..,artifact,external
oewn-excerpt__1.10.00..,artifact,artifact
oewn-excess__1.07.02..,artifact,artifact
oewn-excess__5.00.00.unnecessary.00,circular,circular
oewn-excessive__5.00.00.immoderate.00,closed,closed
oewn-excessive__5.00.00.unrestrained.00,closed,closed
oewn-excessively__4.02.00..,background,background
oewn-exchange__1.04.00..,artifact,artifact
oewn-exchange__1.04.04..,artifact,artifact
oewn-exchange__1.06.00..,artifact,artifact
oewn-exchange__1.06.01..,artifact,artifact
oewn-exchange__1.10.00..,artifact,artifact
oewn-exchange__1.19.00..,artifact,artifact
oewn-exchange__2.40.00..,closed,closed
oewn-excitability__1.09.00..,artifact,artifact
oewn-excite__2.37.01..,artifact,artifact
oewn-excite__2.37.02..,external,external
oewn-excited__3.00.00..,closed,closed
oewn-excited__5.00.00.agitated.00,artifact,artifact
oewn-excitement__1.12.00..,artifact,artifact
oewn-exciting__3.00.00..,artifact,artifact
oewn-exclamation__1.10.00..,artifact,artifact
oewn-exclusion__1.26.00..,closed,closed
oewn-exclusive__1.10.00..,artifact,artifact
oewn-exclusive__3.00.00..,artifact,artifact
oewn-exclusive__5.00.00.unshared.00,artifact,artifact
oewn-exclusively__4.02.00..,background,background
oewn-excreta__1.27.00..,artifact,artifact
oewn-excrete__2.29.00..,closed,closed
oewn-excretion__1.22.00..,artifact,artifact
oewn-excretion__1.27.00..,artifact,artifact
oewn-excretory__3.01.00..,artifact,artifact
oewn-execute__2.41.04..,artifact,artifact
oewn-executed__5.00.00.dead.01,artifact,background
oewn-executing__1.04.00..,artifact,artifact
oewn-execution__1.04.00..,artifact,artifact
oewn-execution__1.10.01..,artifact,artifact
oewn-execution__1.22.00..,artifact,artifact
oewn-executive__1.18.00..,artifact,artifact
oewn-executive__1.18.01..,artifact,artifact
oewn-exemplifying__5.00.00.informative.00,closed,closed
oewn-exemption__1.26.00..,artifact,artifact
oewn-exercise__1.04.00..,artifact,artifact
oewn-exercise__1.04.02..,artifact,artifact
oewn-exercise__1.11.01..,external,external
oewn-exercise__2.34.00..,closed,closed
oewn-exercising__1.04.00..,circular,circular
oewn-exert__2.34.00..,closed,closed
oewn-exert__2.41.00..,artifact,artifact
oewn-exertion__1.04.00..,artifact,artifact
oewn-exhalation__1.04.00..,artifact,artifact
oewn-exhalation__1.27.00..,artifact,artifact
oewn-exhale__2.29.00..,artifact,artifact
oewn-exhaust__1.27.00..,artifact,artifact
oewn-exhausted__5.00.00.drained.00,artifact,artifact
oewn-exhausted__5.00.00.tired.00,artifact,artifact
oewn-exhaustion__1.26.00..,artifact,artifact
oewn-exhaustive__5.00.00.complete.00,artifact,artifact
oewn-exhibit__1.10.00..,artifact,artifact
oewn-exhibition__1.04.00..,artifact,background
oewn-exist__2.42.00..,background,background
oewn-existence__1.17.00..,background,background
oewn-existence__1.26.00..,background,background
oewn-existential__3.01.00..,artifact,artifact
oewn-existential__5.00.00.empirical.00,background,background
oewn-existentialism__1.09.00..,artifact,artifact
oewn-existing__3.00.00..,artifact,artifact
oewn-existing__5.00.00.present.01,artifact,artifact
oewn-existing__5.00.00.present.02,artifact,artifact
oewn-exit__1.06.00..,artifact,artifact
oewn-exodus__1.04.00..,artifact,artifact
oewn-exorbitant__5.00.00.immoderate.00,artifact,artifact
oewn-exosphere__1.17.00..,artifact,artifact
oewn-exotoxin__1.27.00..,artifact,artifact
oewn-expand__2.38.00..,artifact,background
oewn-expanded__3.00.01..,artifact,artifact
oewn-expanse__1.07.01..,artifact,artifact
oewn-expanse__1.17.00..,artifact,artifact
oewn-expansion__1.04.00..,artifact,artifact
oewn-expect__2.31.00..,artifact,artifact
oewn-expect__2.31.05..,artifact,artifact
oewn-expect__2.32.00..,artifact,artifact
oewn-expectation__1.09.00..,artifact,artifact
oewn-expectation__1.26.00..,artifact,artifact
oewn-expected__3.00.00..,artifact,artifact
oewn-expel__2.41.00..,artifact,artifact
oewn-expelling__1.22.00..,artifact,artifact
oewn-expend__2.40.00..,background,background
oewn-expendable__3.00.00..,background,background
oewn-expense__1.21.00..,artifact,artifact
oewn-experience__1.09.00..,background,background
oewn-experience__1.09.01..,background,background
oewn-experience__2.31.00..,background,background
oewn-experience__2.39.01..,background,background
oewn-experienced__3.00.00..,artifact,artifact
oewn-experiment__1.04.00..,artifact,artifact
oewn-experiment__2.41.01..,artifact,artifact
oewn-experimental__3.01.00..,artifact,artifact
oewn-experimental__5.00.01.empirical.00,artifact,artifact
oewn-expert__1.18.00..,background,background
oewn-explain__2.32.00..,artifact,background
oewn-explanation__1.10.00..,background,background
oewn-explicit__3.00.00..,background,background
oewn-explicit__5.00.00.literal.00,background,background
oewn-explicitly__4.02.00..,background,background
oewn-exploitation__1.04.00..,artifact,artifact
oewn-exploration__1.04.02..,artifact,artifact
oewn-explosive__1.06.00..,artifact,artifact
oewn-explosively__4.02.00..,artifact,artifact
oewn-exponent__1.10.00..,artifact,artifact
oewn-expose__2.31.03..,artifact,external
oewn-expose__2.32.01..,artifact,artifact
oewn-expose__2.35.00..,artifact,artifact
oewn-expose__2.39.02..,external,external
oewn-exposed__5.00.00.unprotected.00,artifact,artifact
oewn-exposition__1.10.00..,artifact,artifact
oewn-exposition__1.10.02..,artifact,artifact
oewn-exposure__1.07.00..,artifact,artifact
oewn-exposure__1.09.00..,artifact,artifact
oewn-exposure__1.23.00..,artifact,artifact
oewn-express__1.10.00..,artifact,artifact
oewn-express__2.32.00..,artifact,artifact
oewn-express__2.32.01..,artifact,artifact
oewn-express__2.32.02..,artifact,artifact
oewn-express__2.32.03..,artifact,artifact
oewn-express__4.02.00..,closed,closed
oewn-expressed__3.00.00..,artifact,artifact
oewn-expressed__5.00.00.spoken.00,artifact,background
oewn-expressible__3.00.00..,artifact,artifact
oewn-expression__1.04.00..,artifact,artifact
oewn-expression__1.07.00..,artifact,artifact
oewn-expression__1.10.00..,artifact,artifact
oewn-expression__1.10.02..,artifact,artifact
oewn-expression__1.10.03..,artifact,artifact
oewn-expression__1.10.05..,artifact,artifact
oewn-expressive__3.00.01..,artifact,artifact
oewn-expressive__5.00.00.communicative.00,artifact,artifact
oewn-expressly__4.02.00..,artifact,artifact
oewn-expulsion__1.04.01..,artifact,artifact
oewn-exquisitely__4.02.00..,artifact,artifact
oewn-extant__3.00.00..,artifact,artifact
oewn-extend__2.29.00..,closed,closed
oewn-extend__2.30.01..,closed,closed
oewn-extend__2.38.10..,closed,closed
oewn-extend__2.42.01..,closed,closed
oewn-extend__2.42.02..,closed,closed
oewn-extend__2.42.03..,closed,closed
oewn-extended__3.00.00..,artifact,artifact
oewn-extended__5.00.00.large.00,artifact,artifact
oewn-extended__5.00.00.long.02,artifact,artifact
oewn-extension__1.09.00..,background,background
oewn-extension__1.10.00..,background,background
oewn-extension__1.28.00..,background,background
oewn-extensive__5.00.00.large.00,artifact,artifact
oewn-extensively__4.02.00..,external,external
oewn-extent__1.07.00..,closed,closed
oewn-extent__1.26.00..,closed,closed
oewn-exterior__1.15.00..,artifact,background
oewn-exterior__1.15.01..,background,background
oewn-external__1.09.00..,closed,closed
oewn-external__3.00.00..,closed,closed
oewn-external__5.00.00.extrinsic.00,closed,closed
oewn-externally__4.02.01..,closed,closed
oewn-extinct__3.00.01..,background,background
oewn-extinct__3.00.02..,background,background
oewn-extinct__5.00.00.dead.02,background,background
oewn-extinction__1.26.02..,artifact,artifact
oewn-extinguish__2.30.00..,artifact,artifact
oewn-extinguish__2.35.01..,artifact,artifact
oewn-extinguished__5.00.00.destroyed.00,artifact,artifact
oewn-extinguishing__1.04.00..,artifact,artifact
oewn-extortion__1.21.00..,artifact,artifact
oewn-extra__1.18.00..,artifact,artifact
oewn-extracellular__3.01.00..,artifact,artifact
oewn-extract__1.27.00..,artifact,artifact
oewn-extract__2.35.04..,artifact,artifact
oewn-extractable__5.00.00.removable.00,background,background
oewn-extraction__1.22.00..,artifact,artifact
oewn-extramarital__5.00.00.illicit.00,artifact,artifact
oewn-extraneous__5.00.00.irrelevant.00,artifact,artifact
oewn-extraordinarily__4.02.00..,background,background
oewn-extraordinariness__1.07.00..,artifact,artifact
oewn-extraordinary__3.00.00..,artifact,artifact
oewn-extraordinary__5.00.00.immoderate.00,artifact,artifact
oewn-extraterrestrial__1.18.00..,artifact,artifact
oewn-extravagance__1.07.01..,artifact,artifact
oewn-extravagant__5.00.00.unrestrained.00,artifact,artifact
oewn-extreme__1.07.00..,background,background
oewn-extreme__5.00.00.immoderate.00,background,background
oewn-extreme__5.00.00.intense.00,background,background
oewn-extremely__4.02.02..,artifact,artifact
oewn-extremity__1.08.00..,background,background
oewn-extremity__1.08.01..,artifact,artifact
oewn-extrication__1.04.00..,artifact,artifact
oewn-exuberant__5.00.00.spirited.00,artifact,artifact
oewn-exudate__1.27.00..,artifact,artifact
oewn-eyeball__1.08.00..,artifact,artifact
oewn-eyeglasses__1.06.00..,background,background
oewn-eyeless__3.00.00..,artifact,artifact
oewn-eyelike__5.00.00.eyed.00,artifact,background
oewn-eyepiece__1.06.00..,artifact,artifact
oewn-fabric__1.06.00..,background,background
oewn-fabricated__5.00.00.unreal.00,artifact,artifact
oewn-fabrication__1.10.00..,artifact,artifact
oewn-face__1.06.00..,closed,closed
oewn-face__1.07.03..,closed,closed
oewn-face__1.08.00..,closed,closed
oewn-face__2.32.00..,closed,closed
oewn-faced__3.00.00..,artifact,artifact
oewn-facilitate__2.30.00..,closed,closed
oewn-facilitate__2.36.03..,artifact,artifact
oewn-facility__1.04.00..,artifact,artifact
oewn-facility__1.06.00..,artifact,artifact
oewn-facing__1.06.01..,background,background
oewn-facsimile__1.06.00..,artifact,artifact
oewn-fact__1.09.01..,background,background
oewn-fact__1.09.02..,background,background
oewn-fact__1.10.01..,background,background
oewn-fact__1.26.01..,background,background
oewn-faction__1.14.01..,graph_data,graph_data
oewn-factor__1.08.00..,artifact,artifact
oewn-factor__1.11.00..,external,external
oewn-factor__2.31.00..,artifact,artifact
oewn-factory__1.06.00..,artifact,artifact
oewn-factual__5.00.00.real.00,artifact,artifact
oewn-factuality__1.07.01..,artifact,artifact
oewn-faculty__1.09.00..,background,background
oewn-faculty__1.14.00..,background,background
oewn-fahrenheit__1.18.00..,artifact,artifact
oewn-fail__2.41.00..,artifact,artifact
oewn-fail__2.41.02..,artifact,background
oewn-failing__1.26.00..,artifact,artifact
oewn-failure__1.04.00..,artifact,background
oewn-failure__1.26.00..,artifact,artifact
oewn-failure__1.26.01..,artifact,artifact
oewn-faint__1.11.00..,artifact,artifact
oewn-faint__5.00.00.weak.00,artifact,artifact
oewn-faintness__1.07.02..,artifact,artifact
oewn-faintness__1.12.00..,artifact,artifact
oewn-fair__1.04.01..,artifact,artifact
oewn-fair__3.00.03..,artifact,artifact
oewn-fair__5.00.00.moderate.00,background,background
oewn-fairly__4.02.02..,closed,closed
oewn-fairness__1.07.00..,background,background
oewn-fairway__1.15.00..,artifact,artifact
oewn-fairy__1.18.00..,artifact,artifact
oewn-faith__1.09.00..,artifact,artifact
oewn-fake__1.06.00..,background,background
oewn-falcon__1.05.00..,graph_data,graph_data
oewn-fall__1.04.02..,artifact,background
oewn-fall__1.11.03..,artifact,background
oewn-fall__1.28.00..,artifact,background
oewn-fall__1.28.01..,artifact,background
oewn-fall__2.35.00..,artifact,background
oewn-fall__2.38.00..,artifact,background
oewn-fall__2.38.03..,artifact,background
oewn-fallacious__5.00.00.invalid.00,artifact,artifact
oewn-fallacy__1.09.00..,artifact,artifact
oewn-falling__3.00.00..,artifact,artifact
oewn-falling__5.00.00.decreasing.00,background,background
oewn-falls__1.20.00..,artifact,artifact
oewn-false__3.00.00..,background,background
oewn-false__5.00.00.incorrect.00,background,background
oewn-false__5.00.00.insincere.00,background,background
oewn-falsehood__1.10.00..,artifact,artifact
oewn-fame__1.26.01..,artifact,artifact
oewn-familiar__1.18.01..,artifact,artifact
oewn-familiar__5.00.00.informed.00,artifact,artifact
oewn-fanciful__5.00.00.creative.00,artifact,artifact
oewn-fancy__1.09.02..,artifact,artifact
oewn-fantastic__5.00.00.strange.00,artifact,artifact
oewn-farewell__1.10.00..,artifact,artifact
oewn-farm__1.06.00..,closed,closed
oewn-farm__2.41.00..,closed,closed
oewn-farmer__1.18.00..,closed,closed
oewn-farming__1.04.00..,artifact,artifact
oewn-farmland__1.15.00..,artifact,artifact
oewn-farther__4.02.00..,background,background
oewn-farther__4.02.02..,background,background
oewn-farther__5.00.01.far.00,background,background
oewn-farthest__4.02.00..,background,background
oewn-farthest__4.02.01..,background,background
oewn-farthest__5.00.00.far.00,background,background
oewn-fascicle__1.10.00..,artifact,artifact
oewn-fascination__1.07.00..,artifact,artifact
oewn-fashion__1.07.00..,background,background
oewn-fashion__2.36.00..,artifact,artifact
oewn-fashioned__5.00.00.designed.00,artifact,artifact
oewn-fast__1.04.00..,background,background
oewn-fast__2.34.01..,artifact,artifact
oewn-fasten__2.30.00..,closed,closed
oewn-fasten__2.35.01..,artifact,artifact
oewn-fasten__2.35.03..,artifact,artifact
oewn-fastened__3.00.00..,artifact,artifact
oewn-fastener__1.06.00..,artifact,external
oewn-fastener__1.18.00..,external,external
oewn-fastening__1.04.00..,artifact,background
oewn-fastening__1.06.00..,artifact,external
oewn-faster__4.02.01..,artifact,external
oewn-fastidious__3.00.00..,artifact,artifact
oewn-fatal__3.00.00..,artifact,background
oewn-fate__1.11.00..,artifact,artifact
oewn-father__1.18.00..,artifact,background
oewn-father__1.18.01..,artifact,background
oewn-father__1.18.02..,artifact,background
oewn-father__1.18.04..,artifact,background
oewn-fatigue__1.26.00..,artifact,artifact
oewn-fatty__1.18.00..,artifact,artifact
oewn-fault__1.04.00..,artifact,artifact
oewn-fault__1.11.00..,artifact,artifact
oewn-faulty__5.00.00.imperfect.00,background,background
oewn-fauna__1.14.00..,artifact,artifact
oewn-favor__1.04.00..,artifact,artifact
oewn-favor__1.09.00..,artifact,artifact
oewn-favorable__3.00.02..,background,background
oewn-favorable__5.00.00.propitious.00,background,background
oewn-favorably__4.02.00..,artifact,artifact
oewn-favored__5.00.00.loved.00,artifact,background
oewn-favorite__1.09.00..,artifact,artifact
oewn-favoritism__1.09.00..,artifact,artifact
oewn-fear__1.12.00..,closed,closed
oewn-fearful__5.00.00.afraid.00,artifact,artifact
oewn-feast__1.14.00..,background,background
oewn-feast__2.34.00..,background,background
oewn-feast__2.34.01..,background,background
oewn-feasting__1.04.00..,artifact,artifact
oewn-feather__1.05.00..,artifact,background
oewn-feathered__5.00.00.adorned.00,external,external
oewn-featherfoil__1.20.00..,background,background
oewn-featherlike__5.00.00.feathered.00,artifact,external
oewn-featherweight__1.14.01..,artifact,artifact
oewn-feathery__5.00.00.adorned.00,external,external
oewn-feathery__5.00.02.feathered.00,artifact,external
oewn-feature__1.09.00..,artifact,artifact
oewn-feature__1.09.01..,artifact,artifact
oewn-feature__2.42.00..,closed,closed
oewn-feature__2.42.01..,artifact,artifact
oewn-featured__5.00.00.conspicuous.00,artifact,artifact
oewn-fecal__3.01.00..,artifact,artifact
oewn-feces__1.27.00..,artifact,artifact
oewn-fecundity__1.09.00..,artifact,artifact
oewn-federal__1.18.00..,artifact,artifact
oewn-federal__1.18.01..,closed,closed
oewn-federation__1.14.01..,artifact,artifact
oewn-feeble__5.00.00.frail.00,artifact,artifact
oewn-feeble__5.00.00.weak.00,artifact,artifact
oewn-feed__1.13.00..,external,external
oewn-feed__2.34.04..,artifact,artifact
oewn-feeding__1.04.00..,artifact,artifact
oewn-feel__1.09.00..,background,background
oewn-feel__2.37.00..,background,background
oewn-feeling__1.03.00..,closed,closed
oewn-feeling__1.09.00..,closed,closed
oewn-feeling__1.09.01..,closed,closed
oewn-feeling__1.09.03..,closed,closed
oewn-feeling__1.26.00..,closed,closed
oewn-feelings__1.12.00..,background,background
oewn-feldspar__1.27.00..,artifact,artifact
oewn-fell__1.27.00..,artifact,artifact
oewn-fellow__1.18.00..,artifact,background
oewn-fellow__1.18.04..,artifact,artifact
oewn-felony__1.04.00..,artifact,artifact
oewn-felt__1.06.00..,background,background
oewn-felt__2.30.00..,background,background
oewn-felt__2.35.01..,background,background
oewn-female__1.05.00..,artifact,artifact
oewn-female__1.18.00..,artifact,background
oewn-female__3.00.00..,artifact,artifact
oewn-feminine__1.10.00..,artifact,artifact
oewn-feminine__5.00.00.unstressed.00,artifact,artifact
oewn-femur__1.08.00..,artifact,artifact
oewn-fence__1.06.00..,artifact,artifact
oewn-fergusonite__1.27.00..,artifact,artifact
oewn-ferment__1.26.00..,artifact,artifact
oewn-fermentation__1.22.00..,artifact,artifact
oewn-fermentation__1.26.00..,artifact,artifact
oewn-fermenting__1.22.00..,artifact,artifact
oewn-fern__1.20.00..,artifact,artifact
oewn-fernlike__5.00.00.ferned.00,artifact,background
oewn-ferric__3.01.00..,background,background
oewn-ferrite__1.27.00..,artifact,artifact
oewn-ferromagnetic__3.01.00..,artifact,artifact
oewn-ferry__1.06.00..,artifact,artifact
oewn-ferryman__1.18.00..,artifact,artifact
oewn-fertile__3.00.00..,background,background
oewn-fertile__5.00.02.fruitful.00,artifact,artifact
oewn-fertile__5.00.02.productive.00,artifact,artifact
oewn-fertility__1.28.00..,artifact,artifact
oewn-fertilizable__5.00.00.fertile.00,background,background
oewn-fertilization__1.11.00..,background,background
oewn-fertilization__1.11.01..,background,background
oewn-fertilize__2.29.00..,artifact,artifact
oewn-fertilize__2.30.00..,artifact,artifact
oewn-fertilizer__1.27.00..,artifact,artifact
oewn-fervid__5.00.00.passionate.00,background,background
oewn-fetal__3.01.00..,artifact,artifact
oewn-fetid__5.00.00.malodorous.00,artifact,artifact
oewn-fetlock__1.05.00..,artifact,artifact
oewn-fetlock__1.05.01..,artifact,artifact
oewn-fetus__1.05.00..,artifact,artifact
oewn-feudal__3.01.00..,artifact,artifact
oewn-feudalism__1.14.00..,artifact,artifact
oewn-fever__1.26.00..,artifact,artifact
oewn-feverish__5.00.00.agitated.00,artifact,artifact
oewn-fewer__3.00.00..,artifact,artifact
oewn-fiber__1.13.00..,artifact,artifact
oewn-fiber__1.27.00..,artifact,artifact
oewn-fibrillation__1.26.00..,artifact,artifact
oewn-fibrinase__1.27.00..,artifact,artifact
oewn-fibrinogen__1.27.00..,artifact,artifact
oewn-fibrous__5.00.02.tough.01,artifact,artifact
oewn-fibula__1.08.00..,artifact,artifact
oewn-fiction__1.10.00..,artifact,artifact
oewn-fictional__3.01.00..,artifact,artifact
oewn-fictional__5.00.00.unreal.00,artifact,artifact
oewn-fictitious__5.00.00.unreal.00,artifact,artifact
oewn-fidelity__1.07.02..,artifact,artifact
oewn-field__1.04.00..,closed,closed
oewn-field__1.09.00..,closed,closed
oewn-field__1.14.03..,closed,closed
oewn-field__1.15.00..,closed,closed
oewn-field__1.15.02..,closed,closed
oewn-field__1.15.04..,closed,closed
oewn-field__1.19.00..,closed,closed
oewn-field__2.33.01..,closed,closed
oewn-fielder__1.18.00..,artifact,artifact
oewn-fielding__1.04.00..,artifact,artifact
oewn-fierce__5.00.00.violent.00,artifact,artifact
oewn-fiercely__4.02.00..,artifact,artifact
oewn-fifteen__1.23.00..,artifact,artifact
oewn-fifteenth__5.00.00.ordinal.00,background,background
oewn-fifth__1.10.00..,artifact,artifact
oewn-fifth__1.23.00..,artifact,artifact
oewn-fifth__1.23.01..,artifact,artifact
oewn-fifth__5.00.00.ordinal.00,artifact,artifact
oewn-fight__1.04.01..,background,background
oewn-fight__1.04.03..,background,background
oewn-fight__2.33.00..,background,background
oewn-fight__2.33.01..,background,background
oewn-fight__2.41.10..,background,background
oewn-fighter__1.18.00..,artifact,artifact
oewn-fighting__1.04.00..,artifact,artifact
oewn-fighting__5.00.00.operational.00,artifact,artifact
oewn-figurative__3.00.00..,artifact,artifact
oewn-figuratively__4.02.00..,artifact,artifact
oewn-figure__1.08.00..,artifact,background
oewn-figure__1.09.00..,artifact,background
oewn-figure__1.10.00..,artifact,background
oewn-figure__1.25.00..,artifact,background
oewn-figured__5.00.00.patterned.00,artifact,artifact
oewn-figwort__1.20.00..,artifact,artifact
oewn-filament__1.06.01..,artifact,artifact
oewn-filament__1.27.00..,artifact,artifact
oewn-filamentous__5.00.00.thin.01,background,background
oewn-file__1.10.00..,artifact,background
oewn-file__1.14.00..,background,background
oewn-file__2.32.01..,artifact,artifact
oewn-file__2.32.02..,artifact,circular
oewn-fill__1.23.00..,closed,closed
oewn-fill__1.27.00..,closed,closed
oewn-fill__2.30.01..,closed,closed
oewn-fill__2.30.02..,closed,closed
oewn-fill__2.34.02..,closed,closed
oewn-filled__3.44.00..,artifact,artifact
oewn-filled__5.00.00.occupied.00,artifact,artifact
oewn-filled__5.00.01.full.00,artifact,artifact
oewn-filler__1.06.01..,artifact,external
oewn-filling__1.27.00..,closed,closed
oewn-film__1.06.00..,closed,closed
oewn-film__1.06.01..,closed,closed
oewn-film__1.10.00..,closed,closed
oewn-film__1.10.01..,closed,closed
oewn-film__2.32.00..,closed,closed
oewn-film__2.36.00..,closed,closed
oewn-filovirus__1.05.00..,artifact,artifact
oewn-fils__1.23.00..,artifact,artifact
oewn-filter__1.06.00..,artifact,artifact
oewn-filth__1.27.00..,artifact,artifact
oewn-filthy__5.00.00.dirty.01,artifact,artifact
oewn-final__1.10.00..,background,background
oewn-final__1.11.00..,background,background
oewn-final__5.00.00.closing.00,background,background
oewn-finally__4.02.02..,artifact,artifact
oewn-financial__3.01.00..,closed,closed
oewn-financially__4.02.00..,closed,closed
oewn-financing__1.04.00..,artifact,background
oewn-find__1.09.00..,background,background
oewn-find__2.40.00..,background,background
oewn-find__2.40.02..,background,background
oewn-find__2.40.15..,background,background
oewn-finding__1.04.00..,artifact,artifact
oewn-findings__1.14.00..,artifact,artifact
oewn-fine__1.21.00..,closed,closed
oewn-fine__2.40.01..,closed,closed
oewn-fine__2.41.00..,closed,closed
oewn-fine__3.00.00..,closed,closed
oewn-fine__5.00.00.satisfactory.00,closed,closed
oewn-finely__4.02.02..,closed,closed
oewn-finesse__1.07.00..,artifact,artifact
oewn-finger__1.08.00..,closed,closed
oewn-fingerboard__1.06.00..,artifact,artifact
oewn-fingernail__1.08.00..,artifact,artifact
oewn-finish__1.07.00..,artifact,artifact
oewn-finish__2.30.01..,artifact,artifact
oewn-finish__2.30.02..,artifact,background
oewn-finished__3.00.02..,circular,circular
oewn-finished__5.00.00.polished.00,artifact,artifact
oewn-finishing__1.07.00..,artifact,artifact
oewn-finite__3.00.00..,artifact,artifact
oewn-finnish__1.10.00..,artifact,artifact
oewn-fipple__1.06.00..,background,background
oewn-fire__1.04.00..,closed,closed
oewn-fire__1.11.00..,closed,closed
oewn-fire__1.22.00..,closed,closed
oewn-fire__1.27.00..,closed,closed
oewn-fire__2.30.01..,closed,closed
oewn-fire__2.33.01..,closed,closed
oewn-firearm__1.06.00..,background,background
oewn-fired__5.00.00.unemployed.00,background,background
oewn-fireproof__2.30.00..,artifact,artifact
oewn-fireside__1.15.00..,graph_data,graph_data
oewn-firing__1.04.02..,artifact,artifact
oewn-firing__1.04.03..,artifact,artifact
oewn-firm__1.14.00..,background,background
oewn-firm__4.02.00..,background,background
oewn-firm__5.00.00.hard.01,background,background
oewn-firm__5.00.00.resolute.00,background,background
oewn-firm__5.00.00.secure.02,background,background
oewn-firm__5.00.00.settled.02,background,background
oewn-firmly__4.02.02..,artifact,artifact
oewn-firmness__1.07.01..,background,background
oewn-firmness__1.07.03..,artifact,artifact
oewn-first__1.04.00..,closed,closed
oewn-first__1.06.00..,closed,closed
oewn-first__1.23.00..,closed,closed
oewn-first__1.24.00..,closed,closed
oewn-first__1.28.00..,closed,closed
oewn-first__3.00.00..,closed,closed
oewn-first__4.02.00..,closed,closed
oewn-first__5.00.00.best.00,closed,closed
oewn-first__5.00.01.opening.00,closed,closed
oewn-firstborn__1.18.00..,artifact,artifact
oewn-firsthand__4.02.00..,artifact,artifact
oewn-fish__1.05.00..,artifact,artifact
oewn-fish__1.13.00..,background,background
oewn-fission__1.22.00..,artifact,artifact
oewn-fission__1.22.01..,artifact,artifact
oewn-fissiped__1.05.00..,artifact,artifact
oewn-fissure__1.08.00..,artifact,artifact
oewn-fissure__1.25.00..,artifact,artifact
oewn-fist__1.08.00..,artifact,artifact
oewn-fitted__3.44.00..,artifact,artifact
oewn-fitting__1.11.00..,artifact,background
oewn-fitting__5.00.00.just.00,artifact,artifact
oewn-fitting__5.00.00.proper.00,artifact,artifact
oewn-fixative__1.27.00..,graph_data,graph_data
oewn-fixed__3.00.00..,artifact,artifact
oewn-fixed__5.00.00.determinate.01,artifact,artifact
oewn-fixed__5.00.00.nonmoving.00,artifact,artifact
oewn-fixing__1.04.00..,artifact,artifact
oewn-fixity__1.07.00..,artifact,artifact
oewn-fixture__1.06.00..,artifact,artifact
oewn-flag__1.06.00..,artifact,artifact
oewn-flagellum__1.06.00..,background,background
oewn-flame__1.22.00..,artifact,artifact
oewn-flammable__5.00.00.combustible.00,artifact,artifact
oewn-flannel__1.06.01..,background,background
oewn-flannel__1.06.03..,background,background
oewn-flap__1.06.00..,artifact,artifact
oewn-flap__1.08.00..,artifact,artifact
oewn-flapping__1.11.00..,background,background
oewn-flare__1.25.00..,artifact,artifact
oewn-flaring__5.00.00.moving.02,graph_data,graph_data
oewn-flash__1.06.00..,artifact,artifact
oewn-flash__1.11.00..,artifact,artifact
oewn-flat__1.06.01..,closed,closed
oewn-flat__1.06.03..,closed,closed
oewn-flat__1.10.00..,closed,closed
oewn-flat__1.17.00..,closed,closed
oewn-flat__5.00.00.even.01,closed,closed
oewn-flat__5.00.00.unerect.00,closed,closed
oewn-flats__1.06.00..,artifact,artifact
oewn-flattened__5.00.00.planar.00,closed,closed
oewn-flavor__1.09.00..,artifact,artifact
oewn-flavor__1.26.00..,artifact,artifact
oewn-flavor__2.39.00..,artifact,artifact
oewn-flavorful__5.00.00.tasty.00,artifact,artifact
oewn-flavoring__1.13.00..,artifact,artifact
oewn-flaw__1.26.00..,artifact,artifact
oewn-flaw__1.26.01..,artifact,artifact
oewn-flaw__2.30.00..,artifact,artifact
oewn-flawless__5.00.00.perfect.00,artifact,artifact
oewn-flax__1.20.00..,background,background
oewn-flax__1.27.00..,background,background
oewn-flea__1.05.00..,artifact,artifact
oewn-flee__2.38.00..,background,background
oewn-fleece__1.06.00..,artifact,artifact
oewn-fleet__1.14.03..,artifact,artifact
oewn-flesh__1.08.02..,closed,closed
oewn-flesh__1.20.00..,closed,closed
oewn-fleshy__3.01.00..,closed,closed
oewn-fleshy__5.00.00.fat.01,closed,closed
oewn-flex__1.04.00..,artifact,background
oewn-flexibility__1.07.02..,artifact,artifact
oewn-flexible__3.00.01..,artifact,external
oewn-flexible__3.00.02..,background,background
oewn-flexible__3.00.04..,artifact,external
oewn-flickering__5.00.00.unsteady.00,artifact,artifact
oewn-flies__1.15.00..,artifact,artifact
oewn-flight__1.04.00..,background,background
oewn-flight__1.06.00..,background,background
oewn-flight__1.14.00..,background,background
oewn-flight__1.14.01..,background,background
oewn-flight__1.14.02..,background,background
oewn-flight__1.19.00..,background,background
oewn-flipper__1.05.00..,artifact,artifact
oewn-flipper__1.06.00..,artifact,artifact
oewn-float__1.28.00..,artifact,artifact
oewn-float__2.38.04..,artifact,artifact
oewn-floating__1.04.00..,artifact,background
oewn-flock__1.14.00..,closed,closed
oewn-flock__2.38.00..,artifact,artifact
oewn-flock__2.38.01..,artifact,artifact
oewn-flogging__1.04.00..,artifact,artifact
oewn-flood__1.19.00..,artifact,artifact
oewn-flooded__5.00.01.full.00,artifact,artifact
oewn-flooding__1.04.00..,artifact,artifact
oewn-floor__1.06.00..,artifact,artifact
oewn-floor__1.06.01..,artifact,artifact
oewn-flooring__1.06.00..,artifact,artifact
oewn-flora__1.14.00..,artifact,artifact
oewn-floss__1.06.00..,artifact,artifact
oewn-flour__1.13.00..,closed,closed
oewn-flour__2.30.00..,closed,closed
oewn-flour__2.35.00..,closed,closed
oewn-flow__1.04.00..,artifact,artifact
oewn-flow__1.11.00..,background,background
oewn-flow__1.14.00..,artifact,artifact
oewn-flow__1.22.01..,artifact,artifact
oewn-flow__1.28.00..,background,background
oewn-flow__2.35.04..,artifact,background
oewn-flow__2.38.01..,background,background
oewn-flower__1.20.00..,background,background
oewn-flower__1.20.02..,artifact,artifact
oewn-flowered__5.00.00.patterned.00,background,background
oewn-flowering__1.22.00..,artifact,artifact
oewn-flowerless__3.00.00..,artifact,artifact
oewn-flowing__1.11.00..,background,background
oewn-flowing__5.00.00.smooth.00,artifact,artifact
oewn-fluctuate__2.38.00..,artifact,artifact
oewn-fluctuate__2.38.03..,artifact,artifact
oewn-fluctuating__5.00.00.unsteady.00,artifact,artifact
oewn-fluctuation__1.07.00..,artifact,artifact
oewn-flue__1.06.00..,artifact,artifact
oewn-fluffy__5.00.00.soft.01,artifact,artifact
oewn-fluid__1.27.00..,background,background
oewn-fluid__1.27.02..,background,background
oewn-fluid__5.00.00.changeable.00,background,background
oewn-fluorapatite__1.27.00..,graph_data,graph_data
oewn-fluorescent__1.06.00..,background,background
oewn-fluorite__1.27.00..,artifact,artifact
oewn-flurry__1.04.00..,artifact,artifact
oewn-flutter__2.38.02..,artifact,artifact
oewn-fluttering__1.11.00..,background,background
oewn-flux__1.28.00..,artifact,artifact
oewn-flying__1.04.00..,artifact,external
oewn-flyweight__1.14.01..,artifact,artifact
oewn-focus__1.09.00..,artifact,artifact
oewn-focus__1.19.00..,artifact,artifact
oewn-focus__1.26.00..,artifact,artifact
oewn-focused__3.00.00..,artifact,artifact
oewn-fodder__1.13.00..,artifact,artifact
oewn-fodder__1.18.00..,artifact,artifact
oewn-foible__1.06.00..,background,background
oewn-fold__1.08.00..,artifact,artifact
oewn-fold__1.25.00..,artifact,artifact
oewn-fold__2.30.00..,artifact,artifact
oewn-fold__2.35.00..,artifact,artifact
oewn-folding__1.22.00..,artifact,artifact
oewn-foliage__1.20.00..,artifact,artifact
oewn-folklore__1.09.00..,artifact,artifact
oewn-folksong__1.10.00..,artifact,artifact
oewn-follow__2.38.00..,artifact,background
oewn-follow__2.38.01..,artifact,background
oewn-follow__2.38.13..,artifact,background
oewn-follow__2.40.00..,artifact,background
oewn-follow__2.41.02..,artifact,background
oewn-follow__2.42.01..,artifact,background
oewn-follow__2.42.05..,artifact,background
oewn-follower__1.18.00..,artifact,artifact
oewn-followers__1.14.00..,closed,closed
oewn-following__1.04.01..,closed,closed
oewn-following__1.14.00..,closed,closed
oewn-following__3.00.00..,closed,closed
oewn-following__5.00.01.succeeding.00,closed,closed
oewn-following__5.00.02.succeeding.00,closed,closed
oewn-fond__5.00.02.loving.00,artifact,artifact
oewn-fondling__1.04.00..,background,background
oewn-food__1.03.00..,background,background
oewn-food__1.13.00..,background,background
oewn-foodstuff__1.06.00..,artifact,artifact
oewn-foodstuff__1.13.00..,artifact,artifact
oewn-fool__2.32.01..,background,background
oewn-fool__2.41.00..,background,background
oewn-foolish__5.00.00.stupid.00,artifact,artifact
oewn-foot__1.05.01..,closed,closed
oewn-foot__1.08.01..,closed,closed
oewn-foot__1.23.00..,closed,closed
oewn-foot__2.40.00..,closed,closed
oewn-football__1.04.00..,background,background
oewn-football__1.06.00..,background,background
oewn-footed__3.00.00..,closed,closed
oewn-footrace__1.11.00..,artifact,artifact
oewn-footwear__1.06.01..,artifact,artifact
oewn-forage__1.13.00..,artifact,artifact
oewn-forbidden__5.00.00.impermissible.00,artifact,artifact
oewn-forbidding__1.10.00..,background,background
oewn-forbidding__5.00.00.unpleasant.00,background,background
oewn-force__1.04.00..,artifact,artifact
oewn-force__1.04.01..,artifact,artifact
oewn-force__1.07.00..,artifact,artifact
oewn-force__1.07.01..,artifact,artifact
oewn-force__1.07.02..,artifact,artifact
oewn-force__1.14.00..,artifact,artifact
oewn-force__1.14.01..,artifact,artifact
oewn-force__1.18.00..,artifact,artifact
oewn-force__1.19.00..,artifact,artifact
oewn-force__2.35.03..,artifact,artifact
oewn-force__2.36.00..,artifact,artifact
oewn-force__2.38.00..,artifact,artifact
oewn-force__2.41.00..,artifact,artifact
oewn-forced__3.44.00..,closed,closed
oewn-forced__5.00.00.involuntary.01,closed,closed
oewn-forced__5.00.00.unscheduled.00,artifact,artifact
oewn-forceful__3.00.00..,artifact,artifact
oewn-forceful__5.00.00.assertive.00,artifact,artifact
oewn-forcefully__4.02.00..,artifact,artifact
oewn-forcible__5.00.00.forceful.00,artifact,artifact
oewn-forcibly__4.02.00..,artifact,artifact
oewn-fore__1.06.00..,artifact,background
oewn-forearm__1.08.00..,artifact,artifact
oewn-forebear__1.18.00..,closed,closed
oewn-forebrain__1.08.00..,artifact,artifact
oewn-foreground__1.06.00..,artifact,artifact
oewn-foreground__1.09.00..,artifact,external
oewn-forehead__1.08.00..,artifact,background
oewn-forehead__1.08.01..,artifact,artifact
oewn-foreign__3.00.02..,external,external
oewn-forelimb__1.05.00..,artifact,artifact
oewn-foreordain__2.31.00..,background,background
oewn-foreordain__2.31.01..,background,background
oewn-foreplay__1.04.00..,artifact,artifact
oewn-foreshadowing__5.00.00.prophetic.00,artifact,artifact
oewn-forest__1.14.00..,artifact,artifact
oewn-forest__1.17.00..,artifact,artifact
oewn-forest__2.35.00..,artifact,artifact
oewn-foretelling__1.09.00..,artifact,artifact
oewn-forethought__1.09.01..,artifact,artifact
oewn-forever__4.02.00..,artifact,artifact
oewn-forfeited__5.00.00.lost.03,artifact,artifact
oewn-forgive__2.32.00..,closed,closed
oewn-forgiveness__1.12.00..,artifact,artifact
oewn-forgo__2.40.00..,artifact,artifact
oewn-fork__1.06.00..,artifact,artifact
oewn-forked__5.00.00.divided.00,artifact,artifact
oewn-form__1.03.00..,closed,closed
oewn-form__1.06.00..,closed,closed
oewn-form__1.07.00..,closed,closed
oewn-form__1.07.01..,closed,closed
oewn-form__1.08.00..,closed,closed
oewn-form__1.09.00..,closed,closed
oewn-form__1.09.01..,closed,closed
oewn-form__1.10.00..,closed,closed
oewn-form__1.10.01..,closed,closed
oewn-form__1.10.02..,closed,closed
oewn-form__1.14.00..,closed,closed
oewn-form__1.14.02..,closed,closed
oewn-form__1.26.00..,closed,closed
oewn-form__2.30.01..,closed,closed
oewn-form__2.30.05..,closed,closed
oewn-form__2.36.00..,closed,closed
oewn-form__2.41.00..,closed,closed
oewn-form__2.41.02..,closed,closed
oewn-form__2.42.00..,closed,closed
oewn-form__2.42.02..,closed,closed
oewn-formal__1.06.00..,background,background
oewn-formal__1.11.00..,background,background
oewn-formal__3.00.01..,background,background
oewn-formal__3.00.02..,background,background
oewn-formal__5.00.00.dignified.00,background,background
oewn-formal__5.00.00.official.00,background,background
oewn-formaldehyde__1.27.00..,graph_data,graph_data
oewn-formality__1.11.00..,artifact,artifact
oewn-formally__4.02.01..,artifact,artifact
oewn-formalwear__1.06.00..,artifact,artifact
oewn-format__1.10.00..,artifact,artifact
oewn-formation__1.04.02..,artifact,artifact
oewn-formation__1.14.00..,artifact,artifact
oewn-formation__1.17.00..,artifact,artifact
oewn-formation__1.22.00..,artifact,artifact
oewn-formative__1.10.00..,artifact,artifact
oewn-formed__3.00.00..,artifact,artifact
oewn-former__1.24.00..,closed,closed
oewn-former__3.00.00..,background,background
oewn-former__5.00.01.past.00,artifact,artifact
oewn-formerly__4.02.00..,artifact,artifact
oewn-formidable__5.00.01.impressive.00,artifact,artifact
oewn-formula__1.10.00..,artifact,artifact
oewn-formula__1.10.03..,artifact,artifact
oewn-formulated__5.00.00.developed.00,artifact,artifact
oewn-formulation__1.27.00..,artifact,artifact
oewn-forte__1.06.00..,artifact,artifact
oewn-forth__1.17.00..,artifact,artifact
oewn-forth__4.02.00..,artifact,artifact
oewn-forth__4.02.01..,artifact,artifact
oewn-forthright__4.02.00..,artifact,artifact
oewn-fortification__1.06.00..,artifact,artifact
oewn-fortified__5.00.00.protected.00,closed,closed
oewn-fortify__2.30.01..,closed,closed
oewn-fortunate__3.00.00..,artifact,artifact
oewn-fortunate__5.00.00.blessed.00,artifact,artifact
oewn-fortunetelling__1.10.00..,artifact,artifact
oewn-forward__1.04.00..,closed,closed
oewn-forward__1.18.00..,closed,closed
oewn-forward__2.38.00..,closed,closed
oewn-forward__3.00.01..,closed,closed
oewn-forward__4.02.00..,closed,closed
oewn-forward__4.02.02..,closed,closed
oewn-forward__4.02.03..,closed,closed
oewn-forward__5.00.00.progressive.01,closed,closed
oewn-forwards__4.02.01..,closed,closed
oewn-fossil__1.18.00..,artifact,artifact
oewn-foul__1.04.01..,artifact,artifact
oewn-found__1.21.00..,background,background
oewn-found__2.36.00..,background,background
oewn-found__2.41.00..,background,background
oewn-found__3.00.00..,background,background
oewn-foundation__1.06.00..,artifact,artifact
oewn-foundation__1.24.00..,background,background
oewn-founder__1.18.00..,background,background
oewn-founder__1.26.00..,artifact,artifact
oewn-fourteen__1.23.00..,artifact,artifact
oewn-fourteenth__5.00.00.ordinal.00,artifact,artifact
oewn-fourth__1.24.00..,artifact,artifact
oewn-fourth__5.00.00.ordinal.00,artifact,artifact
oewn-fowl__1.05.00..,closed,closed
oewn-fowl__1.13.00..,closed,closed
oewn-fowl__2.33.00..,closed,closed
oewn-fowl__2.33.01..,closed,closed
oewn-foxglove__1.20.00..,background,background
oewn-fraction__1.06.00..,artifact,artifact
oewn-fraction__1.27.00..,artifact,artifact
oewn-fractional__3.00.00..,artifact,artifact
oewn-fracture__1.26.00..,artifact,artifact
oewn-fragment__1.17.01..,background,background
oewn-fragrant__3.00.00..,artifact,artifact
oewn-frame__1.06.00..,closed,closed
oewn-frame__1.06.02..,closed,closed
oewn-frame__1.08.00..,closed,closed
oewn-frame__1.09.00..,closed,closed
oewn-frame__1.10.01..,closed,closed
oewn-frame__1.28.00..,closed,closed
oewn-frame__2.35.00..,closed,closed
oewn-frame__2.42.00..,closed,closed
oewn-framework__1.06.00..,artifact,artifact
oewn-framework__1.09.00..,artifact,artifact
oewn-framing__1.04.00..,artifact,artifact
oewn-frank__5.00.00.direct.02,artifact,artifact
oewn-fraud__1.04.00..,artifact,artifact
oewn-fraudulent__5.00.00.dishonest.00,background,background
oewn-fraught__5.00.00.troubled.00,artifact,artifact
oewn-free__1.14.00..,closed,closed
oewn-free__2.35.02..,closed,closed
oewn-free__2.41.00..,closed,closed
oewn-free__2.41.07..,closed,closed
oewn-free__3.00.00..,closed,closed
oewn-free__4.02.00..,closed,closed
oewn-free__5.00.00.unpaid.00,closed,closed
oewn-freedom__1.26.00..,background,background
oewn-freeing__1.04.00..,artifact,background
oewn-freely__4.02.00..,closed,closed
oewn-freeze__2.38.00..,artifact,background
oewn-freezing__1.22.00..,artifact,artifact
oewn-freight__1.06.00..,artifact,artifact
oewn-french__1.10.00..,artifact,artifact
oewn-french__1.18.01..,artifact,artifact
oewn-frequency__1.28.00..,external,external
oewn-frequent__2.41.00..,artifact,artifact
oewn-frequent__3.00.00..,artifact,artifact
oewn-frequent__5.00.00.common.01,external,external
oewn-frequently__4.02.00..,background,background
oewn-fresh__3.00.01..,artifact,artifact
oewn-fresh__3.00.03..,artifact,artifact
oewn-fresh__4.02.00..,artifact,artifact
oewn-fresh__5.00.00.new.00,artifact,artifact
oewn-freshen__2.30.00..,artifact,artifact
oewn-freshly__4.02.00..,artifact,artifact
oewn-freshness__1.07.01..,artifact,artifact
oewn-freshwater__1.27.00..,artifact,artifact
oewn-fretwork__1.06.00..,artifact,artifact
oewn-friar__1.18.00..,artifact,artifact
oewn-fricative__1.10.00..,artifact,artifact
oewn-friction__1.26.00..,artifact,artifact
oewn-fried__5.00.00.cooked.00,artifact,artifact
oewn-friend__1.18.00..,artifact,artifact
oewn-friend__1.18.04..,artifact,artifact
oewn-friendliness__1.12.00..,artifact,artifact
oewn-friendly__1.14.00..,artifact,artifact
oewn-friendly__3.00.01..,artifact,artifact
oewn-friendly__5.00.00.amicable.00,artifact,artifact
oewn-friendship__1.26.00..,artifact,artifact
oewn-frightened__5.00.00.afraid.00,artifact,artifact
oewn-fringe__2.35.00..,background,background
oewn-fringe__2.36.00..,background,background
oewn-fritillary__1.20.00..,graph_data,graph_data
oewn-frog__1.05.00..,graph_data,graph_data
oewn-frond__1.20.00..,graph_data,graph_data
oewn-front__1.14.00..,closed,closed
oewn-front__1.15.00..,closed,closed
oewn-front__1.15.02..,closed,closed
oewn-front__1.18.00..,closed,closed
oewn-front__3.00.00..,closed,closed
oewn-frontal__1.06.00..,artifact,artifact
oewn-frontier__1.15.00..,artifact,artifact
oewn-frost__1.22.01..,artifact,artifact
oewn-frost__1.27.00..,artifact,artifact
oewn-frothy__5.00.00.effervescent.00,graph_data,graph_data
oewn-frozen__3.00.00..,artifact,artifact
oewn-fruit__1.06.00..,closed,closed
oewn-fruit__1.20.00..,closed,closed
oewn-fruit__2.36.00..,closed,closed
oewn-fruit__2.36.01..,closed,closed
oewn-fruiting__5.00.00.mature.01,artifact,artifact
oewn-frustum__1.25.00..,background,background
oewn-frying__1.04.00..,artifact,artifact
oewn-fuel__1.27.00..,artifact,artifact
oewn-fulcrum__1.06.00..,background,background
oewn-fulfill__2.34.00..,artifact,artifact
oewn-fulfilled__5.00.00.consummated.00,artifact,artifact
oewn-fulfillment__1.12.00..,artifact,artifact
oewn-fulfilment__1.12.00..,artifact,artifact
oewn-full__1.28.00..,closed,closed
oewn-full__2.35.02..,closed,closed
oewn-full__3.00.00..,closed,closed
oewn-full__3.00.01..,closed,closed
oewn-full__4.02.01..,closed,closed
oewn-full__5.00.00.ample.00,closed,closed
oewn-full__5.00.00.complete.00,closed,closed
oewn-full__5.00.01.whole.00,closed,closed
oewn-fullback__1.04.00..,artifact,artifact
oewn-fullback__1.18.00..,circular,circular
oewn-fullness__1.26.01..,artifact,artifact
oewn-fully__4.02.02..,background,background
oewn-fumble__1.04.00..,artifact,artifact
oewn-fumigation__1.04.00..,artifact,artifact
oewn-function__1.04.00..,closed,closed
oewn-function__1.07.00..,closed,closed
oewn-function__1.24.00..,closed,closed
oewn-function__1.24.01..,closed,closed
oewn-function__2.35.00..,closed,closed
oewn-function__2.42.12..,closed,closed
oewn-functional__3.00.00..,artifact,artifact
oewn-functional__3.01.01..,background,background
oewn-functionally__4.02.00..,artifact,artifact
oewn-functioning__1.22.00..,artifact,artifact
oewn-functioning__3.00.00..,artifact,artifact
oewn-fund__1.14.00..,artifact,artifact
oewn-fund__1.21.00..,artifact,artifact
oewn-fund__2.40.02..,artifact,artifact
oewn-fundamental__1.11.00..,background,background
oewn-fundamental__5.00.00.basic.00,background,background
oewn-fundamentalism__1.09.00..,artifact,artifact
oewn-fundamentalist__1.18.00..,artifact,artifact
oewn-fundamentalist__1.18.01..,artifact,artifact
oewn-funds__1.21.00..,artifact,artifact
oewn-fungal__3.01.00..,artifact,artifact
oewn-fungicide__1.06.00..,artifact,artifact
oewn-fungus__1.20.00..,background,background
oewn-funnel__1.06.01..,artifact,artifact
oewn-funny__1.10.00..,artifact,artifact
oewn-furnace__1.06.00..,graph_data,graph_data
oewn-furnish__2.40.00..,artifact,artifact
oewn-furnished__3.00.00..,artifact,artifact
oewn-furnishing__1.04.00..,artifact,external
oewn-furnishing__1.06.01..,artifact,artifact
oewn-furred__5.00.00.hairy.00,artifact,artifact
oewn-furrow__1.06.00..,background,background
oewn-furrow__2.35.00..,background,background
oewn-furrow__2.35.01..,background,background
oewn-further__2.41.01..,background,background
oewn-further__4.02.00..,background,background
oewn-further__4.02.02..,background,background
oewn-further__5.00.00.far.00,background,background
oewn-furtherance__1.10.00..,artifact,artifact
oewn-furthest__4.02.00..,background,background
oewn-furthest__4.02.01..,background,background
oewn-fuse__1.06.01..,artifact,artifact
oewn-fused__5.00.00.united.00,closed,closed
oewn-fusion__1.11.00..,artifact,artifact
oewn-fusion__1.22.00..,artifact,artifact
oewn-fussy__5.00.00.ill-natured.00,artifact,artifact
oewn-future__1.06.00..,background,background
oewn-future__1.28.00..,background,background
oewn-future__3.00.00..,background,background
oewn-future__5.00.00.incoming.00,background,background
oewn-future__5.00.00.prospective.00,background,background
oewn-gabardine__1.06.00..,background,background
oewn-gabardine__1.06.03..,background,background
oewn-gabbro__1.27.00..,artifact,artifact
oewn-gain__1.07.01..,artifact,artifact
oewn-gain__1.21.00..,artifact,artifact
oewn-gain__1.23.00..,artifact,artifact
oewn-gain__2.29.00..,closed,closed
oewn-gain__2.33.00..,external,external
oewn-gain__2.40.03..,external,external
oewn-gainful__5.00.00.profitable.00,artifact,artifact
oewn-galaxy__1.14.00..,artifact,artifact
oewn-gallbladder__1.08.00..,graph_data,graph_data
oewn-gallon__1.23.01..,artifact,artifact
oewn-gallows__1.06.00..,artifact,artifact
oewn-galvanizing__5.00.00.exciting.00,artifact,artifact
oewn-gamble__1.21.00..,artifact,artifact
oewn-gambling__1.04.00..,artifact,artifact
oewn-game__1.04.00..,background,background
oewn-game__1.04.02..,background,background
oewn-game__1.06.00..,background,background
oewn-game__1.23.00..,background,background
oewn-game__1.28.00..,background,background
oewn-game__2.33.00..,background,background
oewn-gamete__1.08.00..,artifact,artifact
oewn-gamopetalous__5.00.00.petalous.00,artifact,artifact
oewn-garden__1.06.00..,artifact,artifact
oewn-garden__1.14.00..,background,background
oewn-garden__2.36.00..,closed,closed
oewn-gardening__1.04.00..,background,background
oewn-garlic__1.20.00..,artifact,artifact
oewn-garment__1.06.00..,background,background
oewn-garnierite__1.27.00..,artifact,artifact
oewn-garrulous__5.00.00.voluble.00,artifact,artifact
oewn-gaseous__3.00.00..,artifact,artifact
oewn-gastroenteritis__1.26.00..,background,background
oewn-gastrointestinal__3.01.00..,artifact,artifact
oewn-gastropod__1.05.00..,graph_data,graph_data
oewn-gastrulation__1.22.00..,artifact,artifact
oewn-gate__1.06.00..,artifact,artifact
oewn-gate__2.35.00..,artifact,artifact
oewn-gate__2.40.00..,artifact,artifact
oewn-gather__1.06.00..,artifact,external
oewn-gather__2.35.00..,closed,closed
oewn-gather__2.35.03..,artifact,artifact
oewn-gathered__3.44.00..,closed,closed
oewn-gathering__1.14.00..,closed,closed
oewn-gaudy__1.14.00..,artifact,artifact
oewn-gauge__1.06.00..,artifact,artifact
oewn-gauss__1.23.00..,background,background
oewn-gaze__2.39.00..,background,background
oewn-gear__1.06.00..,artifact,artifact
oewn-gear__1.06.01..,artifact,artifact
oewn-gear__1.06.04..,artifact,artifact
oewn-gelatin__1.13.02..,artifact,artifact
oewn-gelatin__1.27.00..,artifact,artifact
oewn-gelatinous__5.00.00.thick.02,artifact,artifact
oewn-gender__1.10.00..,artifact,artifact
oewn-general__1.09.00..,background,background
oewn-general__1.18.00..,background,background
oewn-general__3.00.00..,background,background
oewn-general__5.00.00.common.01,background,background
oewn-general__5.00.00.undiversified.00,background,background
oewn-generality__1.09.00..,artifact,artifact
oewn-generalization__1.09.01..,artifact,artifact
oewn-generally__4.02.02..,artifact,artifact
oewn-generate__2.36.00..,artifact,artifact
oewn-generation__1.14.01..,artifact,artifact
oewn-generational__3.01.00..,artifact,artifact
oewn-generative__3.00.00..,artifact,artifact
oewn-generator__1.06.01..,artifact,artifact
oewn-generic__1.06.00..,artifact,artifact
oewn-generosity__1.07.00..,artifact,background
oewn-generous__3.00.01..,artifact,external
oewn-generous__5.00.00.ample.00,background,background
oewn-generously__4.02.00..,artifact,external
oewn-genesis__1.10.00..,artifact,artifact
oewn-genetic__5.00.00.inheritable.00,background,background
oewn-genetically__4.02.00..,background,background
oewn-geneticist__1.18.00..,artifact,artifact
oewn-genetics__1.09.00..,artifact,artifact
oewn-genital__3.01.00..,artifact,background
oewn-genitals__1.08.00..,artifact,artifact
oewn-genius__1.18.00..,artifact,artifact
oewn-genotype__1.07.00..,background,background
oewn-genre__1.06.00..,artifact,artifact
oewn-genre__1.09.00..,artifact,artifact
oewn-gentle__2.37.00..,artifact,artifact
oewn-gentle__5.00.00.mild.00,artifact,artifact
oewn-gently__4.02.00..,background,background
oewn-genuine__3.00.00..,external,external
oewn-genuine__5.00.00.sincere.00,artifact,artifact
oewn-genuine__5.00.00.true.00,artifact,artifact
oewn-geographic__3.01.00..,artifact,artifact
oewn-geographical__3.01.00..,artifact,artifact
oewn-geography__1.09.00..,artifact,artifact
oewn-geometric__3.01.00..,artifact,artifact
oewn-geometric__5.00.00.nonrepresentational.00,artifact,artifact
oewn-german__1.10.00..,artifact,artifact
oewn-german__1.18.00..,artifact,artifact
oewn-germanic__1.10.00..,artifact,external
oewn-germanite__1.27.00..,artifact,artifact
oewn-germination__1.22.00..,artifact,artifact
oewn-gestalt__1.09.00..,artifact,artifact
oewn-gestation__1.26.00..,artifact,artifact
oewn-gesture__1.04.00..,artifact,artifact
oewn-getting__1.04.00..,artifact,background
oewn-ghana__1.15.00..,artifact,artifact
oewn-ghost__2.37.00..,background,background
oewn-ghost__2.38.00..,background,background
oewn-giant__1.05.00..,artifact,artifact
oewn-giant__1.17.00..,artifact,artifact
oewn-giant__1.18.00..,background,background
oewn-giant__5.00.00.large.00,artifact,artifact
oewn-gibbet__1.06.00..,artifact,artifact
oewn-gibbsite__1.27.00..,artifact,artifact
oewn-gift__1.21.00..,closed,closed
oewn-gift__2.40.00..,closed,closed
oewn-gift__2.41.00..,closed,closed
oewn-gigantic__5.00.01.large.00,artifact,artifact
oewn-gilled__3.00.00..,closed,closed
oewn-gingerroot__1.13.00..,artifact,artifact
oewn-ginkgo__1.20.00..,artifact,artifact
oewn-girdle__2.35.00..,background,background
oewn-girdle__2.35.01..,background,background
oewn-girl__1.18.00..,artifact,artifact
oewn-girlfriend__1.18.01..,artifact,artifact
oewn-give__1.07.00..,closed,closed
oewn-give__2.29.10..,closed,closed
oewn-give__2.32.01..,closed,closed
oewn-give__2.32.03..,closed,closed
oewn-give__2.34.00..,closed,closed
oewn-give__2.36.12..,closed,closed
oewn-give__2.40.00..,closed,closed
oewn-give__2.40.01..,closed,closed
oewn-give__2.40.03..,closed,closed
oewn-give__2.40.06..,closed,closed
oewn-give__2.40.07..,closed,closed
oewn-give__2.40.12..,closed,closed
oewn-given__1.09.00..,background,background
oewn-given__5.00.00.acknowledged.00,background,background
oewn-given__5.00.00.inclined.02,background,background
oewn-giving__1.04.00..,closed,closed
oewn-giving__1.10.00..,closed,closed
oewn-giving__5.00.00.generous.01,closed,closed
oewn-glacial__3.01.00..,artifact,artifact
oewn-glaciation__1.26.00..,artifact,artifact
oewn-glacier__1.17.00..,artifact,artifact
oewn-glad__1.20.00..,artifact,artifact
oewn-gladiolus__1.08.00..,artifact,circular
oewn-gladiolus__1.20.00..,artifact,artifact
oewn-gland__1.08.00..,artifact,artifact
oewn-glandular__3.01.00..,artifact,artifact
oewn-glare__1.07.00..,artifact,artifact
oewn-glass__1.06.00..,closed,closed
oewn-glass__1.06.01..,closed,closed
oewn-glass__1.06.03..,closed,closed
oewn-glass__1.23.00..,closed,closed
oewn-glass__1.27.00..,closed,closed
oewn-glassware__1.06.00..,artifact,artifact
oewn-glassy__5.00.00.smooth.00,artifact,artifact
oewn-glaze__2.35.00..,closed,closed
oewn-glaze__2.39.00..,closed,closed
oewn-gleaming__5.00.00.bright.00,background,background
oewn-gleeful__5.00.00.joyous.00,background,background
oewn-glial__3.01.00..,background,background
oewn-glider__1.06.00..,artifact,artifact
oewn-gliding__1.04.00..,artifact,artifact
oewn-globe__1.17.00..,artifact,artifact
oewn-globose__5.00.00.round.00,artifact,artifact
oewn-globular__5.00.00.round.00,artifact,artifact
oewn-globulin__1.27.00..,artifact,artifact
oewn-glomerulus__1.08.00..,background,background
oewn-gloom__1.26.01..,artifact,artifact
oewn-gloomy__5.00.00.dark.01,artifact,artifact
oewn-glorify__2.30.00..,artifact,artifact
oewn-glorify__2.32.00..,artifact,artifact
oewn-glory__2.32.00..,artifact,artifact
oewn-glossy__1.10.00..,artifact,artifact
oewn-glow__1.26.00..,artifact,artifact
oewn-glucose__1.27.00..,artifact,artifact
oewn-glue__2.30.00..,closed,closed
oewn-glue__2.35.00..,closed,closed
oewn-gluten__1.13.00..,artifact,artifact
oewn-glutinous__5.00.00.adhesive.00,artifact,artifact
oewn-glycerol__1.27.00..,graph_data,graph_data
oewn-glycogen__1.27.00..,graph_data,graph_data
oewn-gnomon__1.06.00..,background,background
oewn-go__1.04.00..,artifact,artifact
oewn-go__1.28.00..,artifact,external
oewn-go__2.30.02..,background,background
oewn-go__2.35.13..,artifact,artifact
oewn-go__2.38.00..,artifact,artifact
oewn-go__2.39.00..,artifact,artifact
oewn-go__2.42.00..,artifact,artifact
oewn-go__3.00.00..,artifact,artifact
oewn-goading__1.10.00..,artifact,artifact
oewn-goal__1.04.00..,circular,circular
oewn-goal__1.06.00..,circular,circular
oewn-goal__1.09.00..,circular,circular
oewn-goat__1.05.00..,artifact,artifact
oewn-godchild__1.18.00..,background,background
oewn-goddess__1.18.00..,artifact,artifact
oewn-godparent__1.18.00..,artifact,artifact
oewn-going__1.04.01..,background,background
oewn-going__5.00.00.active.06,background,background
oewn-gold__1.07.00..,closed,closed
oewn-gold__1.21.00..,closed,closed
oewn-gold__1.27.00..,closed,closed
oewn-gold__5.00.00.chromatic.00,closed,closed
oewn-gold__5.00.00.metallic.00,closed,closed
oewn-goldenrod__1.20.00..,background,background
oewn-golf__1.04.00..,artifact,artifact
oewn-golfer__1.18.00..,artifact,artifact
oewn-goliath__1.18.00..,graph_data,graph_data
oewn-gone__5.00.00.destroyed.00,artifact,artifact
oewn-gonorrhea__1.26.00..,background,background
oewn-good__1.07.00..,artifact,background
oewn-good__1.07.02..,artifact,background
oewn-good__3.00.01..,artifact,background
oewn-good__4.02.00..,artifact,background
oewn-good__4.02.01..,artifact,background
oewn-good__5.00.00.ample.00,artifact,background
oewn-good__5.00.00.healthy.00,artifact,background
oewn-good__5.00.00.skilled.00,artifact,background
oewn-goodbye__1.10.00..,artifact,artifact
oewn-goodness__1.07.02..,artifact,artifact
oewn-goodwill__1.21.00..,artifact,artifact
oewn-goosefoot__1.20.00..,artifact,artifact
oewn-gopher__1.05.03..,artifact,artifact
oewn-gospel__1.10.00..,artifact,artifact
oewn-gospel__1.10.03..,artifact,artifact
oewn-gospels__1.10.00..,artifact,artifact
oewn-gothic__1.09.00..,artifact,artifact
oewn-gouge__1.06.00..,artifact,artifact
oewn-govern__2.41.02..,artifact,external
oewn-governed__1.14.00..,artifact,artifact
oewn-governing__1.04.00..,artifact,artifact
oewn-governing__5.00.00.dominant.01,artifact,artifact
oewn-government__1.04.00..,artifact,artifact
oewn-government__1.09.00..,artifact,artifact
oewn-government__1.09.01..,artifact,artifact
oewn-government__1.14.00..,artifact,artifact
oewn-governmental__5.00.00.political.00,artifact,artifact
oewn-governor__1.18.00..,artifact,artifact
oewn-gown__1.06.00..,artifact,artifact
oewn-grace__1.18.00..,artifact,artifact
oewn-grace__1.26.00..,artifact,artifact
oewn-graceful__3.00.00..,artifact,artifact
oewn-gracefulness__1.07.00..,artifact,artifact
oewn-gracious__5.00.00.kind.00,artifact,artifact
oewn-grade__1.05.00..,artifact,artifact
oewn-grade__1.07.01..,artifact,artifact
oewn-grade__1.09.00..,artifact,artifact
oewn-grade__1.14.00..,closed,closed
oewn-graded__5.00.00.hierarchical.00,artifact,artifact
oewn-gradient__1.07.01..,background,background
oewn-grading__1.04.00..,artifact,artifact
oewn-gradual__1.10.00..,artifact,artifact
oewn-gradually__4.02.00..,background,background
oewn-graduate__1.18.00..,artifact,artifact
oewn-graduated__3.44.00..,artifact,artifact
oewn-graduation__1.04.01..,artifact,artifact
oewn-grafting__1.04.00..,artifact,background
oewn-grain__1.07.00..,background,background
oewn-grain__1.13.00..,background,background
oewn-grain__1.17.00..,background,background
oewn-grain__1.20.00..,background,background
oewn-grain__1.20.01..,background,background
oewn-grain__1.23.01..,background,background
oewn-grain__1.23.02..,background,background
oewn-grain__1.27.00..,background,background
oewn-grain__2.35.00..,background,background
oewn-grainy__5.00.00.coarse.00,artifact,artifact
oewn-gram__1.18.00..,artifact,artifact
oewn-gram__1.23.00..,artifact,artifact
oewn-grammatically__4.02.00..,external,external
oewn-grand__1.23.00..,artifact,artifact
oewn-grandeur__1.07.01..,background,background
oewn-grandparent__1.18.00..,artifact,external
oewn-grandstand__1.14.00..,artifact,artifact
oewn-granite__1.27.00..,background,background
oewn-granitic__5.00.00.hardhearted.00,artifact,artifact
oewn-grant__1.18.02..,artifact,artifact
oewn-grant__2.40.01..,artifact,artifact
oewn-granted__5.00.00.acknowledged.00,artifact,artifact
oewn-granular__5.00.00.coarse.00,artifact,artifact
oewn-granulated__5.00.00.coarse.00,artifact,artifact
oewn-granulomatous__3.01.00..,closed,closed
oewn-grapelike__3.01.00..,artifact,artifact
oewn-graph__1.10.00..,background,background
oewn-graph__2.36.00..,background,background
oewn-graph__2.36.01..,background,background
oewn-graphic__1.06.00..,artifact,artifact
oewn-graphical__3.01.00..,background,background
oewn-graphically__4.02.03..,background,background
oewn-graphics__1.10.01..,background,background
oewn-graphite__1.27.00..,artifact,artifact
oewn-grasp__1.09.00..,artifact,artifact
oewn-grasping__1.04.00..,artifact,artifact
oewn-grasping__1.09.00..,artifact,artifact
oewn-grasping__5.00.00.acquisitive.00,artifact,artifact
oewn-grass__1.06.00..,artifact,artifact
oewn-grass__1.13.00..,artifact,artifact
oewn-grass__1.18.00..,artifact,artifact
oewn-grass__1.20.00..,artifact,artifact
oewn-grasslike__5.00.00.grassy.00,artifact,artifact
oewn-grassy__3.00.00..,artifact,artifact
oewn-grate__1.06.00..,artifact,artifact
oewn-gratification__1.26.00..,artifact,artifact
oewn-gratified__5.00.00.pleased.00,circular,circular
oewn-gratifying__5.00.00.pleasing.00,artifact,artifact
oewn-gratitude__1.12.00..,background,background
oewn-grave__1.06.00..,background,background
oewn-grave__1.10.00..,background,background
oewn-grave__1.28.00..,background,background
oewn-grave__5.00.00.serious.00,background,background
oewn-gravel__1.27.00..,artifact,artifact
oewn-gravitation__1.19.00..,artifact,artifact
oewn-gravitational__3.01.00..,artifact,artifact
oewn-gravity__1.19.00..,artifact,artifact
oewn-gravy__1.13.01..,artifact,artifact
oewn-gray__1.05.00..,closed,closed
oewn-gray__1.07.00..,closed,closed
oewn-gray__1.18.03..,closed,closed
oewn-gray__1.23.00..,closed,closed
oewn-grazing__1.04.00..,artifact,artifact
oewn-grazing__1.04.01..,artifact,background
oewn-grease__1.27.00..,artifact,artifact
oewn-greasy__5.00.00.fatty.00,artifact,artifact
oewn-great__1.18.00..,closed,closed
oewn-great__5.00.00.good.01,closed,closed
oewn-great__5.00.01.extraordinary.00,closed,closed
oewn-great__5.00.01.important.00,closed,closed
oewn-great__5.00.01.large.00,closed,closed
oewn-greater__3.00.00..,background,background
oewn-greatest__5.00.00.superior.02,artifact,artifact
oewn-greatly__4.02.00..,artifact,artifact
oewn-greedy__5.00.00.acquisitive.00,artifact,artifact
oewn-greek__1.10.00..,closed,closed
oewn-greek__1.18.00..,artifact,artifact
oewn-green__1.07.00..,artifact,artifact
oewn-green__1.13.00..,artifact,artifact
oewn-green__1.15.00..,artifact,artifact
oewn-green__5.00.00.chromatic.00,artifact,artifact
oewn-greenish__5.00.00.chromatic.00,artifact,artifact
oewn-greens__1.13.00..,artifact,artifact
oewn-greensand__1.27.00..,graph_data,graph_data
oewn-greeting__1.10.00..,artifact,artifact
oewn-gregarious__3.00.00..,artifact,artifact
oewn-grey__1.05.00..,closed,closed
oewn-grey__1.07.00..,closed,closed
oewn-grey__1.14.00..,closed,closed
oewn-grey__1.18.02..,closed,closed
oewn-grey__2.30.00..,closed,closed
oewn-grey__2.30.01..,closed,closed
oewn-grey__5.00.00.achromatic.00,closed,closed
oewn-greyback__1.05.01..,background,background
oewn-greyback__1.18.00..,background,background
oewn-greyish__5.00.00.achromatic.00,artifact,artifact
oewn-grid__1.09.00..,background,background
oewn-griddle__1.06.00..,artifact,artifact
oewn-grief__1.12.00..,artifact,background
oewn-grievance__1.12.00..,artifact,artifact
oewn-grievous__5.00.00.critical.03,artifact,artifact
oewn-grievously__4.02.00..,artifact,artifact
oewn-grill__1.06.00..,artifact,artifact
oewn-grill__1.06.01..,artifact,artifact
oewn-grim__5.00.00.implacable.00,artifact,artifact
oewn-grime__1.26.00..,artifact,background
oewn-grinding__1.11.00..,closed,closed
oewn-grinding__1.17.00..,closed,closed
oewn-grinding__1.19.00..,closed,closed
oewn-grip__1.04.00..,artifact,artifact
oewn-grip__2.35.00..,artifact,artifact
oewn-gripping__5.00.00.interesting.00,artifact,external
oewn-grocer__1.18.00..,artifact,artifact
oewn-groin__1.08.00..,graph_data,graph_data
oewn-groomed__3.00.00..,artifact,artifact
oewn-groove__1.04.00..,background,background
oewn-groove__1.08.00..,background,background
oewn-groove__1.25.00..,background,background
oewn-groove__2.35.00..,background,background
oewn-groove__2.35.02..,background,background
oewn-grooved__5.00.00.established.00,artifact,artifact
oewn-gross__1.21.00..,background,background
oewn-gross__1.23.00..,artifact,artifact
oewn-grossly__4.02.00..,artifact,artifact
oewn-ground__1.06.01..,closed,closed
oewn-ground__1.09.01..,closed,closed
oewn-ground__1.15.00..,closed,closed
oewn-ground__1.17.00..,closed,closed
oewn-ground__1.17.01..,closed,closed
oewn-ground__1.24.00..,closed,closed
oewn-ground__2.35.00..,closed,closed
oewn-ground__2.35.08..,closed,closed
oewn-ground__2.35.11..,closed,closed
oewn-groundnut__1.13.01..,background,background
oewn-groundnut__1.20.00..,background,background
oewn-grounds__1.09.00..,artifact,artifact
oewn-groundwork__1.09.00..,artifact,artifact
oewn-group__1.03.00..,closed,closed
oewn-group__1.09.00..,closed,closed
oewn-group__1.27.00..,closed,closed
oewn-group__2.31.00..,closed,closed
oewn-group__2.33.00..,closed,closed
oewn-grouped__5.00.00.classified.01,artifact,artifact
oewn-grouse__1.05.00..,background,background
oewn-grouse__1.13.00..,background,background
oewn-grow__2.30.03..,background,background
oewn-grow__2.42.00..,background,background
oewn-growing__1.22.00..,artifact,artifact
oewn-growing__1.22.01..,artifact,artifact
oewn-growing__3.01.00..,artifact,artifact
oewn-growling__1.10.00..,closed,closed
oewn-growling__1.11.00..,closed,closed
oewn-grown__5.00.00.mature.01,background,background
oewn-growth__1.11.01..,artifact,artifact
oewn-growth__1.14.00..,artifact,artifact
oewn-growth__1.22.00..,artifact,artifact
oewn-growth__1.22.02..,artifact,artifact
oewn-growth__1.26.00..,artifact,artifact
oewn-grudging__5.00.00.unwilling.00,artifact,external
oewn-gruff__5.00.00.ill-natured.00,artifact,artifact
oewn-guaiacum__1.20.02..,artifact,artifact
oewn-guaiacum__1.20.03..,artifact,artifact
oewn-guarantee__2.32.00..,artifact,artifact
oewn-guard__1.18.03..,artifact,background
oewn-guarded__5.00.00.cautious.00,artifact,artifact
oewn-guardian__1.18.00..,background,background
oewn-guardianship__1.04.01..,artifact,artifact
oewn-guest__1.18.00..,artifact,artifact
oewn-guidance__1.10.00..,artifact,external
oewn-guide__1.18.00..,artifact,background
oewn-guide__2.38.01..,artifact,external
oewn-guided__3.00.00..,artifact,artifact
oewn-guiding__5.00.02.leading.00,artifact,artifact
oewn-guilt__1.12.00..,artifact,artifact
oewn-guilt__1.26.00..,artifact,artifact
oewn-guilty__3.00.00..,artifact,artifact
oewn-guinea__1.18.00..,artifact,artifact
oewn-guitar__1.06.00..,artifact,artifact
oewn-gula__1.18.00..,background,background
oewn-gulf__1.17.01..,artifact,artifact
oewn-gullible__5.00.00.naive.00,artifact,artifact
oewn-gully__1.17.00..,artifact,artifact
oewn-gunlock__1.06.00..,artifact,artifact
oewn-gunnery__1.06.00..,artifact,artifact
oewn-gunwale__1.06.00..,artifact,artifact
oewn-gutter__1.06.00..,artifact,artifact
oewn-gymnastic__3.01.00..,artifact,artifact
oewn-gymnosperm__1.20.00..,artifact,artifact
oewn-gymnospermous__3.01.00..,artifact,artifact
oewn-gynecological__3.01.00..,artifact,artifact
oewn-gypsum__1.27.00..,background,background
oewn-habit__1.04.02..,artifact,artifact
oewn-habit__1.09.00..,artifact,artifact
oewn-habitation__1.15.00..,artifact,artifact
oewn-habitual__5.00.00.usual.00,artifact,artifact
oewn-habitually__4.02.00..,artifact,artifact
oewn-hail__1.19.00..,artifact,artifact
oewn-hair__1.06.00..,background,background
oewn-hair__1.08.00..,background,background
oewn-hair__1.08.01..,background,background
oewn-hair__1.23.00..,background,background
oewn-hairiness__1.07.00..,artifact,artifact
oewn-hairless__3.00.00..,artifact,artifact
oewn-hairlike__5.00.00.thin.01,artifact,artifact
oewn-hairspring__1.06.00..,artifact,artifact
oewn-hairy__3.00.00..,artifact,artifact
oewn-half__1.23.00..,artifact,artifact
oewn-half__4.02.00..,artifact,artifact
oewn-halfback__1.04.00..,artifact,artifact
oewn-halfback__1.18.00..,circular,circular
oewn-halfway__4.02.00..,artifact,artifact
oewn-halite__1.27.00..,artifact,artifact
oewn-hall__1.06.03..,artifact,artifact
oewn-hallowed__5.00.00.holy.00,artifact,artifact
oewn-hallucinogen__1.06.00..,artifact,artifact
oewn-hallucinogenic__5.00.00.psychoactive.00,background,background
oewn-hallway__1.06.00..,artifact,artifact
oewn-halt__2.38.01..,artifact,background
oewn-halt__2.38.05..,artifact,artifact
oewn-hamate__1.08.00..,artifact,artifact
oewn-hammer__1.06.04..,artifact,artifact
oewn-hammering__1.04.00..,artifact,background
oewn-hand__1.05.01..,closed,closed
oewn-hand__1.08.00..,closed,closed
oewn-hand__1.10.00..,closed,closed
oewn-hand__1.14.00..,closed,closed
oewn-hand__1.15.00..,closed,closed
oewn-hand__1.23.00..,closed,closed
oewn-hand__2.40.00..,closed,closed
oewn-handbook__1.10.00..,artifact,artifact
oewn-handgrip__1.06.00..,artifact,artifact
oewn-handgun__1.06.00..,background,background
oewn-handheld__3.44.00..,artifact,artifact
oewn-handicraft__1.06.00..,artifact,artifact
oewn-handle__1.06.00..,artifact,artifact
oewn-handle__2.41.00..,artifact,artifact
oewn-handled__3.00.00..,artifact,artifact
oewn-handling__1.04.00..,artifact,artifact
oewn-handling__1.04.01..,artifact,artifact
oewn-handloom__1.06.00..,artifact,artifact
oewn-hands__1.04.00..,background,background
oewn-hands__1.14.00..,background,background
oewn-handwheel__1.06.01..,closed,closed
oewn-handwoven__5.00.00.handmade.00,artifact,artifact
oewn-handwriting__1.04.00..,artifact,artifact
oewn-handwriting__1.10.00..,background,background
oewn-handwritten__5.00.00.written.00,background,background
oewn-hang__2.35.03..,artifact,artifact
oewn-hang__2.35.04..,artifact,artifact
oewn-hanging__1.04.02..,artifact,artifact
oewn-hanging__1.06.00..,artifact,artifact
oewn-haphazard__5.00.00.random.00,artifact,background
oewn-haphazardly__4.02.00..,artifact,artifact
oewn-haploid__1.05.00..,artifact,artifact
oewn-happen__2.30.00..,closed,closed
oewn-happen__2.30.02..,closed,closed
oewn-happen__2.41.00..,closed,closed
oewn-happening__1.11.00..,background,background
oewn-happiness__1.26.00..,background,background
oewn-happy__3.00.00..,artifact,artifact
oewn-happy__5.00.00.willing.00,artifact,artifact
oewn-harass__2.37.00..,artifact,artifact
oewn-harassment__1.12.00..,artifact,artifact
oewn-harbor__1.15.00..,artifact,artifact
oewn-hard__3.00.05..,closed,closed
oewn-hard__3.00.06..,closed,closed
oewn-hard__4.02.09..,closed,closed
oewn-hard__4.02.10..,closed,closed
oewn-hard__5.00.00.alcoholic.00,closed,closed
oewn-hard__5.00.00.strong.00,closed,closed
oewn-hard__5.00.01.effortful.00,closed,closed
oewn-harden__2.30.00..,closed,closed
oewn-hardened__5.00.00.tough.02,artifact,artifact
oewn-hardened__5.00.05.hard.02,background,background
oewn-hardheaded__5.00.00.realistic.00,artifact,artifact
oewn-hardness__1.07.01..,artifact,artifact
oewn-hardship__1.26.01..,background,background
oewn-hardware__1.06.01..,artifact,artifact
oewn-hardwood__1.27.00..,artifact,artifact
oewn-hardy__1.18.01..,artifact,artifact
oewn-harm__1.26.00..,closed,closed
oewn-harm__2.29.00..,closed,closed
oewn-harmful__3.00.00..,background,background
oewn-harmonically__4.02.00..,artifact,artifact
oewn-harmonious__3.00.00..,artifact,artifact
oewn-harmony__1.07.01..,artifact,artifact
oewn-harmony__1.10.00..,artifact,artifact
oewn-harmony__1.10.01..,artifact,artifact
oewn-harness__1.06.01..,artifact,artifact
oewn-harnessed__5.00.00.controlled.00,artifact,background
oewn-harpoon__1.06.00..,artifact,artifact
oewn-harsh__5.00.00.heavy.03,background,background
oewn-harsh__5.00.00.unkind.00,background,background
oewn-harsh__5.00.01.unpleasant.00,background,background
oewn-harshly__4.02.02..,artifact,artifact
oewn-harvest__1.20.00..,artifact,artifact
oewn-harvester__1.18.00..,artifact,artifact
oewn-hasp__1.06.00..,background,background
oewn-haste__1.04.00..,background,background
oewn-haste__1.07.00..,background,background
oewn-hastily__4.02.00..,artifact,artifact
oewn-hasty__5.00.00.hurried.00,artifact,artifact
oewn-hasty__5.00.02.hurried.00,artifact,artifact
oewn-hatched__5.00.00.born.00,artifact,artifact
oewn-hatching__1.22.00..,artifact,artifact
oewn-hatred__1.12.00..,background,background
oewn-hauling__1.04.00..,background,background
oewn-haunt__2.37.00..,artifact,artifact
oewn-haunt__2.38.00..,artifact,artifact
oewn-hausa__1.18.00..,artifact,artifact
oewn-hausmannite__1.27.00..,background,background
oewn-hawaiian__1.10.00..,artifact,artifact
oewn-hawkbit__1.20.00..,background,background
oewn-hawkmoth__1.05.00..,external,external
oewn-hawthorn__1.20.00..,artifact,artifact
oewn-hazel__1.20.01..,artifact,artifact
oewn-head__1.06.01..,closed,closed
oewn-head__1.06.03..,closed,closed
oewn-head__1.06.04..,closed,closed
oewn-head__1.06.05..,closed,closed
oewn-head__1.08.00..,closed,closed
oewn-head__1.08.01..,closed,closed
oewn-head__1.10.00..,closed,closed
oewn-head__1.18.01..,closed,closed
oewn-head__2.38.00..,closed,closed
oewn-head__2.42.04..,closed,closed
oewn-headache__1.26.00..,artifact,artifact
oewn-headdress__1.06.00..,artifact,artifact
oewn-headed__5.00.00.oriented.00,artifact,artifact
oewn-headgear__1.06.00..,artifact,artifact
oewn-heading__1.10.00..,artifact,artifact
oewn-heading__1.15.00..,artifact,artifact
oewn-headline__2.32.00..,background,background
oewn-headline__2.40.00..,background,background
oewn-headquarters__1.06.01..,background,background
oewn-headquarters__1.14.00..,background,background
oewn-headstall__1.06.00..,artifact,artifact
oewn-healing__1.22.00..,artifact,artifact
oewn-health__1.26.00..,background,background
oewn-health__1.26.01..,background,background
oewn-healthful__3.00.00..,artifact,artifact
oewn-healthy__3.00.00..,background,background
oewn-healthy__5.00.00.sound.00,background,background
oewn-heap__1.14.00..,artifact,artifact
oewn-hear__2.39.00..,external,external
oewn-heard__5.00.00.detected.00,artifact,artifact
oewn-hearing__1.04.00..,artifact,external
oewn-hearing__1.04.01..,artifact,artifact
oewn-hearing__1.09.00..,artifact,artifact
oewn-hearing__3.00.00..,external,external
oewn-heart__1.07.01..,artifact,artifact
oewn-heart__1.07.04..,artifact,artifact
oewn-heart__1.08.00..,artifact,artifact
oewn-heart__1.09.00..,background,background
oewn-heart__1.09.01..,artifact,artifact
oewn-heart__1.15.00..,artifact,artifact
oewn-heartbeat__1.11.00..,artifact,artifact
oewn-heartfelt__5.00.00.sincere.00,artifact,artifact
oewn-heartland__1.15.00..,artifact,artifact
oewn-heartwood__1.20.00..,background,background
oewn-heat__1.06.00..,closed,closed
oewn-heat__1.07.01..,closed,closed
oewn-heat__1.07.02..,closed,closed
oewn-heat__1.09.00..,closed,closed
oewn-heat__1.19.00..,closed,closed
oewn-heat__2.30.01..,closed,closed
oewn-heat__2.37.00..,closed,closed
oewn-heated__5.00.00.hot.01,artifact,artifact
oewn-heated__5.00.00.hot.02,artifact,artifact
oewn-heating__1.22.00..,artifact,artifact
oewn-heave__2.32.00..,external,external
oewn-heaven__1.09.00..,artifact,artifact
oewn-heavenly__3.01.00..,artifact,artifact
oewn-heavens__1.15.00..,artifact,artifact
oewn-heavily__4.02.00..,background,background
oewn-heavy__1.18.00..,closed,closed
oewn-heavy__5.00.00.fat.01,closed,closed
oewn-heavy__5.00.00.full.00,closed,closed
oewn-hebrew__1.10.00..,artifact,artifact
oewn-hedged__5.00.00.qualified.02,artifact,artifact
oewn-hedgehog__1.05.02..,artifact,artifact
oewn-heed__1.09.00..,artifact,artifact
oewn-heed__2.41.00..,artifact,artifact
oewn-heel__1.06.00..,artifact,artifact
oewn-heel__1.08.00..,artifact,artifact
oewn-hegira__1.04.01..,background,background
oewn-height__1.07.00..,background,background
oewn-height__1.07.02..,background,background
oewn-heighten__2.30.04..,artifact,artifact
oewn-heir__1.18.00..,artifact,artifact
oewn-held__3.44.00..,background,background
oewn-helianthus__1.20.00..,artifact,artifact
oewn-helical__5.00.00.coiled.00,background,background
oewn-hell__1.09.00..,artifact,background
oewn-hellenic__1.10.00..,closed,closed
oewn-hellenic__3.01.00..,artifact,artifact
oewn-hello__1.10.00..,artifact,artifact
oewn-help__1.04.00..,artifact,background
oewn-help__2.29.00..,artifact,background
oewn-help__2.41.00..,artifact,background
oewn-helpful__3.00.00..,artifact,artifact
oewn-helping__1.13.00..,artifact,artifact
oewn-helpless__5.00.01.powerless.00,artifact,artifact
oewn-heme__1.27.00..,artifact,artifact
oewn-hemiparasitic__3.01.00..,closed,closed
oewn-hemisphere__1.15.00..,artifact,artifact
oewn-hemispherical__3.01.00..,artifact,artifact
oewn-hemlock__1.27.00..,artifact,artifact
oewn-hemolysis__1.22.00..,graph_data,graph_data
oewn-hemophilia__1.26.00..,artifact,artifact
oewn-hemorrhage__1.26.00..,artifact,artifact
oewn-hemp__1.20.00..,artifact,artifact
oewn-hemp__1.27.00..,artifact,artifact
oewn-hence__4.02.00..,background,background
oewn-heraldry__1.06.00..,artifact,artifact
oewn-heraldry__1.09.00..,artifact,artifact
oewn-herb__1.13.00..,artifact,artifact
oewn-herb__1.20.00..,artifact,artifact
oewn-herbaceous__5.00.00.nonwoody.00,artifact,artifact
oewn-herbage__1.20.00..,background,background
oewn-herbivorous__3.00.00..,artifact,artifact
oewn-herculean__5.00.00.superhuman.00,artifact,artifact
oewn-herd__2.38.00..,background,background
oewn-herd__2.38.01..,background,background
oewn-hereditary__5.00.01.inheritable.00,background,background
oewn-heredity__1.22.00..,artifact,artifact
oewn-heretic__1.18.00..,artifact,artifact
oewn-heretical__5.00.00.unorthodox.00,artifact,artifact
oewn-heritage__1.09.00..,artifact,artifact
oewn-hermaphroditic__5.00.00.monoclinous.00,external,external
oewn-herniation__1.26.00..,artifact,artifact
oewn-hero__1.18.00..,artifact,artifact
oewn-hero__1.18.02..,artifact,artifact
oewn-hero__1.18.04..,artifact,artifact
oewn-heroine__1.18.01..,artifact,artifact
oewn-hertz__1.18.01..,artifact,artifact
oewn-hertz__1.28.00..,artifact,artifact
oewn-hesitancy__1.12.00..,artifact,external
oewn-hesitation__1.09.00..,artifact,external
oewn-heterocyclic__1.27.00..,graph_data,graph_data
oewn-heterogeneity__1.07.00..,artifact,artifact
oewn-hewn__5.00.00.cut.03,artifact,artifact
oewn-hexagonal__3.01.00..,external,external
oewn-hexahedron__1.25.00..,artifact,artifact
oewn-hidden__5.00.00.invisible.00,external,external
oewn-hidden__5.00.02.concealed.00,artifact,artifact
oewn-hide__1.27.00..,artifact,artifact
oewn-hide__2.39.00..,artifact,artifact
oewn-hierarchy__1.14.00..,artifact,artifact
oewn-hierarchy__1.14.01..,artifact,artifact
oewn-high__1.06.00..,closed,closed
oewn-high__1.07.00..,closed,closed
oewn-high__1.14.00..,closed,closed
oewn-high__1.15.00..,closed,closed
oewn-high__1.26.00..,closed,closed
oewn-high__1.26.01..,closed,closed
oewn-high__3.00.01..,closed,closed
oewn-high__3.00.02..,closed,closed
oewn-high__4.02.00..,closed,closed
oewn-high__4.02.02..,closed,closed
oewn-high__5.00.00.superior.01,closed,closed
oewn-highball__1.13.00..,graph_data,graph_data
oewn-higher__5.00.01.high.02,artifact,artifact
oewn-higher__5.00.02.high.02,artifact,artifact
oewn-highflying__5.00.00.ascending.00,background,background
oewn-highland__1.17.00..,artifact,artifact
oewn-highlight__1.24.00..,artifact,external
oewn-highly__4.02.01..,artifact,artifact
oewn-hill__1.17.00..,artifact,artifact
oewn-hilly__5.00.00.rough.00,closed,closed
oewn-hilt__1.06.00..,artifact,artifact
oewn-himalayan__3.01.00..,artifact,artifact
oewn-hind__1.05.01..,artifact,artifact
oewn-hinder__2.33.00..,background,background
oewn-hinder__2.41.00..,external,external
oewn-hinder__2.41.01..,artifact,artifact
oewn-hindmost__5.00.00.back.00,circular,circular
oewn-hindquarters__1.08.00..,artifact,circular
oewn-hindrance__1.09.00..,artifact,artifact
oewn-hindu__1.18.00..,artifact,artifact
oewn-hinge__1.06.00..,artifact,artifact
oewn-hinge__2.35.00..,artifact,artifact
oewn-hipbone__1.08.00..,background,background
oewn-hippopotamus__1.05.00..,artifact,artifact
oewn-hire__2.40.00..,artifact,artifact
oewn-hire__2.41.00..,background,background
oewn-hired__3.00.02..,artifact,artifact
oewn-hired__5.00.00.employed.00,artifact,artifact
oewn-hirsutism__1.07.00..,artifact,artifact
oewn-hissing__1.11.00..,artifact,artifact
oewn-histology__1.09.00..,artifact,artifact
oewn-historic__5.00.00.past.00,artifact,artifact
oewn-historical__3.01.00..,artifact,artifact
oewn-historical__5.00.00.real.00,artifact,artifact
oewn-historically__4.02.01..,artifact,artifact
oewn-history__1.09.00..,artifact,artifact
oewn-history__1.09.01..,artifact,artifact
oewn-history__1.10.00..,artifact,artifact
oewn-history__1.28.00..,artifact,artifact
oewn-hitting__1.04.00..,artifact,background
oewn-hoax__1.04.00..,artifact,artifact
oewn-hoax__2.41.00..,artifact,artifact
oewn-hobby__1.04.00..,artifact,artifact
oewn-hock__1.05.00..,artifact,artifact
oewn-hockey__1.04.00..,background,background
oewn-hockey__1.04.01..,background,background
oewn-hog__1.18.00..,artifact,artifact
oewn-hold__1.04.00..,artifact,artifact
oewn-hold__1.06.00..,artifact,artifact
oewn-hold__1.26.00..,background,background
oewn-hold__2.35.00..,artifact,artifact
oewn-hold__2.40.04..,background,background
oewn-hold__2.41.15..,artifact,artifact
oewn-hold__2.42.00..,artifact,artifact
oewn-hold__2.42.02..,artifact,artifact
oewn-holder__1.06.00..,artifact,artifact
oewn-holder__1.18.00..,artifact,artifact
oewn-holding__1.04.00..,artifact,background
oewn-hole__1.06.01..,closed,closed
oewn-hole__1.17.01..,closed,closed
oewn-holiness__1.07.00..,artifact,artifact
oewn-hollow__1.25.02..,closed,closed
oewn-hollow__5.00.00.meaningless.00,artifact,artifact
oewn-hollow__5.00.00.reverberant.00,artifact,artifact
oewn-holly__1.20.00..,artifact,artifact
oewn-hologram__1.06.00..,background,background
oewn-holy__1.15.00..,artifact,artifact
oewn-home__1.15.04..,closed,closed
oewn-home__2.38.00..,closed,closed
oewn-home__2.41.00..,closed,closed
oewn-home__4.02.01..,closed,closed
oewn-home__4.02.04..,closed,closed
oewn-home__5.00.00.domestic.00,closed,closed
oewn-homeland__1.15.00..,artifact,artifact
oewn-homer__1.18.00..,artifact,artifact
oewn-homeward__5.00.00.oriented.00,background,background
oewn-homicide__1.04.00..,artifact,external
oewn-homing__5.00.00.orienting.00,artifact,artifact
oewn-hominid__1.05.00..,artifact,artifact
oewn-homogeneous__3.00.00..,artifact,background
oewn-homologous__3.00.01..,artifact,artifact
oewn-homologous__3.00.02..,artifact,artifact
oewn-homosexuality__1.04.00..,artifact,artifact
oewn-homunculus__1.18.01..,background,background
oewn-honest__3.00.00..,artifact,artifact
oewn-honest__5.00.00.sincere.00,artifact,artifact
oewn-honesty__1.07.00..,artifact,artifact
oewn-honey__1.13.00..,artifact,background
oewn-honor__1.10.00..,background,background
oewn-honor__2.41.00..,closed,closed
oewn-honor__2.41.01..,artifact,artifact
oewn-honorable__3.00.04..,artifact,artifact
oewn-honored__5.00.00.reputable.00,artifact,artifact
oewn-hoof__1.05.00..,artifact,artifact
oewn-hoofed__3.00.00..,closed,closed
oewn-hooked__5.00.00.crooked.01,artifact,artifact
oewn-hooks__1.08.00..,artifact,artifact
oewn-hooliganism__1.04.00..,artifact,artifact
oewn-hoop__1.06.00..,artifact,artifact
oewn-hoop__1.06.01..,artifact,artifact
oewn-hoop__1.06.03..,artifact,artifact
oewn-hope__1.12.01..,artifact,background
oewn-hope__2.31.00..,artifact,background
oewn-hope__2.37.01..,artifact,background
oewn-hopeful__1.18.00..,artifact,artifact
oewn-hopeful__3.00.00..,artifact,background
oewn-hopefully__4.02.00..,artifact,background
oewn-hopefulness__1.26.00..,artifact,background
oewn-hopeless__3.00.00..,artifact,artifact
oewn-hopeless__5.00.03.unskilled.00,artifact,background
oewn-hops__1.20.00..,artifact,artifact
oewn-horehound__1.20.00..,background,background
oewn-horizon__1.15.00..,artifact,artifact
oewn-horizontal__1.24.00..,background,background
oewn-horizontal__3.00.00..,background,background
oewn-horizontally__4.02.00..,background,background
oewn-hormonal__3.01.00..,closed,closed
oewn-hormone__1.08.00..,artifact,artifact
oewn-horn__1.06.04..,closed,closed
oewn-horn__1.06.06..,closed,closed
oewn-horn__1.27.00..,closed,closed
oewn-horn__2.35.00..,closed,closed
oewn-horned__3.00.00..,artifact,artifact
oewn-hornlike__5.00.00.hard.01,artifact,artifact
oewn-horny__5.00.00.hard.01,background,background
oewn-horny__5.00.00.sexy.00,background,background
oewn-horse__1.05.00..,closed,closed
oewn-horsehair__1.06.00..,graph_data,graph_data
oewn-horticulturally__4.02.00..,background,background
oewn-horticulture__1.04.00..,background,background
oewn-hose__1.06.02..,artifact,artifact
oewn-hosiery__1.06.00..,artifact,artifact
oewn-hospitality__1.10.00..,artifact,artifact
oewn-host__1.05.00..,artifact,artifact
oewn-host__1.13.00..,artifact,artifact
oewn-host__1.18.03..,artifact,artifact
oewn-hostile__1.14.00..,artifact,artifact
oewn-hostile__5.00.00.irreconcilable.00,artifact,artifact
oewn-hostilities__1.04.01..,artifact,artifact
oewn-hostility__1.07.00..,artifact,artifact
oewn-hotel__1.06.00..,artifact,artifact
oewn-hotness__1.07.00..,background,background
oewn-hour__1.28.00..,artifact,artifact
oewn-hours__1.28.00..,artifact,artifact
oewn-house__1.06.00..,background,background
oewn-house__1.14.03..,background,background
oewn-houseplant__1.20.00..,artifact,artifact
oewn-housing__1.06.00..,artifact,artifact
oewn-housing__1.06.02..,artifact,artifact
oewn-however__4.02.00..,artifact,artifact
oewn-hubcap__1.06.00..,artifact,artifact
oewn-human__1.05.00..,closed,closed
oewn-human__3.00.00..,closed,closed
oewn-human__3.01.00..,closed,closed
oewn-humane__3.00.00..,artifact,artifact
oewn-humane__3.01.01..,artifact,artifact
oewn-humane__5.00.00.civilized.00,artifact,artifact
oewn-humanities__1.09.00..,artifact,artifact
oewn-humanity__1.07.00..,artifact,artifact
oewn-humankind__1.05.00..,artifact,artifact
oewn-humans__1.05.00..,artifact,artifact
oewn-humble__5.00.00.inferior.01,artifact,artifact
oewn-humid__5.00.00.wet.01,artifact,artifact
oewn-humidity__1.26.00..,artifact,artifact
oewn-humiliate__2.37.00..,artifact,artifact
oewn-humor__1.08.01..,artifact,artifact
oewn-humor__1.10.00..,artifact,artifact
oewn-humorless__3.00.00..,artifact,artifact
oewn-humorous__3.00.00..,artifact,artifact
oewn-humorously__4.02.00..,artifact,artifact
oewn-humped__5.00.00.unfit.01,artifact,artifact
oewn-humus__1.27.00..,artifact,artifact
oewn-hundred__1.23.00..,artifact,background
oewn-hundredth__1.23.00..,artifact,artifact
oewn-hundredth__1.24.00..,artifact,artifact
oewn-hundredweight__1.23.03..,artifact,artifact
oewn-hunger__1.26.00..,artifact,artifact
oewn-hunt__1.04.01..,artifact,artifact
oewn-hunt__1.14.00..,artifact,artifact
oewn-hunt__2.33.00..,artifact,artifact
oewn-hunted__5.00.00.afraid.00,artifact,artifact
oewn-hunter__1.17.00..,artifact,artifact
oewn-hunting__1.04.01..,artifact,artifact
oewn-hurdles__1.11.00..,artifact,artifact
oewn-hurling__1.04.00..,artifact,artifact
oewn-hurridly__4.02.00..,artifact,artifact
oewn-hurried__3.00.00..,external,external
oewn-hurriedly__4.02.00..,artifact,artifact
oewn-hurry__1.07.00..,artifact,artifact
oewn-hurry__1.26.00..,artifact,artifact
oewn-hurt__1.26.00..,artifact,artifact
oewn-hurt__2.37.00..,background,background
oewn-hurt__2.39.00..,background,background
oewn-hurt__5.00.01.injured.00,artifact,artifact
oewn-hurtful__5.00.00.unkind.00,artifact,artifact
oewn-hurting__1.26.00..,artifact,artifact
oewn-husband__1.18.00..,closed,closed
oewn-hushing__1.11.00..,artifact,artifact
oewn-husk__1.20.00..,artifact,artifact
oewn-husk__1.27.00..,background,background
oewn-husk__2.30.00..,closed,closed
oewn-hybrid__1.05.00..,artifact,artifact
oewn-hybridization__1.04.00..,artifact,artifact
oewn-hydra__1.09.00..,artifact,artifact
oewn-hydrate__1.27.00..,artifact,artifact
oewn-hydrated__3.00.00..,artifact,artifact
oewn-hydrolyse__2.30.00..,artifact,artifact
oewn-hydrolyze__2.30.00..,artifact,artifact
oewn-hydrosphere__1.17.00..,artifact,artifact
oewn-hydrous__3.00.00..,artifact,artifact
oewn-hygiene__1.26.00..,artifact,artifact
oewn-hygrometer__1.06.00..,artifact,artifact
oewn-hymenium__1.20.00..,artifact,artifact
oewn-hymn__2.32.00..,background,background
oewn-hymn__2.36.00..,background,background
oewn-hyperbole__1.10.00..,artifact,artifact
oewn-hypertension__1.26.00..,graph_data,graph_data
oewn-hypocritical__5.00.00.insincere.00,artifact,artifact
oewn-hypothalamus__1.08.00..,artifact,artifact
oewn-hypothesis__1.09.00..,artifact,artifact
oewn-hypothesis__1.10.00..,artifact,background
oewn-hypothesis__1.10.01..,artifact,artifact
oewn-hypothetical__1.09.00..,artifact,artifact
oewn-hypothetical__5.00.00.theoretical.00,artifact,artifact
oewn-icing__1.22.00..,artifact,artifact
oewn-icon__1.10.00..,artifact,artifact
oewn-iconic__3.01.00..,artifact,artifact
oewn-idea__1.09.00..,closed,closed
oewn-idea__1.09.01..,closed,closed
oewn-ideal__1.09.00..,external,external
oewn-ideal__3.01.00..,artifact,artifact
oewn-ideal__5.00.00.abstract.00,artifact,artifact
oewn-ideal__5.00.00.perfect.00,artifact,artifact
oewn-idealized__5.00.00.perfect.00,artifact,artifact
oewn-identical__3.00.00..,artifact,artifact
oewn-identical__5.00.00.same.00,artifact,artifact
oewn-identifiable__3.00.00..,artifact,artifact
oewn-identification__1.04.00..,artifact,background
oewn-identification__1.07.00..,artifact,artifact
oewn-identified__5.00.00.known.00,artifact,artifact
oewn-identify__2.31.00..,background,background
oewn-identify__2.31.01..,background,background
oewn-identify__2.32.00..,background,background
oewn-identity__1.07.00..,artifact,artifact
oewn-identity__1.09.00..,background,background
oewn-ideographic__3.01.00..,closed,closed
oewn-ideology__1.09.01..,artifact,artifact
oewn-idiom__1.10.02..,artifact,artifact
oewn-idle__2.35.00..,background,background
oewn-idle__2.41.00..,background,background
oewn-ignite__2.43.00..,artifact,artifact
oewn-ignited__5.00.00.lighted.00,artifact,artifact
oewn-ignition__1.06.00..,artifact,artifact
oewn-ignobly__4.02.00..,artifact,artifact
oewn-ignorance__1.09.00..,artifact,artifact
oewn-ileum__1.08.00..,artifact,artifact
oewn-iliac__3.01.00..,artifact,artifact
oewn-ilium__1.08.00..,artifact,artifact
oewn-illegality__1.07.00..,artifact,artifact
oewn-illegally__4.02.00..,artifact,artifact
oewn-illicit__3.00.00..,artifact,artifact
oewn-illinois__1.15.00..,artifact,artifact
oewn-illiterate__1.18.00..,background,background
oewn-illness__1.26.00..,artifact,artifact
oewn-illogical__3.00.00..,artifact,artifact
oewn-illuminated__5.00.00.light.06,artifact,artifact
oewn-illuminating__3.00.00..,artifact,artifact
oewn-illumination__1.26.00..,artifact,artifact
oewn-illumination__1.26.01..,artifact,artifact
oewn-illusion__1.09.01..,background,background
oewn-illusory__5.00.00.unreal.00,background,background
oewn-illustration__1.10.00..,artifact,artifact
oewn-illustrator__1.18.00..,artifact,artifact
oewn-illustrious__5.00.00.known.00,background,background
oewn-image__1.06.00..,artifact,artifact
oewn-image__1.06.01..,artifact,artifact
oewn-image__1.09.00..,artifact,artifact
oewn-image__2.39.03..,artifact,artifact
oewn-imaginary__1.23.00..,artifact,artifact
oewn-imaginary__5.00.00.unreal.00,artifact,artifact
oewn-imagination__1.09.01..,background,background
oewn-imagination__1.09.02..,background,background
oewn-imaginative__5.00.00.creative.00,artifact,artifact
oewn-imagine__2.36.00..,artifact,artifact
oewn-imbue__2.30.01..,artifact,artifact
oewn-imbue__2.35.00..,artifact,artifact
oewn-imbued__5.00.01.full.00,artifact,artifact
oewn-imitate__2.36.00..,external,external
oewn-imitation__1.09.00..,artifact,artifact
oewn-immaterial__3.00.02..,artifact,artifact
oewn-immature__3.00.02..,background,background
oewn-immature__3.00.03..,artifact,artifact
oewn-immediate__3.00.00..,artifact,artifact
oewn-immediate__5.00.00.present.01,artifact,artifact
oewn-immediately__4.02.00..,artifact,artifact
oewn-immersion__1.04.00..,artifact,artifact
oewn-immigrant__1.18.00..,artifact,artifact
oewn-imminent__5.00.00.close.01,artifact,background
oewn-immoderate__3.00.00..,background,background
oewn-immoderately__4.02.00..,artifact,artifact
oewn-immoral__3.00.00..,artifact,artifact
oewn-immortal__1.18.02..,artifact,artifact
oewn-immortality__1.07.00..,artifact,artifact
oewn-immune__1.18.00..,closed,closed
oewn-immune__3.01.00..,closed,closed
oewn-immune__5.00.00.exempt.00,closed,closed
oewn-immune__5.00.00.unsusceptible.00,closed,closed
oewn-immunity__1.26.00..,artifact,artifact
oewn-immunity__1.26.01..,artifact,artifact
oewn-immunogen__1.06.00..,artifact,artifact
oewn-immunology__1.09.00..,artifact,artifact
oewn-immunosuppressed__3.01.00..,artifact,artifact
oewn-impact__1.04.01..,artifact,artifact
oewn-impact__1.11.00..,artifact,artifact
oewn-impact__2.30.00..,artifact,artifact
oewn-impair__2.30.01..,external,external
oewn-impaired__3.00.00..,artifact,artifact
oewn-impaired__5.00.00.unfit.01,artifact,artifact
oewn-impairment__1.11.00..,artifact,artifact
oewn-impairment__1.26.00..,artifact,artifact
oewn-impart__2.40.00..,artifact,artifact
oewn-impartial__3.00.00..,artifact,artifact
oewn-imparting__1.10.00..,artifact,external
oewn-impassioned__5.00.00.passionate.00,background,background
oewn-impatience__1.26.00..,artifact,artifact
oewn-impeccable__5.00.00.perfect.00,artifact,artifact
oewn-impediment__1.09.00..,artifact,artifact
oewn-impel__2.36.00..,artifact,artifact
oewn-impelled__5.00.00.motivated.00,artifact,artifact
oewn-impelling__5.00.00.effective.00,artifact,artifact
oewn-impenetrable__3.00.00..,artifact,artifact
oewn-imperceptible__3.00.00..,artifact,artifact
oewn-imperfect__1.24.00..,background,background
oewn-imperfect__3.00.00..,artifact,artifact
oewn-imperfection__1.26.00..,external,external
oewn-imperial__1.08.00..,artifact,artifact
oewn-impervious__3.00.00..,artifact,artifact
oewn-impetuous__5.00.00.incautious.00,artifact,artifact
oewn-implant__2.35.00..,artifact,artifact
oewn-implantation__1.22.00..,artifact,artifact
oewn-implanted__5.00.00.established.00,artifact,artifact
oewn-implement__1.06.00..,artifact,artifact
oewn-implication__1.09.00..,artifact,artifact
oewn-implication__1.09.01..,closed,closed
oewn-implicit__3.00.00..,artifact,artifact
oewn-imply__2.32.00..,artifact,artifact
oewn-import__1.06.00..,artifact,artifact
oewn-importance__1.07.00..,background,background
oewn-importance__1.26.00..,background,background
oewn-important__3.00.00..,closed,closed
oewn-important__3.00.04..,closed,closed
oewn-important__5.00.00.influential.00,closed,closed
oewn-impose__2.32.00..,background,background
oewn-impose__2.40.00..,closed,closed
oewn-impose__2.41.00..,artifact,artifact
oewn-imposed__5.00.00.obligatory.00,artifact,artifact
oewn-imposing__5.00.00.dignified.00,artifact,artifact
oewn-imposing__5.00.00.impressive.00,artifact,artifact
oewn-impossible__1.09.00..,background,background
oewn-impossible__3.00.00..,artifact,artifact
oewn-impossible__5.00.00.unthinkable.00,artifact,artifact
oewn-impregnable__5.00.00.invulnerable.00,artifact,artifact
oewn-impress__1.04.00..,artifact,artifact
oewn-impress__2.37.01..,artifact,artifact
oewn-impressed__5.00.00.affected.00,artifact,artifact
oewn-impression__1.09.00..,artifact,artifact
oewn-impression__1.09.01..,artifact,artifact
oewn-impressive__3.00.00..,artifact,artifact
oewn-impressive__5.00.00.effective.00,artifact,artifact
oewn-imprint__1.09.00..,background,background
oewn-imprisoned__5.00.00.unfree.00,background,background
oewn-improbable__3.00.00..,artifact,artifact
oewn-improper__3.00.00..,artifact,artifact
oewn-improper__5.00.00.irregular.00,artifact,artifact
oewn-impropriety__1.07.00..,artifact,artifact
oewn-improve__2.30.01..,closed,closed
oewn-improved__5.00.00.better.00,artifact,artifact
oewn-improved__5.00.00.cleared.00,artifact,artifact
oewn-improvement__1.11.00..,artifact,artifact
oewn-improving__5.00.00.rising.00,artifact,artifact
oewn-impulse__1.11.00..,artifact,artifact
oewn-impulse__1.12.01..,background,background
oewn-impulse__1.16.00..,artifact,artifact
oewn-impure__3.00.02..,artifact,artifact
oewn-impurity__1.27.00..,artifact,artifact
oewn-inability__1.09.00..,artifact,artifact
oewn-inactive__3.00.01..,artifact,artifact
oewn-inactive__3.00.05..,artifact,artifact
oewn-inactive__5.00.00.unreactive.00,artifact,artifact
oewn-inactivity__1.26.00..,artifact,artifact
oewn-inadequacy__1.07.01..,artifact,artifact
oewn-inadequate__3.00.00..,artifact,artifact
oewn-inadequate__5.00.00.insufficient.00,artifact,artifact
oewn-inadvertently__4.02.00..,artifact,artifact
oewn-inanimate__3.00.02..,artifact,artifact
oewn-inappropriate__3.00.00..,background,background
oewn-inarticulate__3.00.00..,artifact,artifact
oewn-inattention__1.09.00..,background,background
oewn-inborn__5.00.00.noninheritable.00,artifact,artifact
oewn-inbreeding__1.04.00..,artifact,artifact
oewn-inca__1.14.00..,background,background
oewn-incandescent__5.00.00.light.06,artifact,artifact
oewn-incapable__3.00.00..,background,background
oewn-incapable__5.00.00.unsusceptible.00,background,background
oewn-incarnate__2.36.00..,background,background
oewn-incarnation__1.10.00..,artifact,artifact
oewn-incentive__1.16.00..,artifact,artifact
oewn-inch__1.23.00..,artifact,artifact
oewn-inch__1.23.02..,artifact,artifact
oewn-incident__1.11.00..,background,background
oewn-incident__3.01.00..,artifact,artifact
oewn-incidental__1.21.00..,artifact,artifact
oewn-incised__5.00.00.compound.00,artifact,artifact
oewn-incision__1.04.00..,background,background
oewn-incite__2.36.00..,artifact,artifact
oewn-inclination__1.07.00..,artifact,artifact
oewn-inclination__1.09.00..,artifact,external
oewn-inclination__1.12.00..,artifact,external
oewn-inclination__1.25.01..,artifact,artifact
oewn-incline__2.42.01..,artifact,external
oewn-inclined__3.00.01..,artifact,artifact
oewn-inclined__3.00.02..,artifact,external
oewn-inclined__5.00.00.willing.00,closed,closed
oewn-include__2.42.00..,artifact,background
oewn-included__5.00.00.enclosed.00,background,background
oewn-income__1.21.00..,background,background
oewn-incompetence__1.07.00..,artifact,artifact
oewn-incomplete__3.00.00..,artifact,artifact
oewn-incomprehensible__3.00.00..,background,background
oewn-incompressibility__1.07.00..,artifact,artifact
oewn-incompressible__3.00.00..,artifact,artifact
oewn-incongruity__1.07.00..,artifact,artifact
oewn-inconspicuous__3.00.00..,artifact,artifact
oewn-inconvenience__1.26.00..,artifact,artifact
oewn-inconvenience__2.41.01..,background,background
oewn-inconvenient__3.00.00..,artifact,artifact
oewn-incorporate__2.30.00..,artifact,background
oewn-incorporated__5.00.00.united.00,artifact,artifact
oewn-incorporation__1.04.00..,closed,closed
oewn-incorporation__1.04.01..,artifact,artifact
oewn-incorrect__3.00.00..,background,background
oewn-incorrect__5.00.00.improper.00,artifact,artifact
oewn-increase__1.07.00..,closed,closed
oewn-increase__1.11.00..,closed,closed
oewn-increase__1.23.00..,closed,closed
oewn-increase__2.30.00..,closed,closed
oewn-increase__2.30.02..,closed,closed
oewn-increased__3.00.00..,background,background
oewn-increasing__3.00.00..,background,background
oewn-increasing__3.00.02..,artifact,artifact
oewn-increasingly__4.02.00..,artifact,artifact
oewn-incriminating__5.00.00.inculpatory.00,artifact,artifact
oewn-incriminatingly__4.02.00..,artifact,artifact
oewn-incumbent__5.00.00.superjacent.00,background,background
oewn-incurring__1.04.00..,artifact,artifact
oewn-incus__1.08.00..,background,background
oewn-indecency__1.07.00..,artifact,artifact
oewn-indecent__5.00.00.improper.00,artifact,artifact
oewn-indecision__1.09.00..,artifact,external
oewn-indecisive__3.00.01..,artifact,artifact
oewn-indefatigable__5.00.00.energetic.00,artifact,artifact
oewn-indefensible__5.00.00.vulnerable.00,artifact,artifact
oewn-indefinite__3.00.00..,background,background
oewn-indefinite__5.00.00.uncertain.01,background,background
oewn-indefinitely__4.02.00..,background,background
oewn-indentation__1.25.00..,artifact,artifact
oewn-independence__1.11.00..,artifact,artifact
oewn-independence__1.15.00..,artifact,artifact
oewn-independent__1.18.01..,background,background
oewn-independent__3.00.00..,background,background
oewn-independent__5.00.00.free.00,background,background
oewn-independently__4.02.00..,artifact,background
oewn-indeterminate__3.00.01..,artifact,artifact
oewn-index__1.24.00..,artifact,artifact
oewn-index__2.40.00..,artifact,artifact
oewn-index__2.41.00..,artifact,artifact
oewn-indian__1.18.01..,artifact,artifact
oewn-indicate__2.32.01..,artifact,artifact
oewn-indicate__2.32.03..,artifact,artifact
oewn-indicate__2.32.04..,artifact,artifact
oewn-indication__1.10.00..,artifact,artifact
oewn-indicative__3.01.00..,artifact,artifact
oewn-indicator__1.10.00..,artifact,artifact
oewn-indicator__1.27.00..,artifact,artifact
oewn-indigenous__5.00.00.native.01,background,background
oewn-indigestible__3.00.00..,background,background
oewn-indignant__5.00.00.angry.00,artifact,artifact
oewn-indignation__1.12.00..,artifact,artifact
oewn-indirect__5.00.00.mediate.00,artifact,artifact
oewn-indirectly__4.02.00..,artifact,artifact
oewn-indispensable__3.00.00..,artifact,artifact
oewn-indisposed__5.00.00.ill.01,artifact,artifact
oewn-indistinct__3.00.00..,artifact,artifact
oewn-indistinctly__4.02.00..,artifact,artifact
oewn-individual__1.03.00..,background,background
oewn-individual__1.18.00..,background,background
oewn-individual__3.00.00..,background,background
oewn-individually__4.02.00..,closed,closed
oewn-indonesian__1.18.00..,artifact,artifact
oewn-indoors__4.02.00..,closed,closed
oewn-induce__2.32.00..,artifact,background
oewn-induce__2.36.00..,artifact,artifact
oewn-induced__3.00.00..,background,background
oewn-inductance__1.06.00..,artifact,artifact
oewn-inductance__1.19.00..,artifact,artifact
oewn-indulgence__1.07.00..,artifact,artifact
oewn-indulging__1.04.00..,artifact,artifact
oewn-industrial__3.01.00..,artifact,artifact
oewn-industrial__5.00.00.blue-collar.00,artifact,artifact
oewn-industrious__5.00.00.diligent.00,background,background
oewn-industry__1.04.00..,artifact,artifact
oewn-industry__1.14.00..,artifact,artifact
oewn-inedible__3.00.00..,background,background
oewn-ineffective__3.00.00..,artifact,artifact
oewn-inefficient__3.00.00..,artifact,artifact
oewn-inelastic__3.00.00..,background,background
oewn-inequality__1.07.00..,artifact,artifact
oewn-inerrancy__1.07.00..,artifact,artifact
oewn-inert__5.00.00.nonmoving.00,background,background
oewn-inert__5.00.00.unreactive.00,artifact,artifact
oewn-inescapable__5.00.00.inevitable.00,artifact,artifact
oewn-inevitable__1.11.00..,artifact,artifact
oewn-inevitable__3.00.00..,background,background
oewn-inevitably__4.02.00..,artifact,artifact
oewn-inexperienced__3.00.00..,artifact,artifact
oewn-inexplicable__3.00.00..,background,background
oewn-infect__2.29.01..,artifact,artifact
oewn-infected__3.00.00..,artifact,artifact
oewn-infection__1.11.00..,artifact,artifact
oewn-infection__1.22.00..,artifact,artifact
oewn-infection__1.26.00..,artifact,artifact
oewn-infectious__5.00.00.septic.00,artifact,artifact
oewn-infective__5.00.00.unhealthful.00,artifact,artifact
oewn-inference__1.09.00..,background,background
oewn-inferior__1.18.00..,artifact,artifact
oewn-inferior__5.00.00.bottom.00,artifact,artifact
oewn-infertile__3.00.00..,background,background
oewn-infield__1.06.00..,artifact,artifact
oewn-infinitely__4.02.01..,artifact,artifact
oewn-infinitive__1.10.00..,artifact,artifact
oewn-infinity__1.28.00..,background,background
oewn-infirmity__1.26.00..,artifact,artifact
oewn-inflamed__5.00.00.unhealthy.00,artifact,artifact
oewn-inflammable__5.00.00.combustible.00,artifact,artifact
oewn-inflammation__1.26.00..,artifact,artifact
oewn-inflammatory__5.00.00.unhealthy.00,artifact,artifact
oewn-inflated__5.00.01.increased.00,artifact,artifact
oewn-inflation__1.22.00..,external,external
oewn-inflected__3.00.00..,artifact,artifact
oewn-inflected__3.00.01..,artifact,artifact
oewn-inflection__1.24.00..,artifact,artifact
oewn-inflexible__3.00.02..,background,background
oewn-inflict__2.32.00..,background,background
oewn-infliction__1.04.00..,artifact,artifact
oewn-infliction__1.04.01..,artifact,background
oewn-inflorescence__1.20.00..,artifact,artifact
oewn-inflorescence__1.22.00..,artifact,artifact
oewn-influence__1.07.00..,background,background
oewn-influence__2.31.00..,background,background
oewn-influence__2.41.00..,background,background
oewn-influential__3.00.00..,artifact,circular
oewn-inform__2.32.00..,artifact,artifact
oewn-informal__3.00.01..,background,background
oewn-informal__5.00.00.unofficial.00,background,background
oewn-informally__4.02.00..,background,background
oewn-information__1.07.00..,background,background
oewn-information__1.09.00..,background,background
oewn-information__1.10.00..,background,background
oewn-information__1.10.02..,background,background
oewn-information__1.14.00..,background,background
oewn-informing__1.10.01..,artifact,artifact
oewn-infrared__1.07.00..,artifact,artifact
oewn-infrared__1.19.00..,artifact,artifact
oewn-infrequent__3.00.00..,artifact,artifact
oewn-infrequently__4.02.00..,background,background
oewn-infusion__1.27.00..,artifact,artifact
oewn-ingenuity__1.09.01..,artifact,artifact
oewn-ingestion__1.04.00..,artifact,artifact
oewn-ingredient__1.06.00..,artifact,artifact
oewn-ingredient__1.13.00..,artifact,artifact
oewn-inhabit__2.42.00..,artifact,artifact
oewn-inhabitant__1.18.00..,closed,closed
oewn-inhabited__3.00.00..,closed,closed
oewn-inhalation__1.04.00..,artifact,artifact
oewn-inhale__2.34.00..,artifact,artifact
oewn-inherent__5.00.00.implicit.00,background,background
oewn-inherent__5.00.00.intrinsic.00,background,background
oewn-inherit__2.40.00..,artifact,external
oewn-inheritable__3.00.00..,artifact,artifact
oewn-inheritance__1.04.00..,artifact,artifact
oewn-inherited__5.00.00.inheritable.00,artifact,artifact
oewn-inhibit__2.41.00..,artifact,artifact
oewn-inhibition__1.04.00..,artifact,artifact
oewn-initial__1.10.00..,artifact,artifact
oewn-initiate__1.18.02..,artifact,artifact
oewn-initiation__1.11.00..,artifact,artifact
oewn-initiative__1.07.00..,artifact,artifact
oewn-injectable__3.00.00..,background,background
oewn-injection__1.04.00..,artifact,artifact
oewn-injector__1.06.00..,background,background
oewn-injector__1.06.01..,background,background
oewn-injunction__1.10.00..,artifact,artifact
oewn-injure__2.29.00..,artifact,artifact
oewn-injure__2.37.00..,background,background
oewn-injured__3.00.00..,closed,closed
oewn-injured__5.00.00.displeased.00,artifact,artifact
oewn-injury__1.04.02..,closed,closed
oewn-injury__1.11.00..,closed,closed
oewn-injury__1.11.01..,closed,closed
oewn-injury__1.26.00..,closed,closed
oewn-injustice__1.04.00..,background,background
oewn-inky__5.00.00.achromatic.00,artifact,artifact
oewn-inlaid__5.00.00.adorned.00,external,external
oewn-inland__3.00.00..,artifact,artifact
oewn-inlet__1.17.00..,artifact,artifact
oewn-inner__3.00.00..,artifact,artifact
oewn-inner__5.00.00.inward.00,artifact,artifact
oewn-innermost__5.00.00.inward.00,artifact,artifact
oewn-innings__1.04.00..,artifact,artifact
oewn-innocence__1.07.01..,artifact,artifact
oewn-innocent__1.18.00..,artifact,artifact
oewn-inoffensive__3.00.02..,artifact,artifact
oewn-inorganic__3.00.01..,artifact,artifact
oewn-input__1.10.00..,artifact,artifact
oewn-inquiry__1.04.00..,artifact,artifact
oewn-inquiry__1.09.01..,artifact,artifact
oewn-insane__5.00.00.foolish.00,artifact,artifact
oewn-insanity__1.26.00..,artifact,artifact
oewn-inscribe__2.35.00..,artifact,artifact
oewn-insect__1.05.00..,artifact,artifact
oewn-insect__1.18.00..,artifact,artifact
oewn-insensitive__3.00.01..,artifact,artifact
oewn-insensitively__4.02.00..,artifact,artifact
oewn-insert__1.10.00..,artifact,artifact
oewn-insert__2.35.00..,artifact,artifact
oewn-insertion__1.10.00..,background,background
oewn-inside__1.15.00..,closed,closed
oewn-inside__1.15.01..,closed,closed
oewn-inside__3.00.00..,closed,closed
oewn-inside__4.02.00..,closed,closed
oewn-inside__5.00.00.exclusive.00,closed,closed
oewn-inside__5.00.00.interior.00,closed,closed
oewn-insight__1.09.02..,artifact,artifact
oewn-insignia__1.10.00..,artifact,artifact
oewn-insignificant__5.00.00.small.00,background,background
oewn-insincerity__1.07.00..,artifact,artifact
oewn-insipid__5.00.00.tasteless.01,artifact,artifact
oewn-insistent__5.00.00.continual.00,external,external
oewn-insistently__4.02.00..,external,external
oewn-insoluble__3.00.01..,artifact,artifact
oewn-insomnia__1.26.00..,artifact,artifact
oewn-inspection__1.04.00..,artifact,artifact
oewn-inspiration__1.06.00..,artifact,artifact
oewn-inspiration__1.09.00..,artifact,artifact
oewn-inspiration__1.09.02..,artifact,artifact
oewn-inspire__2.37.00..,artifact,artifact
oewn-inspired__5.00.00.glorious.00,artifact,artifact
oewn-inspiring__3.00.00..,artifact,artifact
oewn-install__2.35.00..,external,external
oewn-installation__1.04.00..,artifact,background
oewn-installing__1.04.00..,artifact,background
oewn-installment__1.21.00..,artifact,artifact
oewn-instance__1.09.00..,artifact,artifact
oewn-instance__1.11.00..,external,external
oewn-instant__1.28.00..,background,background
oewn-instant__1.28.01..,artifact,artifact
oewn-instantaneous__5.00.00.fast.01,artifact,artifact
oewn-instead__4.02.00..,background,background
oewn-instinct__1.09.00..,artifact,artifact
oewn-instinct__5.00.00.full.00,artifact,artifact
oewn-instinctive__5.00.00.spontaneous.00,artifact,artifact
oewn-instinctively__4.02.00..,artifact,artifact
oewn-institute__1.14.00..,artifact,artifact
oewn-institute__2.36.01..,artifact,artifact
oewn-institution__1.06.00..,background,background
oewn-institution__1.14.00..,background,background
oewn-instruction__1.04.01..,artifact,artifact
oewn-instruction__1.10.02..,artifact,artifact
oewn-instruction__1.10.04..,background,background
oewn-instrument__1.04.00..,closed,closed
oewn-instrument__1.06.00..,closed,closed
oewn-instrument__1.06.01..,closed,closed
oewn-instrument__1.18.00..,closed,closed
oewn-instrument__2.40.00..,closed,closed
oewn-instrumental__3.01.00..,artifact,artifact
oewn-instrumental__5.00.00.helpful.00,artifact,artifact
oewn-instrumentality__1.06.00..,artifact,artifact
oewn-instrumentality__1.14.00..,artifact,artifact
oewn-instrumentation__1.06.00..,artifact,artifact
oewn-insubordination__1.07.00..,artifact,artifact
oewn-insufficient__3.00.00..,artifact,artifact
oewn-insulation__1.26.00..,artifact,external
oewn-insulator__1.27.00..,artifact,artifact
oewn-insulin__1.08.00..,graph_data,graph_data
oewn-insult__1.10.00..,artifact,artifact
oewn-insurance__1.21.02..,background,background
oewn-insure__2.31.00..,artifact,background
oewn-intangible__1.21.00..,artifact,artifact
oewn-integer__1.23.00..,artifact,artifact
oewn-integral__1.09.00..,artifact,artifact
oewn-integral__5.00.00.intrinsic.00,artifact,artifact
oewn-integrated__5.00.00.united.00,artifact,artifact
oewn-integration__1.04.00..,artifact,artifact
oewn-integration__1.04.03..,artifact,artifact
oewn-integrity__1.07.00..,artifact,artifact
oewn-intellect__1.09.02..,artifact,artifact
oewn-intellectual__1.18.00..,artifact,artifact
oewn-intellectual__3.00.00..,artifact,artifact
oewn-intellectual__3.00.05..,artifact,artifact
oewn-intellectual__5.00.00.mental.00,closed,closed
oewn-intellectually__4.02.00..,background,background
oewn-intelligence__1.09.00..,background,background
oewn-intelligent__3.00.00..,artifact,artifact
oewn-intelligently__4.02.00..,artifact,artifact
oewn-intelligible__5.00.00.comprehensible.00,background,background
oewn-intemperance__1.07.00..,artifact,artifact
oewn-intemperate__3.00.01..,artifact,artifact
oewn-intend__2.31.00..,background,background
oewn-intend__2.32.00..,background,background
oewn-intended__3.00.00..,closed,closed
oewn-intended__5.00.00.attached.01,artifact,artifact
oewn-intense__3.00.00..,background,background
oewn-intense__5.00.00.sharp.04,background,background
oewn-intensely__4.02.00..,artifact,artifact
oewn-intensifier__1.10.00..,artifact,artifact
oewn-intensify__2.30.01..,artifact,artifact
oewn-intensify__2.30.02..,artifact,artifact
oewn-intensity__1.07.00..,artifact,artifact
oewn-intensity__1.07.02..,artifact,artifact
oewn-intensity__1.07.03..,artifact,artifact
oewn-intensive__1.10.00..,artifact,artifact
oewn-intensive__5.00.00.intense.00,artifact,artifact
oewn-intensively__4.02.00..,artifact,artifact
oewn-intent__1.09.00..,artifact,artifact
oewn-intent__5.00.00.attentive.00,artifact,artifact
oewn-intention__1.04.00..,artifact,artifact
oewn-intention__1.09.00..,artifact,artifact
oewn-intentional__5.00.00.intended.00,artifact,artifact
oewn-intentionally__4.02.00..,artifact,artifact
oewn-interact__2.41.00..,artifact,background
oewn-interaction__1.04.00..,artifact,artifact
oewn-interaction__1.19.00..,artifact,artifact
oewn-interactive__3.00.00..,artifact,artifact
oewn-interception__1.04.01..,artifact,artifact
oewn-interchange__1.06.00..,artifact,artifact
oewn-interchangeable__5.00.00.symmetrical.00,artifact,artifact
oewn-interconnected__5.00.00.reticulate.00,artifact,artifact
oewn-interconnection__1.26.00..,artifact,artifact
oewn-intercourse__1.04.02..,artifact,artifact
oewn-interdependent__5.00.00.dependent.00,artifact,artifact
oewn-interest__1.04.01..,closed,closed
oewn-interest__1.07.02..,closed,closed
oewn-interest__1.09.00..,closed,closed
oewn-interest__1.14.00..,closed,closed
oewn-interest__1.21.00..,closed,closed
oewn-interest__2.37.00..,closed,closed
oewn-interest__2.42.01..,closed,closed
oewn-interested__3.00.00..,artifact,artifact
oewn-interesting__3.00.00..,artifact,external
oewn-interference__1.10.00..,artifact,artifact
oewn-interference__1.11.00..,artifact,artifact
oewn-interior__1.14.00..,artifact,artifact
oewn-interior__5.00.00.internal.00,closed,closed
oewn-interlace__2.35.00..,external,external
oewn-interlaced__5.00.00.reticulate.00,artifact,artifact
oewn-interlacing__5.00.00.complex.00,artifact,artifact
oewn-interlocking__1.04.00..,background,background
oewn-interlocking__1.11.00..,background,background
oewn-intermediary__1.18.00..,artifact,artifact
oewn-intermediate__1.27.00..,artifact,artifact
oewn-intermediate__2.32.00..,artifact,artifact
oewn-intermediate__3.00.00..,background,background
oewn-intermediate__5.00.00.moderate.00,artifact,artifact
oewn-intermittent__5.00.00.sporadic.00,artifact,artifact
oewn-intermittently__4.02.00..,artifact,artifact
oewn-internal__3.00.00..,circular,circular
oewn-internal__5.00.00.intramural.00,background,background
oewn-internally__4.02.00..,closed,closed
oewn-international__1.14.00..,background,background
oewn-international__3.00.00..,background,background
oewn-internet__1.06.00..,artifact,artifact
oewn-interpret__2.31.00..,background,background
oewn-interpretation__1.09.01..,background,background
oewn-interpreted__5.00.00.understood.00,artifact,background
oewn-interpreter__1.18.01..,closed,closed
oewn-interrelated__5.00.00.reticulate.00,artifact,artifact
oewn-interrupt__1.19.00..,artifact,artifact
oewn-interrupt__2.30.00..,artifact,artifact
oewn-interruption__1.04.00..,artifact,background
oewn-interruption__1.11.00..,artifact,artifact
oewn-interruption__1.28.00..,artifact,artifact
oewn-intersect__2.38.00..,background,background
oewn-intersecting__5.00.00.crossed.01,artifact,artifact
oewn-intersection__1.09.00..,external,external
oewn-intertwine__2.35.00..,external,external
oewn-interval__1.09.00..,artifact,artifact
oewn-interval__1.28.00..,artifact,artifact
oewn-intervening__5.00.00.middle.00,artifact,artifact
oewn-intervention__1.04.00..,artifact,artifact
oewn-intestinal__3.01.00..,closed,closed
oewn-intestine__1.08.00..,artifact,artifact
oewn-intimacy__1.26.00..,background,background
oewn-intimately__4.02.00..,artifact,background
oewn-intonation__1.04.02..,artifact,artifact
oewn-intonation__1.10.00..,artifact,artifact
oewn-intoxicating__5.00.00.alcoholic.00,artifact,artifact
oewn-intoxication__1.26.01..,artifact,artifact
oewn-intramuscular__3.01.00..,artifact,artifact
oewn-intravenous__3.01.00..,artifact,artifact
oewn-intravenously__4.02.00..,artifact,artifact
oewn-intricate__5.00.00.complex.00,artifact,artifact
oewn-intrigue__1.09.00..,artifact,artifact
oewn-intrinsic__3.00.00..,artifact,artifact
oewn-intrinsic__5.00.00.internal.00,artifact,artifact
oewn-introduce__2.32.00..,artifact,artifact
oewn-introduction__1.04.01..,artifact,background
oewn-introspection__1.09.00..,artifact,artifact
oewn-intrude__2.38.01..,artifact,artifact
oewn-intrusion__1.11.00..,artifact,artifact
oewn-intrusive__3.00.01..,artifact,artifact
oewn-intrusive__3.00.03..,artifact,artifact
oewn-intuition__1.09.00..,artifact,artifact
oewn-intuitive__5.00.00.spontaneous.00,artifact,artifact
oewn-intuitively__4.02.00..,artifact,artifact
oewn-inured__5.00.00.tough.02,artifact,artifact
oewn-invade__2.33.00..,artifact,artifact
oewn-invading__5.00.00.offensive.03,background,background
oewn-invagination__1.22.00..,artifact,artifact
oewn-invalid__2.41.00..,artifact,artifact
oewn-invasion__1.04.00..,artifact,artifact
oewn-invasion__1.11.01..,artifact,artifact
oewn-invention__1.09.00..,artifact,artifact
oewn-inventor__1.18.00..,artifact,artifact
oewn-inverse__1.24.02..,artifact,artifact
oewn-invertebrate__1.05.00..,artifact,artifact
oewn-inverted__5.00.00.turned.00,circular,circular
oewn-invest__2.40.00..,artifact,artifact
oewn-invest__2.41.01..,artifact,artifact
oewn-invest__2.41.03..,closed,closed
oewn-investigation__1.09.00..,background,background
oewn-investing__1.04.00..,artifact,artifact
oewn-investment__1.04.00..,artifact,artifact
oewn-investment__1.07.00..,artifact,artifact
oewn-invisible__3.00.00..,artifact,artifact
oewn-invoice__1.10.00..,artifact,artifact
oewn-involuntarily__4.02.00..,background,background
oewn-involuntary__3.00.01..,artifact,artifact
oewn-involuntary__3.00.02..,artifact,background
oewn-involve__2.42.01..,artifact,artifact
oewn-involved__3.00.00..,background,background
oewn-involved__5.00.00.complex.00,background,background
oewn-involved__5.00.00.encumbered.00,background,background
oewn-involvement__1.04.00..,artifact,artifact
oewn-invulnerable__3.00.00..,artifact,artifact
oewn-inward__3.00.00..,artifact,artifact
oewn-inward__4.02.00..,closed,closed
oewn-inward__5.00.00.incoming.00,artifact,artifact
oewn-iodized__3.01.00..,artifact,artifact
oewn-iris__1.08.00..,background,background
oewn-iris__1.20.00..,background,background
oewn-irish__1.18.00..,artifact,artifact
oewn-iron__1.06.00..,background,background
oewn-iron__1.27.00..,background,background
oewn-iron__2.35.00..,background,background
oewn-ironed__3.00.00..,artifact,artifact
oewn-ironically__4.02.01..,artifact,artifact
oewn-ironing__1.04.00..,artifact,artifact
oewn-ironing__1.06.00..,artifact,artifact
oewn-irrecoverable__3.00.00..,artifact,artifact
oewn-irregular__1.06.00..,artifact,artifact
oewn-irregular__1.18.00..,artifact,artifact
oewn-irregular__3.00.00..,artifact,artifact
oewn-irregular__5.00.00.sporadic.00,artifact,artifact
oewn-irregularly__4.02.01..,artifact,artifact
oewn-irreparable__3.00.00..,artifact,artifact
oewn-irreparably__4.02.00..,artifact,artifact
oewn-irresistible__5.00.00.attractive.01,artifact,external
oewn-irresponsible__3.00.00..,artifact,artifact
oewn-irreverent__5.00.00.spirited.00,artifact,artifact
oewn-irreverently__4.02.00..,artifact,artifact
oewn-irrevocable__3.00.00..,external,external
oewn-irrevocably__4.02.00..,external,external
oewn-irrigate__2.30.00..,artifact,artifact
oewn-irrigation__1.04.00..,artifact,artifact
oewn-irritable__5.00.00.ill-natured.00,artifact,artifact
oewn-irritated__5.00.00.displeased.00,background,background
oewn-irritating__5.00.00.disagreeable.00,artifact,artifact
oewn-irritation__1.04.00..,artifact,artifact
oewn-irritation__1.26.00..,artifact,artifact
oewn-ischium__1.08.00..,artifact,artifact
oewn-islamic__3.01.00..,artifact,artifact
oewn-island__1.17.00..,artifact,artifact
oewn-ismaili__1.18.00..,artifact,artifact
oewn-isolated__5.00.00.separate.00,artifact,background
oewn-isolated__5.00.00.sporadic.00,circular,circular
oewn-isolation__1.26.00..,artifact,artifact
oewn-isomeric__3.01.00..,artifact,artifact
oewn-israeli__1.18.00..,artifact,artifact
oewn-israelite__1.18.00..,artifact,artifact
oewn-issue__1.09.00..,background,background
oewn-issue__1.09.01..,background,background
oewn-issue__2.32.00..,background,background
oewn-issue__2.32.02..,background,background
oewn-issue__2.41.00..,background,background
oewn-issuing__1.04.00..,artifact,artifact
oewn-italian__1.18.00..,artifact,artifact
oewn-itch__2.39.00..,background,background
oewn-itch__2.39.02..,background,background
oewn-itching__1.09.00..,artifact,artifact
oewn-item__1.10.00..,artifact,background
oewn-item__1.10.01..,external,external
oewn-item__1.24.00..,artifact,artifact
oewn-item__4.02.00..,artifact,artifact
oewn-ithaca__1.15.00..,artifact,artifact
oewn-ivory__1.07.00..,artifact,artifact
oewn-ivory__1.27.00..,graph_data,graph_data
oewn-jack__1.06.01..,artifact,background
oewn-jack__1.06.05..,artifact,background
oewn-jack__1.18.00..,artifact,background
oewn-jackal__1.05.02..,background,background
oewn-jackal__1.05.03..,background,background
oewn-jacket__1.06.00..,closed,closed
oewn-jacks__1.04.00..,background,background
oewn-jackstones__1.04.00..,artifact,artifact
oewn-jackstones__1.06.00..,artifact,artifact
oewn-jackstraw__1.06.00..,artifact,artifact
oewn-jackstraws__1.04.00..,background,background
oewn-jade__1.27.00..,background,background
oewn-jagged__5.00.00.uneven.00,artifact,artifact
oewn-jansenist__1.18.00..,graph_data,graph_data
oewn-japan__1.06.01..,artifact,artifact
oewn-japan__1.15.01..,artifact,artifact
oewn-japanese__1.18.00..,artifact,artifact
oewn-jasmine__1.20.00..,background,background
oewn-jaundice__1.26.00..,graph_data,graph_data
oewn-java__1.13.00..,artifact,artifact
oewn-java__1.15.00..,graph_data,graph_data
oewn-jazz__1.10.00..,artifact,artifact
oewn-jazz__1.10.01..,artifact,artifact
oewn-jealous__5.00.00.distrustful.00,artifact,artifact
oewn-jealousy__1.12.00..,artifact,artifact
oewn-jeans__1.06.00..,artifact,artifact
oewn-jejunum__1.08.00..,background,background
oewn-jellied__5.00.00.solid.01,artifact,artifact
oewn-jelly__1.13.01..,closed,closed
oewn-jelly__1.27.00..,closed,closed
oewn-jellylike__5.00.00.thick.02,artifact,artifact
oewn-jeremiah__1.18.00..,background,background
oewn-jerky__5.00.00.unsteady.00,artifact,artifact
oewn-jewelry__1.06.00..,closed,closed
oewn-jewish__3.01.01..,artifact,artifact
oewn-jezebel__1.18.01..,graph_data,graph_data
oewn-jitters__1.26.00..,background,background
oewn-join__1.14.00..,artifact,background
oewn-join__1.25.00..,artifact,artifact
oewn-join__2.41.00..,artifact,background
oewn-join__2.42.01..,artifact,artifact
oewn-joined__5.00.00.connected.00,closed,closed
oewn-joined__5.00.00.married.00,closed,closed
oewn-joining__1.04.00..,artifact,background
oewn-joint__1.06.01..,background,background
oewn-joint__1.08.00..,artifact,artifact
oewn-joint__2.40.00..,artifact,artifact
oewn-joint__2.42.00..,artifact,artifact
oewn-joint__3.00.00..,artifact,artifact
oewn-jointed__5.00.00.articulated.00,closed,closed
oewn-jointly__4.02.02..,artifact,artifact
oewn-joke__1.10.00..,artifact,artifact
oewn-joke__2.29.00..,artifact,artifact
oewn-joke__2.32.00..,artifact,artifact
oewn-joule__1.23.00..,artifact,artifact
oewn-journalism__1.10.00..,artifact,artifact
oewn-journalistic__3.01.00..,artifact,artifact
oewn-journey__1.04.00..,artifact,external
oewn-journey__2.38.00..,artifact,artifact
oewn-journey__2.38.01..,background,background
oewn-joyful__3.00.00..,artifact,external
oewn-joyous__3.00.00..,artifact,external
oewn-joyously__4.02.00..,artifact,external
oewn-judah__1.18.00..,graph_data,graph_data
oewn-judge__1.18.00..,artifact,artifact
oewn-judge__2.31.00..,artifact,artifact
oewn-judge__2.31.01..,artifact,artifact
oewn-judge__2.31.02..,background,background
oewn-judging__1.09.00..,artifact,artifact
oewn-judgment__1.04.00..,background,background
oewn-judgment__1.07.00..,background,background
oewn-judgment__1.09.00..,background,background
oewn-judgment__1.09.04..,background,background
oewn-judicial__5.00.00.legal.00,artifact,artifact
oewn-judiciousness__1.09.00..,artifact,background
oewn-jugular__1.08.00..,closed,closed
oewn-juice__1.13.00..,artifact,artifact
oewn-juicy__3.00.00..,artifact,artifact
oewn-jump__1.04.00..,closed,closed
oewn-jump__2.38.00..,closed,closed
oewn-jump__2.38.01..,closed,closed
oewn-jump__2.38.12..,closed,closed
oewn-jumping__1.04.00..,artifact,artifact
oewn-jumping__1.04.01..,artifact,artifact
oewn-junction__1.06.00..,artifact,artifact
oewn-junction__1.26.00..,closed,closed
oewn-jungle__1.14.01..,artifact,artifact
oewn-junior__1.18.02..,artifact,artifact
oewn-junket__1.13.00..,background,background
oewn-jury__1.14.00..,artifact,artifact
oewn-just__3.00.00..,background,background
oewn-just__3.00.04..,background,background
oewn-just__4.02.04..,background,background
oewn-just__5.00.00.righteous.00,background,background
oewn-justice__1.07.00..,artifact,artifact
oewn-justice__1.14.00..,artifact,artifact
oewn-justice__1.18.00..,artifact,artifact
oewn-justification__1.09.00..,artifact,artifact
oewn-justified__5.00.00.even.01,artifact,external
oewn-justify__2.32.00..,artifact,artifact
oewn-jute__1.27.00..,artifact,artifact
oewn-juvenile__1.18.00..,artifact,artifact
oewn-kaffiyeh__1.06.00..,artifact,artifact
oewn-kameez__1.06.00..,background,background
oewn-kapok__1.20.00..,background,background
oewn-kapok__1.27.00..,background,background
oewn-keen__5.00.00.perceptive.00,artifact,artifact
oewn-keenly__4.02.00..,artifact,artifact
oewn-keep__1.21.00..,background,background
oewn-keep__2.42.00..,background,background
oewn-keep__2.42.02..,background,background
oewn-keeper__1.18.02..,artifact,artifact
oewn-keeping__1.04.01..,artifact,artifact
oewn-kelvin__1.18.00..,artifact,artifact
oewn-kelvin__1.23.00..,artifact,artifact
oewn-kept__3.00.00..,background,background
oewn-kernel__1.20.02..,artifact,artifact
oewn-ketch__1.06.00..,artifact,artifact
oewn-keyboard__1.06.01..,background,background
oewn-keynote__1.10.00..,artifact,artifact
oewn-kick__1.04.00..,artifact,artifact
oewn-kick__1.04.01..,artifact,artifact
oewn-kicking__1.04.01..,artifact,artifact
oewn-kickoff__1.04.00..,artifact,artifact
oewn-kill__1.04.00..,artifact,background
oewn-kill__2.35.00..,artifact,artifact
oewn-kill__2.35.06..,artifact,artifact
oewn-killer__1.18.00..,artifact,background
oewn-killing__1.04.00..,artifact,background
oewn-killing__1.11.00..,artifact,background
oewn-kiln__1.06.00..,graph_data,graph_data
oewn-kilocycle__1.28.00..,artifact,artifact
oewn-kilogram__1.23.00..,artifact,artifact
oewn-kilt__1.06.00..,artifact,artifact
oewn-kindle__2.43.01..,artifact,artifact
oewn-kindly__5.00.00.kind.00,artifact,artifact
oewn-kindness__1.04.00..,artifact,background
oewn-kindness__1.07.00..,artifact,artifact
oewn-king__1.06.01..,artifact,artifact
oewn-king__1.06.02..,artifact,artifact
oewn-king__1.18.00..,artifact,artifact
oewn-king__1.18.03..,artifact,artifact
oewn-king__1.18.05..,artifact,artifact
oewn-king__1.18.07..,artifact,external
oewn-kingdom__1.14.02..,artifact,artifact
oewn-kingdom__1.26.00..,artifact,artifact
oewn-kink__2.30.00..,closed,closed
oewn-kink__2.35.00..,external,external
oewn-kinship__1.24.00..,artifact,artifact
oewn-kinship__1.24.02..,artifact,artifact
oewn-kisser__1.08.00..,closed,closed
oewn-kisser__1.18.00..,closed,closed
oewn-kitchen__1.06.00..,artifact,artifact
oewn-kite__2.38.00..,background,background
oewn-kite__2.38.01..,background,background
oewn-knapweed__1.20.00..,artifact,artifact
oewn-knead__2.35.00..,artifact,artifact
oewn-knee__1.06.00..,closed,closed
oewn-knee__1.08.00..,closed,closed
oewn-knife__1.06.00..,closed,closed
oewn-knife__2.35.00..,closed,closed
oewn-knight__1.18.00..,artifact,artifact
oewn-knighthood__1.14.00..,artifact,artifact
oewn-knightly__5.00.00.past.00,artifact,artifact
oewn-knit__1.06.02..,artifact,artifact
oewn-knitting__1.06.00..,artifact,artifact
oewn-knobbed__5.00.00.crooked.01,artifact,artifact
oewn-knock__1.11.01..,artifact,artifact
oewn-knocking__1.11.00..,artifact,artifact
oewn-knot__1.14.00..,background,background
oewn-knot__1.27.00..,artifact,artifact
oewn-knot__1.28.00..,artifact,artifact
oewn-know__1.09.00..,artifact,background
oewn-know__2.31.01..,artifact,artifact
oewn-know__2.31.11..,background,background
oewn-knowing__1.09.00..,artifact,artifact
oewn-knowing__5.00.00.informed.00,artifact,artifact
oewn-knowingly__4.02.00..,artifact,artifact
oewn-knowledgeable__5.00.00.educated.00,artifact,artifact
oewn-kroon__1.23.00..,artifact,artifact
oewn-kudu__1.05.00..,artifact,artifact
oewn-kurta__1.06.00..,graph_data,graph_data
oewn-kyphosis__1.26.00..,artifact,artifact
oewn-label__1.10.01..,artifact,artifact
oewn-label__2.32.00..,artifact,artifact
oewn-label__2.35.00..,artifact,artifact
oewn-labor__1.04.00..,artifact,artifact
oewn-labor__1.14.00..,artifact,artifact
oewn-laboratory__1.06.00..,artifact,artifact
oewn-labyrinth__1.06.00..,artifact,artifact
oewn-labyrinthine__3.01.00..,artifact,artifact
oewn-lace__1.06.01..,artifact,artifact
oewn-lack__1.26.00..,closed,closed
oewn-lack__2.42.00..,closed,closed
oewn-lacking__5.00.00.inadequate.00,artifact,artifact
oewn-lacquer__1.27.00..,artifact,artifact
oewn-lacquerware__1.06.00..,graph_data,graph_data
oewn-lactase__1.27.00..,artifact,artifact
oewn-lacy__5.00.00.fancy.00,artifact,artifact
oewn-ladle__2.35.00..,closed,closed
oewn-ladle__2.35.01..,closed,closed
oewn-lager__1.13.00..,artifact,artifact
oewn-laid__5.00.00.arranged.00,artifact,artifact
oewn-laity__1.14.00..,artifact,artifact
oewn-lake__1.17.00..,artifact,artifact
oewn-lame__1.18.00..,background,background
oewn-lamenting__5.00.00.sorrowful.00,artifact,artifact
oewn-laminate__1.06.00..,artifact,artifact
oewn-lamp__1.06.00..,artifact,artifact
oewn-lamp__1.06.01..,artifact,artifact
oewn-lamppost__1.06.00..,background,background
oewn-land__1.04.00..,artifact,artifact
oewn-land__1.14.00..,artifact,artifact
oewn-land__1.14.01..,artifact,artifact
oewn-land__1.17.00..,artifact,artifact
oewn-land__1.17.01..,artifact,artifact
oewn-land__1.18.00..,artifact,artifact
oewn-land__1.21.00..,artifact,artifact
oewn-land__1.21.01..,artifact,artifact
oewn-land__2.38.00..,artifact,artifact
oewn-landed__3.00.00..,artifact,artifact
oewn-landing__1.06.01..,artifact,artifact
oewn-landlocked__5.00.00.inland.00,artifact,artifact
oewn-landmark__1.08.00..,artifact,artifact
oewn-landmass__1.17.00..,artifact,artifact
oewn-landscaped__5.00.00.improved.00,artifact,artifact
oewn-lane__1.06.00..,background,background
oewn-language__1.10.00..,artifact,artifact
oewn-language__1.10.01..,artifact,artifact
oewn-language__1.10.03..,artifact,artifact
oewn-lapse__1.04.00..,artifact,artifact
oewn-lard__1.13.00..,artifact,artifact
oewn-large__1.07.00..,closed,closed
oewn-large__3.00.00..,closed,closed
oewn-large__4.02.01..,closed,closed
oewn-large__5.00.00.comprehensive.00,closed,closed
oewn-large__5.00.00.rhetorical.00,closed,closed
oewn-large__5.00.00.significant.00,closed,closed
oewn-largely__4.02.00..,artifact,external
oewn-larger__5.00.00.large.00,background,background
oewn-lariat__1.06.00..,artifact,artifact
oewn-larva__1.05.00..,artifact,artifact
oewn-larval__5.00.00.immature.01,artifact,artifact
oewn-larynx__1.08.00..,background,background
oewn-lascivious__5.00.00.sexy.00,artifact,artifact
oewn-lash__1.06.01..,artifact,artifact
oewn-lash__1.08.00..,background,background
oewn-lashing__1.04.00..,artifact,artifact
oewn-lasso__1.06.00..,artifact,artifact
oewn-lasso__2.35.00..,artifact,artifact
oewn-last__1.28.00..,background,background
oewn-last__2.42.00..,background,background
oewn-last__4.02.00..,background,background
oewn-last__5.00.00.closing.00,background,background
oewn-last__5.00.00.past.00,background,background
oewn-lasting__3.00.04..,artifact,artifact
oewn-lasting__5.00.00.long.02,artifact,artifact
oewn-late__3.00.00..,closed,closed
oewn-late__3.00.01..,closed,closed
oewn-late__3.00.02..,closed,closed
oewn-late__4.02.01..,closed,closed
oewn-late__4.02.02..,closed,closed
oewn-lateen__1.06.00..,graph_data,graph_data
oewn-latent__5.00.00.potential.00,artifact,artifact
oewn-later__3.00.02..,artifact,artifact
oewn-later__4.02.01..,artifact,artifact
oewn-lateral__1.04.00..,artifact,artifact
oewn-laterally__4.02.01..,artifact,background
oewn-latex__1.06.00..,artifact,artifact
oewn-latex__1.27.00..,artifact,artifact
oewn-lathe__1.06.00..,artifact,artifact
oewn-latin__1.10.00..,artifact,artifact
oewn-latin__1.18.00..,artifact,artifact
oewn-latin__3.01.02..,artifact,artifact
oewn-latin__3.01.03..,artifact,artifact
oewn-latitude__1.15.00..,artifact,artifact
oewn-latter__1.24.00..,closed,closed
oewn-lattice__1.09.00..,artifact,artifact
oewn-latticework__1.06.00..,artifact,artifact
oewn-laughing__5.00.00.happy.00,artifact,artifact
oewn-laughter__1.10.00..,artifact,artifact
oewn-launch__2.30.10..,artifact,artifact
oewn-launching__1.04.02..,artifact,artifact
oewn-laundering__1.04.00..,artifact,artifact
oewn-lava__1.27.00..,artifact,artifact
oewn-lavish__2.40.00..,background,background
oewn-lawful__3.00.00..,artifact,artifact
oewn-lawn__1.15.00..,artifact,artifact
oewn-laxative__1.06.00..,artifact,artifact
oewn-layer__1.05.00..,closed,closed
oewn-layer__1.06.00..,closed,closed
oewn-layer__2.35.00..,closed,closed
oewn-laying__1.22.00..,artifact,artifact
oewn-layout__1.09.00..,artifact,artifact
oewn-leaching__1.22.00..,closed,closed
oewn-lead__1.06.03..,artifact,artifact
oewn-lead__1.07.02..,artifact,artifact
oewn-lead__1.15.00..,artifact,artifact
oewn-lead__1.27.00..,artifact,artifact
oewn-lead__2.38.01..,artifact,external
oewn-leaden__5.00.00.cloudy.00,artifact,artifact
oewn-leader__1.18.00..,closed,closed
oewn-leaders__1.14.00..,artifact,artifact
oewn-leadership__1.04.00..,artifact,artifact
oewn-leadership__1.14.00..,artifact,artifact
oewn-leading__1.04.00..,artifact,artifact
oewn-leading__1.06.00..,artifact,artifact
oewn-leading__5.00.00.up.00,artifact,artifact
oewn-leading__5.00.02.major.06,artifact,artifact
oewn-leaf__1.20.00..,artifact,artifact
oewn-leafless__3.00.00..,artifact,background
oewn-leaflet__1.08.00..,artifact,artifact
oewn-leaflet__1.20.00..,artifact,artifact
oewn-leaflike__5.00.00.leafy.00,artifact,artifact
oewn-leafstalk__1.20.00..,artifact,artifact
oewn-leafy__3.00.00..,artifact,artifact
oewn-lean__1.07.00..,background,background
oewn-lean__5.00.01.insufficient.00,artifact,artifact
oewn-leaning__5.00.00.inclined.01,background,background
oewn-leanness__1.07.01..,artifact,artifact
oewn-leap__1.04.00..,artifact,artifact
oewn-leap__2.38.00..,artifact,artifact
oewn-leap__2.38.10..,background,background
oewn-leaping__1.04.00..,artifact,artifact
oewn-learn__2.31.00..,background,background
oewn-learn__2.31.01..,background,background
oewn-learn__2.31.02..,background,background
oewn-learn__2.32.02..,background,background
oewn-learned__3.00.02..,artifact,artifact
oewn-learned__5.00.00.scholarly.00,artifact,artifact
oewn-learner__1.18.00..,artifact,external
oewn-learning__1.09.00..,artifact,external
oewn-lease__1.21.00..,artifact,artifact
oewn-leased__3.00.02..,artifact,artifact
oewn-least__1.09.00..,background,background
oewn-least__3.00.00..,background,background
oewn-least__4.02.00..,background,background
oewn-leather__1.27.00..,artifact,artifact
oewn-leathery__5.00.00.tough.01,artifact,artifact
oewn-leave__1.28.00..,background,background
oewn-leave__2.30.03..,background,background
oewn-leave__2.38.00..,background,background
oewn-leave__2.38.01..,background,background
oewn-leave__2.40.01..,background,background
oewn-leave__2.41.00..,background,background
oewn-leave__2.42.01..,background,background
oewn-leave__2.42.02..,background,background
oewn-leaved__5.00.00.leafy.00,artifact,artifact
oewn-leaving__1.04.00..,artifact,background
oewn-lechatelierite__1.27.00..,artifact,artifact
oewn-lecture__2.32.00..,background,background
oewn-lecture__2.32.01..,background,background
oewn-ledge__1.17.00..,artifact,artifact
oewn-leech__1.18.00..,artifact,artifact
oewn-leek__1.20.00..,artifact,artifact
oewn-left__1.04.00..,closed,closed
oewn-left__1.14.00..,closed,closed
oewn-left__1.15.00..,closed,closed
oewn-left__3.00.00..,closed,closed
oewn-left__3.00.02..,closed,closed
oewn-left__5.00.00.unexhausted.00,closed,closed
oewn-legal__3.00.00..,closed,closed
oewn-legal__5.00.00.eligible.00,closed,closed
oewn-legal__5.00.00.valid.00,closed,closed
oewn-legality__1.07.00..,artifact,artifact
oewn-legally__4.02.01..,artifact,artifact
oewn-legally__4.02.03..,closed,closed
oewn-legate__1.18.00..,artifact,artifact
oewn-legation__1.04.00..,artifact,artifact
oewn-legend__1.10.01..,artifact,artifact
oewn-legendary__5.00.00.known.00,artifact,artifact
oewn-legged__3.00.00..,artifact,artifact
oewn-legislation__1.04.00..,artifact,artifact
oewn-legislative__3.01.01..,artifact,artifact
oewn-legislature__1.14.00..,artifact,artifact
oewn-legitimate__2.41.00..,closed,closed
oewn-legs__1.07.00..,artifact,artifact
oewn-leguminous__3.01.00..,closed,closed
oewn-leishmaniasis__1.26.00..,artifact,artifact
oewn-leisurely__4.02.00..,artifact,artifact
oewn-lemon__1.13.00..,artifact,artifact
oewn-lend__2.40.01..,artifact,artifact
oewn-length__1.06.00..,closed,closed
oewn-length__1.07.00..,closed,closed
oewn-length__1.07.01..,closed,closed
oewn-length__1.07.02..,closed,closed
oewn-length__1.07.03..,closed,closed
oewn-lengthen__2.30.01..,closed,closed
oewn-lengthening__1.04.00..,artifact,background
oewn-lengthways__3.00.00..,background,background
oewn-lengthwise__3.00.00..,background,background
oewn-lens__1.06.00..,artifact,artifact
oewn-lens__1.08.00..,graph_data,graph_data
oewn-lentil__1.20.00..,artifact,artifact
oewn-lepidolite__1.27.00..,graph_data,graph_data
oewn-leprosy__1.26.00..,background,background
oewn-leptospira__1.05.00..,background,background
oewn-leptospirosis__1.26.00..,graph_data,graph_data
oewn-lesion__1.26.02..,artifact,background
oewn-less__3.00.00..,background,background
oewn-less__4.02.00..,background,background
oewn-less__4.02.01..,background,background
oewn-less__5.00.00.fewer.00,background,background
oewn-less__5.00.00.inferior.02,background,background
oewn-lessee__1.18.00..,artifact,artifact
oewn-lessen__2.30.00..,closed,closed
oewn-lesser__3.00.00..,background,background
oewn-lesson__1.04.01..,artifact,artifact
oewn-letter__1.10.00..,artifact,artifact
oewn-letter__1.10.01..,artifact,artifact
oewn-letters__1.09.00..,background,background
oewn-letup__1.28.00..,artifact,artifact
oewn-level__1.06.03..,closed,closed
oewn-level__1.07.00..,closed,closed
oewn-level__1.07.01..,closed,closed
oewn-level__1.26.01..,closed,closed
oewn-level__2.33.01..,closed,closed
oewn-level__2.33.02..,closed,closed
oewn-level__2.35.01..,closed,closed
oewn-level__2.36.00..,closed,closed
oewn-level__5.00.01.even.01,closed,closed
oewn-lever__1.06.00..,artifact,artifact
oewn-leverage__2.40.00..,background,background
oewn-leverage__2.40.01..,background,background
oewn-levy__2.40.00..,closed,closed
oewn-lewd__5.00.00.sexy.00,artifact,artifact
oewn-lexicon__1.09.00..,artifact,artifact
oewn-liabilities__1.21.00..,closed,closed
oewn-liability__1.26.01..,artifact,artifact
oewn-liable__5.00.00.likely.00,artifact,artifact
oewn-liberal__1.18.00..,artifact,artifact
oewn-liberality__1.07.00..,artifact,artifact
oewn-liberation__1.04.02..,artifact,background
oewn-licensed__5.00.00.official.00,artifact,background
oewn-lieutenant__1.18.03..,background,background
oewn-life__1.03.00..,artifact,background
oewn-life__1.07.01..,artifact,background
oewn-life__1.09.00..,artifact,background
oewn-life__1.10.00..,artifact,background
oewn-life__1.19.00..,artifact,background
oewn-life__1.26.00..,artifact,background
oewn-life__1.26.01..,artifact,background
oewn-life__1.26.02..,artifact,background
oewn-life__1.28.00..,artifact,background
oewn-life__1.28.02..,artifact,background
oewn-life__1.28.03..,artifact,background
oewn-lifelike__5.00.00.realistic.00,closed,closed
oewn-lifelike__5.00.00.unaffected.01,artifact,artifact
oewn-lifesaving__1.04.00..,artifact,artifact
oewn-lifestyle__1.07.00..,background,background
oewn-lifetime__1.28.00..,artifact,artifact
oewn-lift__1.04.02..,artifact,artifact
oewn-lifted__5.00.00.raised.00,artifact,background
oewn-ligament__1.08.00..,artifact,artifact
oewn-light__1.06.00..,closed,closed
oewn-light__1.06.01..,closed,closed
oewn-light__1.07.00..,closed,closed
oewn-light__1.07.01..,closed,closed
oewn-light__1.10.00..,closed,closed
oewn-light__1.16.00..,closed,closed
oewn-light__1.19.00..,closed,closed
oewn-light__1.26.00..,closed,closed
oewn-light__2.30.00..,closed,closed
oewn-light__2.34.00..,closed,closed
oewn-light__3.00.01..,closed,closed
oewn-light__3.00.05..,closed,closed
oewn-light__3.00.06..,closed,closed
oewn-light__5.00.00.insufficient.00,closed,closed
oewn-light__5.00.00.pure.02,closed,closed
oewn-light__5.00.00.unstressed.00,closed,closed
oewn-lighted__5.00.00.light.06,artifact,artifact
oewn-lighter__1.27.00..,artifact,artifact
oewn-lighting__1.26.00..,artifact,artifact
oewn-lightly__4.02.06..,artifact,background
oewn-lightness__1.07.01..,artifact,artifact
oewn-lightness__1.07.03..,closed,closed
oewn-lightning__1.11.00..,artifact,artifact
oewn-lightning__1.19.00..,artifact,artifact
oewn-lightproof__5.00.00.opaque.00,background,background
oewn-lightweight__1.14.01..,background,background
oewn-lightweight__1.18.00..,background,background
oewn-like__1.09.01..,closed,closed
oewn-like__2.37.01..,closed,closed
oewn-like__3.00.00..,closed,closed
oewn-like__5.00.00.same.00,closed,closed
oewn-likelihood__1.07.00..,artifact,artifact
oewn-likely__3.00.00..,artifact,artifact
oewn-likely__5.00.00.prospective.00,artifact,artifact
oewn-likeness__1.07.00..,artifact,artifact
oewn-liking__1.12.00..,background,background
oewn-lilac__1.20.00..,artifact,artifact
oewn-limb__1.06.00..,artifact,artifact
oewn-limb__1.08.00..,artifact,artifact
oewn-limber__1.06.00..,background,background
oewn-limber__2.29.00..,background,background
oewn-limber__2.35.00..,background,background
oewn-lime__1.20.02..,graph_data,graph_data
oewn-lime__1.27.00..,artifact,artifact
oewn-limestone__1.27.00..,artifact,artifact
oewn-limit__1.07.00..,artifact,artifact
oewn-limit__1.15.00..,artifact,artifact
oewn-limit__2.30.00..,artifact,artifact
oewn-limit__2.30.01..,artifact,artifact
oewn-limitation__1.09.00..,artifact,artifact
oewn-limited__1.06.00..,artifact,artifact
oewn-limited__3.00.00..,artifact,artifact
oewn-limited__5.00.00.restricted.00,artifact,artifact
oewn-limited__5.00.00.specific.00,artifact,artifact
oewn-limiting__1.24.00..,artifact,artifact
oewn-limitless__5.00.00.immeasurable.00,artifact,artifact
oewn-limousine__1.06.00..,artifact,artifact
oewn-line__1.04.00..,closed,closed
oewn-line__1.06.00..,closed,closed
oewn-line__1.06.03..,closed,closed
oewn-line__1.06.05..,closed,closed
oewn-line__1.06.09..,closed,closed
oewn-line__1.09.01..,closed,closed
oewn-line__1.10.02..,closed,closed
oewn-line__1.10.03..,closed,closed
oewn-line__1.10.05..,closed,closed
oewn-line__1.14.01..,closed,closed
oewn-line__1.14.03..,closed,closed
oewn-line__1.15.00..,closed,closed
oewn-line__1.15.01..,closed,closed
oewn-line__1.15.02..,closed,closed
oewn-line__1.23.00..,closed,closed
oewn-line__1.25.00..,closed,closed
oewn-line__1.25.01..,closed,closed
oewn-line__2.35.00..,closed,closed
oewn-line__2.35.01..,closed,closed
oewn-line__2.42.00..,closed,closed
oewn-lineage__1.14.00..,artifact,artifact
oewn-linear__3.00.01..,artifact,external
oewn-linear__3.00.02..,artifact,artifact
oewn-linear__5.00.00.simple.01,artifact,background
oewn-lined__5.00.00.bordered.00,artifact,artifact
oewn-linemen__1.14.00..,artifact,artifact
oewn-linen__1.06.01..,artifact,artifact
oewn-linger__2.42.02..,artifact,artifact
oewn-linguistically__4.02.01..,artifact,artifact
oewn-linguistics__1.09.00..,artifact,artifact
oewn-lining__1.04.00..,artifact,artifact
oewn-lining__1.06.00..,background,background
oewn-lining__1.06.01..,background,background
oewn-link__1.24.00..,artifact,artifact
oewn-link__1.26.00..,artifact,artifact
oewn-link__2.31.00..,artifact,artifact
oewn-link__2.35.02..,artifact,artifact
oewn-linked__5.00.00.connected.00,artifact,artifact
oewn-links__1.06.00..,artifact,artifact
oewn-liplike__5.00.00.lipped.00,artifact,artifact
oewn-lipophilic__5.00.00.oleophilic.00,graph_data,graph_data
oewn-lipstick__2.29.00..,background,background
oewn-lipstick__2.36.00..,background,background
oewn-liquefiable__5.00.00.liquid.00,artifact,artifact
oewn-liquefied__5.00.00.liquid.00,artifact,artifact
oewn-liquefy__2.43.00..,closed,closed
oewn-liquid__1.26.00..,closed,closed
oewn-liquid__1.27.04..,closed,closed
oewn-liquid__3.00.00..,closed,closed
oewn-liquid__3.00.04..,closed,closed
oewn-liquid__5.00.00.tearful.00,closed,closed
oewn-liquidambar__1.20.01..,artifact,artifact
oewn-liquor__1.13.00..,background,background
oewn-list__1.10.00..,background,background
oewn-list__2.32.00..,background,background
oewn-list__2.41.00..,background,background
oewn-listed__3.00.00..,background,background
oewn-listeria__1.05.00..,closed,closed
oewn-listing__1.10.00..,artifact,artifact
oewn-liter__1.23.00..,artifact,artifact
oewn-literal__1.10.00..,artifact,artifact
oewn-literal__3.00.00..,artifact,artifact
oewn-literal__5.00.00.true.00,artifact,artifact
oewn-literally__4.02.00..,artifact,artifact
oewn-literary__3.01.00..,artifact,artifact
oewn-literary__5.00.00.literate.01,artifact,artifact
oewn-literature__1.04.00..,artifact,artifact
oewn-literature__1.10.00..,artifact,artifact
oewn-lithophytic__3.01.00..,closed,closed
oewn-litigation__1.04.00..,artifact,artifact
oewn-litter__1.06.00..,artifact,artifact
oewn-little__1.23.00..,closed,closed
oewn-little__3.00.01..,closed,closed
oewn-little__3.00.03..,closed,closed
oewn-little__4.02.00..,closed,closed
oewn-little__5.00.00.unimportant.00,closed,closed
oewn-little__5.00.00.young.00,closed,closed
oewn-live__2.31.00..,artifact,artifact
oewn-live__2.42.00..,artifact,external
oewn-live__2.42.06..,artifact,artifact
oewn-live__2.42.08..,artifact,artifact
oewn-live__3.00.02..,artifact,artifact
oewn-liveborn__5.00.00.alive.01,background,background
oewn-liveliness__1.04.00..,artifact,artifact
oewn-lively__3.00.00..,artifact,artifact
oewn-lively__5.00.00.spirited.00,artifact,artifact
oewn-liver__1.08.00..,graph_data,graph_data
oewn-livestock__1.05.00..,background,background
oewn-living__1.09.00..,closed,closed
oewn-living__1.21.00..,closed,closed
oewn-living__1.26.00..,closed,closed
oewn-living__3.01.00..,closed,closed
oewn-living__5.00.00.live.01,closed,closed
oewn-living__5.00.00.realistic.00,closed,closed
oewn-livonian__1.18.00..,artifact,artifact
oewn-load__1.06.00..,closed,closed
oewn-load__1.06.02..,artifact,artifact
oewn-load__2.35.01..,closed,closed
oewn-load__2.35.02..,artifact,artifact
oewn-loaded__5.00.00.full.00,artifact,artifact
oewn-loading__1.06.01..,closed,closed
oewn-loads__1.23.00..,artifact,artifact
oewn-loan__1.21.00..,external,external
oewn-lobe__1.08.00..,artifact,artifact
oewn-lobed__5.00.00.compound.00,artifact,artifact
oewn-lobeliaceous__3.01.00..,artifact,artifact
oewn-local__1.06.00..,artifact,artifact
oewn-local__1.06.01..,artifact,artifact
oewn-locale__1.15.00..,background,background
oewn-localized__5.00.00.local.02,artifact,artifact
oewn-locally__4.02.00..,artifact,artifact
oewn-locate__2.40.00..,artifact,artifact
oewn-locate__2.42.00..,artifact,artifact
oewn-located__5.00.00.settled.01,circular,circular
oewn-locating__1.04.00..,artifact,artifact
oewn-location__1.03.00..,closed,closed
oewn-location__1.04.02..,artifact,artifact
oewn-location__1.06.00..,artifact,artifact
oewn-lock__1.06.00..,artifact,artifact
oewn-lock__1.06.02..,artifact,artifact
oewn-lock__1.08.00..,artifact,artifact
oewn-locoism__1.26.00..,background,background
oewn-locomotion__1.07.00..,artifact,background
oewn-locomotive__1.06.00..,artifact,artifact
oewn-locoweed__1.20.00..,artifact,artifact
oewn-locus__1.15.00..,background,background
oewn-locus__1.15.01..,artifact,artifact
oewn-lodging__1.06.00..,artifact,artifact
oewn-lofty__5.00.00.noble.01,artifact,artifact
oewn-logarithm__1.10.00..,artifact,artifact
oewn-logic__1.09.00..,background,background
oewn-logic__1.09.01..,artifact,artifact
oewn-logical__3.00.00..,background,background
oewn-logical__3.00.05..,background,background
oewn-logical__5.00.00.rational.00,background,background
oewn-logical__5.00.00.valid.00,background,background
oewn-logically__4.02.01..,artifact,artifact
oewn-logistical__3.01.00..,artifact,artifact
oewn-logistics__1.04.00..,artifact,artifact
oewn-loin__1.13.00..,artifact,circular
oewn-long__2.37.02..,closed,closed
oewn-long__3.00.02..,closed,closed
oewn-long__4.02.00..,closed,closed
oewn-long__5.00.00.abundant.00,closed,closed
oewn-long__5.00.00.tall.00,closed,closed
oewn-longer__1.18.00..,closed,closed
oewn-longest__4.02.00..,background,background
oewn-longing__1.12.00..,artifact,artifact
oewn-longitude__1.15.00..,background,background
oewn-longitudinally__4.02.02..,background,background
oewn-longstanding__5.00.00.long.02,background,background
oewn-look__1.04.00..,artifact,artifact
oewn-look__1.07.01..,artifact,external
oewn-look__2.39.00..,external,external
oewn-look__2.39.01..,artifact,artifact
oewn-looking__1.04.01..,artifact,artifact
oewn-looking__5.00.00.superficial.00,background,background
oewn-loom__1.06.00..,artifact,artifact
oewn-loop__1.06.00..,artifact,artifact
oewn-loop__1.06.01..,artifact,artifact
oewn-loop__1.06.03..,artifact,artifact
oewn-loop__1.25.00..,artifact,artifact
oewn-loose__2.30.01..,closed,closed
oewn-loose__2.30.02..,closed,closed
oewn-loose__2.41.00..,closed,closed
oewn-loose__5.00.00.coarse.00,closed,closed
oewn-loose__5.00.01.free.00,closed,closed
oewn-loosely__4.02.00..,artifact,artifact
oewn-loosestrife__1.20.01..,background,background
oewn-lord__1.18.01..,artifact,artifact
oewn-lore__1.09.00..,artifact,artifact
oewn-lose__2.40.02..,artifact,background
oewn-loser__1.18.01..,background,background
oewn-loss__1.07.00..,closed,closed
oewn-loss__1.21.01..,closed,closed
oewn-loss__1.22.00..,closed,closed
oewn-losses__1.21.00..,artifact,artifact
oewn-lost__1.14.00..,closed,closed
oewn-lost__3.00.01..,closed,closed
oewn-lost__3.00.02..,closed,closed
oewn-lost__5.00.00.hopeless.00,closed,closed
oewn-lost__5.00.00.incomprehensible.00,closed,closed
oewn-lost__5.00.00.perplexed.00,closed,closed
oewn-lost__5.00.00.unoriented.00,closed,closed
oewn-lotion__1.06.00..,artifact,artifact
oewn-lots__1.23.00..,artifact,artifact
oewn-lottery__1.04.00..,artifact,artifact
oewn-lottery__1.11.00..,artifact,artifact
oewn-lotus__1.20.01..,artifact,artifact
oewn-lotus__1.20.02..,artifact,artifact
oewn-loud__3.00.00..,closed,closed
oewn-loud__4.02.00..,closed,closed
oewn-loud__5.00.00.tasteless.02,closed,closed
oewn-loudly__4.02.00..,artifact,artifact
oewn-love__1.04.00..,circular,circular
oewn-love__1.09.00..,artifact,artifact
oewn-love__1.12.00..,external,external
oewn-love__1.12.01..,artifact,artifact
oewn-loved__3.00.00..,background,background
oewn-lover__1.18.00..,background,background
oewn-lover__1.18.02..,artifact,artifact
oewn-loving__3.00.00..,artifact,artifact
oewn-lower__1.06.00..,closed,closed
oewn-lower__2.29.00..,closed,closed
oewn-lower__2.38.00..,closed,closed
oewn-lower__3.00.01..,closed,closed
oewn-lowered__3.00.00..,circular,circular
oewn-lowering__1.04.00..,artifact,background
oewn-lowest__4.02.00..,background,background
oewn-lowest__5.00.00.worst.00,background,background
oewn-loyal__3.00.00..,artifact,artifact
oewn-loyal__5.00.00.faithful.00,artifact,artifact
oewn-lubricant__1.27.00..,artifact,artifact
oewn-lubricate__2.42.00..,closed,closed
oewn-ludicrously__4.02.00..,artifact,artifact
oewn-luge__1.06.00..,background,background
oewn-luge__2.38.00..,background,background
oewn-luggage__1.06.00..,artifact,artifact
oewn-lumbar__3.01.00..,artifact,background
oewn-lumber__1.27.00..,artifact,background
oewn-luminous__5.00.00.bright.00,artifact,artifact
oewn-lump__1.14.00..,artifact,artifact
oewn-lunar__3.01.00..,artifact,artifact
oewn-lunate__5.00.00.rounded.00,artifact,artifact
oewn-lung__1.08.00..,artifact,artifact
oewn-lupin__1.20.00..,background,background
oewn-lust__1.12.00..,background,background
oewn-luster__1.07.01..,artifact,artifact
oewn-lusterless__5.00.00.dull.02,artifact,artifact
oewn-lustful__5.00.01.sexy.00,background,background
oewn-lustful__5.00.02.sexy.00,artifact,artifact
oewn-lustrous__5.00.00.polished.00,background,background
oewn-lustrous__5.00.01.bright.00,background,background
oewn-luxurious__5.00.00.indulgent.00,artifact,artifact
oewn-luxury__1.07.00..,artifact,artifact
oewn-lying__1.04.00..,background,background
oewn-lymph__1.08.00..,background,background
oewn-lymphatic__3.01.00..,background,background
oewn-lymphoid__3.01.00..,background,background
oewn-lyric__1.10.01..,artifact,artifact
oewn-lysis__1.22.01..,graph_data,graph_data
oewn-mace__1.13.00..,graph_data,graph_data
oewn-maceration__1.22.00..,artifact,artifact
oewn-machete__1.06.00..,artifact,artifact
oewn-machine__1.06.00..,closed,closed
oewn-machine__1.14.00..,closed,closed
oewn-machine__2.36.01..,closed,closed
oewn-machinery__1.06.00..,artifact,artifact
oewn-mackerel__1.13.00..,artifact,artifact
oewn-macromolecular__3.01.00..,closed,closed
oewn-macroscopic__5.00.00.visible.00,artifact,artifact
oewn-madras__1.15.00..,artifact,artifact
oewn-madras__1.15.01..,artifact,artifact
oewn-magazine__1.06.03..,artifact,artifact
oewn-magazine__1.10.00..,artifact,artifact
oewn-magenta__1.04.00..,artifact,artifact
oewn-magenta__1.07.00..,artifact,artifact
oewn-magic__1.09.00..,artifact,artifact
oewn-magical__5.00.00.supernatural.00,artifact,artifact
oewn-magisterial__3.01.00..,artifact,artifact
oewn-magma__1.27.00..,artifact,artifact
oewn-magnanimity__1.07.00..,artifact,artifact
oewn-magnesite__1.27.00..,background,background
oewn-magnet__1.06.00..,artifact,artifact
oewn-magnetic__3.00.00..,artifact,artifact
oewn-magnetic__3.00.01..,artifact,artifact
oewn-magnetic__3.01.00..,artifact,artifact
oewn-magnetic__5.00.00.attractive.01,artifact,artifact
oewn-magnetism__1.19.00..,artifact,artifact
oewn-magnetized__3.00.00..,artifact,artifact
oewn-magnificent__5.00.00.impressive.00,background,background
oewn-magnifier__1.06.00..,artifact,artifact
oewn-magnitude__1.07.00..,background,background
oewn-magnitude__1.24.00..,artifact,artifact
oewn-maguey__1.20.02..,background,background
oewn-maiden__1.18.00..,artifact,artifact
oewn-maidenhair__1.20.00..,artifact,artifact
oewn-mail__1.06.01..,background,background
oewn-mail__1.10.01..,background,background
oewn-mailed__5.00.00.armored.01,artifact,artifact
oewn-main__1.17.00..,background,background
oewn-main__5.00.00.important.00,background,background
oewn-mainland__1.17.00..,artifact,artifact
oewn-maintain__2.40.00..,artifact,artifact
oewn-maintain__2.42.00..,artifact,artifact
oewn-maintained__5.00.01.preserved.01,artifact,background
oewn-maintenance__1.04.00..,artifact,artifact
oewn-maintenance__1.04.01..,artifact,background
oewn-maize__1.20.00..,artifact,artifact
oewn-major__1.18.00..,artifact,background
oewn-major__1.18.02..,artifact,background
oewn-major__5.00.00.senior.00,artifact,background
oewn-majority__1.07.00..,artifact,background
oewn-make__1.04.00..,closed,closed
oewn-make__1.09.00..,closed,closed
oewn-make__2.29.00..,closed,closed
oewn-make__2.29.01..,closed,closed
oewn-make__2.29.08..,closed,closed
oewn-make__2.30.02..,closed,closed
oewn-make__2.30.15..,closed,closed
oewn-make__2.31.13..,closed,closed
oewn-make__2.36.04..,closed,closed
oewn-make__2.36.05..,closed,closed
oewn-make__2.36.07..,closed,closed
oewn-make__2.36.08..,closed,closed
oewn-make__2.36.10..,closed,closed
oewn-make__2.36.13..,closed,closed
oewn-make__2.38.00..,closed,closed
oewn-make__2.39.12..,closed,closed
oewn-make__2.40.01..,closed,closed
oewn-make__2.40.02..,closed,closed
oewn-make__2.41.00..,closed,closed
oewn-make__2.41.03..,closed,closed
oewn-make__2.42.09..,closed,closed
oewn-make__2.42.12..,closed,closed
oewn-makeup__1.07.00..,background,background
oewn-making__1.04.00..,artifact,background
oewn-making__1.06.00..,artifact,background
oewn-malacca__1.20.00..,background,background
oewn-maladaptive__3.00.00..,artifact,artifact
oewn-malaria__1.26.00..,graph_data,graph_data
oewn-male__1.05.00..,artifact,artifact
oewn-male__1.18.00..,artifact,artifact
oewn-male__3.00.00..,artifact,artifact
oewn-malfunction__1.11.00..,artifact,artifact
oewn-malice__1.12.00..,artifact,external
oewn-malicious__3.00.00..,artifact,external
oewn-maliciously__4.02.00..,artifact,external
oewn-malign__5.00.00.maleficent.00,artifact,artifact
oewn-malignant__3.00.02..,artifact,artifact
oewn-malleable__5.00.00.tractable.00,background,background
oewn-malleus__1.08.00..,artifact,artifact
oewn-malodorous__3.00.00..,artifact,artifact
oewn-malt__1.13.01..,artifact,artifact
oewn-malt__1.13.02..,artifact,artifact
oewn-malt__2.30.00..,artifact,artifact
oewn-malt__2.30.01..,artifact,artifact
oewn-malt__2.30.02..,artifact,artifact
oewn-malt__2.30.03..,artifact,artifact
oewn-mammal__1.05.00..,background,background
oewn-mammalian__1.05.00..,artifact,artifact
oewn-mammary__3.01.00..,artifact,artifact
oewn-mammoth__1.05.00..,artifact,artifact
oewn-mammoth__5.00.01.large.00,artifact,artifact
oewn-manage__2.41.01..,artifact,external
oewn-management__1.04.00..,artifact,background
oewn-manat__1.23.01..,artifact,artifact
oewn-mane__1.05.00..,artifact,artifact
oewn-maneuver__1.04.02..,artifact,artifact
oewn-maneuver__1.09.00..,circular,circular
oewn-mangrove__1.20.00..,graph_data,graph_data
oewn-manifest__1.10.00..,background,background
oewn-manifest__2.30.00..,background,background
oewn-manifest__2.32.00..,background,background
oewn-manifestation__1.04.00..,background,background
oewn-manifestation__1.11.00..,background,background
oewn-manifold__1.06.00..,artifact,artifact
oewn-manipulate__2.29.00..,artifact,artifact
oewn-manipulation__1.04.00..,artifact,artifact
oewn-mankind__1.05.00..,artifact,artifact
oewn-manly__5.00.00.masculine.01,artifact,background
oewn-manners__1.07.00..,background,background
oewn-mantle__2.35.00..,closed,closed
oewn-mantle__2.38.00..,closed,closed
oewn-manual__1.04.00..,artifact,artifact
oewn-manual__1.10.00..,artifact,artifact
oewn-manually__4.02.00..,closed,closed
oewn-manufacture__1.04.00..,artifact,artifact
oewn-manufacture__2.36.02..,artifact,artifact
oewn-manufactured__5.00.00.factory-made.00,artifact,artifact
oewn-manufacturer__1.14.00..,artifact,artifact
oewn-manufacturing__1.04.00..,artifact,artifact
oewn-manure__1.27.00..,artifact,artifact
oewn-manure__2.38.00..,external,external
oewn-manuscript__1.10.00..,background,background
oewn-maple__1.20.00..,artifact,artifact
oewn-maple__1.20.02..,artifact,artifact
oewn-mapping__1.24.00..,artifact,artifact
oewn-mara__1.18.00..,artifact,artifact
oewn-marasca__1.20.00..,background,background
oewn-marauding__1.26.01..,background,background
oewn-marauding__5.00.00.offensive.03,background,background
oewn-marble__1.27.00..,artifact,artifact
oewn-march__1.04.00..,artifact,artifact
oewn-march__1.28.00..,artifact,artifact
oewn-march__2.38.01..,artifact,artifact
oewn-march__2.38.04..,artifact,artifact
oewn-marching__1.04.00..,artifact,artifact
oewn-margin__1.25.00..,artifact,artifact
oewn-marigold__1.20.00..,artifact,artifact
oewn-marijuana__1.20.00..,artifact,artifact
oewn-marine__1.18.00..,artifact,artifact
oewn-marine__1.18.01..,artifact,artifact
oewn-mark__1.09.01..,artifact,artifact
oewn-mark__1.10.03..,artifact,artifact
oewn-mark__2.32.02..,artifact,artifact
oewn-mark__2.35.01..,artifact,artifact
oewn-mark__2.35.02..,artifact,artifact
oewn-mark__2.35.09..,artifact,artifact
oewn-mark__2.41.00..,artifact,artifact
oewn-marked__3.00.00..,artifact,artifact
oewn-marked__5.00.00.conspicuous.00,artifact,artifact
oewn-marked__5.00.00.noticeable.00,artifact,artifact
oewn-markedly__4.02.00..,artifact,artifact
oewn-marker__1.06.00..,artifact,artifact
oewn-market__1.04.00..,artifact,artifact
oewn-marking__1.10.00..,background,background
oewn-marquess__1.18.00..,artifact,artifact
oewn-marriage__1.04.00..,closed,closed
oewn-marriage__1.14.00..,closed,closed
oewn-marriage__1.26.00..,closed,closed
oewn-married__1.18.00..,closed,closed
oewn-married__3.00.00..,closed,closed
oewn-married__3.01.00..,closed,closed
oewn-marry__2.41.00..,artifact,background
oewn-marsh__1.17.00..,artifact,artifact
oewn-marshland__1.17.00..,artifact,artifact
oewn-marshy__5.00.00.wet.01,artifact,artifact
oewn-marsupial__1.05.00..,artifact,artifact
oewn-marsupium__1.08.00..,artifact,artifact
oewn-martyr__2.29.00..,background,background
oewn-martyr__2.35.00..,background,background
oewn-masculine__1.10.00..,artifact,artifact
oewn-mash__1.27.00..,artifact,artifact
oewn-masked__5.00.00.covert.00,artifact,artifact
oewn-mason__1.18.00..,artifact,artifact
oewn-masonry__1.06.00..,artifact,artifact
oewn-mass__1.04.00..,artifact,artifact
oewn-mass__1.07.00..,artifact,artifact
oewn-mass__1.14.01..,artifact,artifact
oewn-mass__1.14.02..,artifact,artifact
oewn-mass__1.17.00..,artifact,artifact
oewn-mass__1.23.00..,artifact,artifact
oewn-mass__2.38.00..,artifact,artifact
oewn-mass__5.00.00.collective.00,artifact,artifact
oewn-massage__2.35.00..,artifact,artifact
oewn-masses__1.14.00..,artifact,artifact
oewn-massive__5.00.00.heavy.01,artifact,artifact
oewn-massive__5.00.00.large.00,artifact,artifact
oewn-mast__1.06.00..,background,background
oewn-master__1.18.00..,artifact,artifact
oewn-mastered__5.00.00.perfect.00,artifact,artifact
oewn-mastery__1.09.00..,artifact,artifact
oewn-mat__2.30.00..,artifact,artifact
oewn-match__1.06.00..,artifact,artifact
oewn-matched__3.00.00..,background,background
oewn-matched__5.00.00.competitive.00,artifact,artifact
oewn-matching__5.00.02.matched.00,artifact,artifact
oewn-material__1.06.00..,closed,closed
oewn-material__1.06.01..,closed,closed
oewn-material__1.10.00..,closed,closed
oewn-material__1.18.00..,closed,closed
oewn-material__1.27.00..,closed,closed
oewn-material__3.00.01..,closed,closed
oewn-material__3.00.03..,closed,closed
oewn-material__3.00.04..,closed,closed
oewn-material__5.00.00.worldly.00,closed,closed
oewn-materially__4.02.00..,artifact,artifact
oewn-materiel__1.06.00..,artifact,artifact
oewn-maternal__3.00.00..,background,background
oewn-mating__1.04.00..,artifact,artifact
oewn-matrimony__1.04.00..,external,external
oewn-matrimony__1.26.00..,artifact,artifact
oewn-matrix__1.14.00..,artifact,artifact
oewn-matted__5.00.00.tangled.00,artifact,artifact
oewn-matter__1.03.00..,background,background
oewn-matter__1.09.01..,background,background
oewn-maturation__1.22.01..,artifact,artifact
oewn-mature__2.30.00..,artifact,artifact
oewn-mature__3.00.01..,artifact,artifact
oewn-mature__3.00.06..,artifact,artifact
oewn-matured__5.00.00.mature.01,artifact,artifact
oewn-maturity__1.26.00..,background,background
oewn-maturity__1.28.00..,background,background
oewn-mauve__1.07.00..,artifact,artifact
oewn-maximum__1.07.00..,artifact,artifact
oewn-maximum__1.23.00..,artifact,artifact
oewn-maximum__3.00.00..,artifact,artifact
oewn-maxwell__1.23.00..,artifact,artifact
oewn-mayonnaise__1.13.00..,artifact,artifact
oewn-mcintosh__1.13.00..,graph_data,graph_data
oewn-meadow__1.15.00..,artifact,artifact
oewn-meager__3.00.00..,artifact,artifact
oewn-meal__1.13.00..,background,background
oewn-meal__1.13.01..,artifact,artifact
oewn-meal__1.28.00..,artifact,artifact
oewn-mean__1.09.00..,artifact,artifact
oewn-mean__2.32.01..,artifact,artifact
oewn-mean__2.42.00..,background,background
oewn-meaning__1.09.00..,closed,closed
oewn-meaning__1.10.00..,closed,closed
oewn-meaning__5.00.00.meaningful.00,closed,closed
oewn-meaningful__3.00.00..,artifact,artifact
oewn-meaningless__5.00.00.useless.00,artifact,artifact
oewn-means__1.04.00..,background,background
oewn-means__1.06.01..,background,background
oewn-means__1.21.00..,background,background
oewn-meanspirited__3.00.02..,artifact,artifact
oewn-meanspiritedly__4.02.00..,artifact,artifact
oewn-measurable__3.00.00..,background,background
oewn-measurable__5.00.00.important.00,artifact,artifact
oewn-measure__1.03.00..,artifact,background
oewn-measure__1.04.01..,artifact,circular
oewn-measure__1.10.01..,artifact,artifact
oewn-measure__2.30.00..,artifact,artifact
oewn-measure__2.31.00..,artifact,background
oewn-measure__2.42.00..,closed,closed
oewn-measured__3.01.00..,background,background
oewn-measured__5.00.00.intended.00,background,background
oewn-measured__5.00.00.rhythmical.00,background,background
oewn-measurement__1.04.00..,artifact,artifact
oewn-measuring__1.04.00..,artifact,artifact
oewn-meat__1.09.00..,artifact,artifact
oewn-meat__1.13.01..,background,background
oewn-meat__1.20.00..,artifact,artifact
oewn-mecca__1.15.00..,artifact,artifact
oewn-mechanical__3.00.00..,artifact,artifact
oewn-mechanical__3.01.01..,artifact,artifact
oewn-mechanism__1.06.00..,artifact,artifact
oewn-mechanism__1.22.00..,artifact,artifact
oewn-medal__1.10.00..,artifact,artifact
oewn-median__1.09.00..,artifact,artifact
oewn-median__5.00.00.normal.01,artifact,artifact
oewn-mediate__2.32.00..,artifact,artifact
oewn-mediated__5.00.00.mediate.00,artifact,artifact
oewn-medical__1.04.00..,artifact,artifact
oewn-medically__4.02.00..,artifact,artifact
oewn-medication__1.06.00..,artifact,artifact
oewn-medicine__1.04.00..,closed,closed
oewn-medicine__1.06.00..,closed,closed
oewn-medicine__1.09.00..,closed,closed
oewn-medicine__2.29.00..,closed,closed
oewn-medieval__3.01.00..,artifact,artifact
oewn-medieval__5.00.00.nonmodern.00,artifact,artifact
oewn-medieval__5.00.00.past.00,artifact,artifact
oewn-mediocre__5.00.00.inferior.02,artifact,artifact
oewn-meditation__1.09.00..,artifact,artifact
oewn-mediterranean__1.17.00..,graph_data,graph_data
oewn-medium__1.10.00..,artifact,artifact
oewn-medium__1.10.01..,artifact,artifact
oewn-medium__1.15.01..,artifact,artifact
oewn-medium__5.00.00.moderate.00,artifact,artifact
oewn-medulla__1.27.00..,artifact,artifact
oewn-medullated__3.01.00..,artifact,artifact
oewn-medusa__1.05.01..,graph_data,graph_data
oewn-medusa__1.18.00..,artifact,artifact
oewn-meet__1.11.00..,background,background
oewn-meet__2.34.00..,background,background
oewn-meet__2.38.01..,background,background
oewn-meet__5.00.00.just.00,background,background
oewn-meeting__1.04.00..,closed,closed
oewn-meeting__1.14.00..,closed,closed
oewn-meeting__1.15.00..,closed,closed
oewn-megacolon__1.08.00..,artifact,artifact
oewn-megahertz__1.28.00..,external,external
oewn-meiosis__1.22.00..,background,background
oewn-melancholy__1.08.00..,artifact,artifact
oewn-melancholy__1.12.00..,artifact,artifact
oewn-melatonin__1.08.00..,background,background
oewn-meld__1.04.00..,background,background
oewn-mellow__2.30.00..,closed,closed
oewn-mellow__2.30.01..,closed,closed
oewn-melody__1.10.00..,external,external
oewn-melon__1.20.00..,background,background
oewn-melt__1.22.00..,closed,closed
oewn-melted__3.00.00..,closed,closed
oewn-melting__5.00.00.unfrozen.00,background,background
oewn-membership__1.14.00..,closed,closed
oewn-membrane__1.06.00..,artifact,artifact
oewn-membrane__1.08.00..,artifact,artifact
oewn-membranous__3.01.00..,artifact,artifact
oewn-memorable__5.00.02.unforgettable.00,artifact,external
oewn-memory__1.06.00..,closed,closed
oewn-memory__1.09.02..,closed,closed
oewn-menace__1.26.00..,closed,closed
oewn-menarche__1.11.00..,artifact,artifact
oewn-mendicant__1.18.01..,artifact,artifact
oewn-mending__1.06.00..,artifact,artifact
oewn-menial__1.18.00..,artifact,artifact
oewn-meninges__1.08.00..,artifact,artifact
oewn-meningitis__1.26.00..,graph_data,graph_data
oewn-menopause__1.28.00..,artifact,background
oewn-mental__3.00.00..,closed,closed
oewn-mental__3.01.03..,closed,closed
oewn-mental__5.00.00.unhealthy.00,closed,closed
oewn-mentally__4.02.00..,closed,closed
oewn-mention__1.10.01..,artifact,artifact
oewn-merchandise__1.06.00..,artifact,artifact
oewn-merchant__1.18.00..,artifact,artifact
oewn-mercury__1.07.00..,artifact,artifact
oewn-mercury__1.18.00..,artifact,artifact
oewn-mercury__1.27.00..,artifact,artifact
oewn-merely__4.02.00..,artifact,artifact
oewn-merge__2.30.00..,closed,closed
oewn-merge__2.30.01..,artifact,external
oewn-merged__5.00.00.united.00,artifact,artifact
oewn-merging__1.04.02..,artifact,external
oewn-meridian__1.15.00..,artifact,artifact
oewn-meridian__1.15.01..,artifact,artifact
oewn-merit__1.07.01..,artifact,artifact
oewn-merriment__1.12.00..,artifact,artifact
oewn-mescal__1.13.00..,graph_data,graph_data
oewn-mesencephalon__1.08.00..,artifact,artifact
oewn-mesh__1.23.00..,artifact,artifact
oewn-meshing__1.04.00..,artifact,background
oewn-meshing__1.11.00..,artifact,external
oewn-mesoderm__1.05.00..,artifact,artifact
oewn-mesodermal__3.01.00..,artifact,artifact
oewn-mesophyte__1.20.00..,background,background
oewn-mesosphere__1.17.00..,background,background
oewn-mesozoic__1.28.00..,artifact,external
oewn-mesquite__1.20.00..,background,background
oewn-mess__1.26.00..,artifact,artifact
oewn-mess__2.30.00..,artifact,artifact
oewn-mess__2.34.00..,artifact,artifact
oewn-message__1.10.00..,closed,closed
oewn-message__1.10.01..,closed,closed
oewn-message__2.32.01..,closed,closed
oewn-message__2.32.02..,closed,closed
oewn-messaging__1.10.00..,artifact,artifact
oewn-messenger__1.18.00..,closed,closed
oewn-messiah__1.10.00..,artifact,artifact
oewn-messiah__1.18.01..,artifact,artifact
oewn-metabolic__3.01.00..,artifact,artifact
oewn-metabolism__1.22.00..,artifact,artifact
oewn-metabolism__1.22.02..,artifact,artifact
oewn-metal__1.27.00..,closed,closed
oewn-metal__1.27.01..,closed,closed
oewn-metal__2.35.00..,closed,closed
oewn-metal__3.00.00..,closed,closed
oewn-metallic__1.06.01..,artifact,artifact
oewn-metallike__5.00.00.metallic.00,closed,closed
oewn-metalloid__5.00.00.nonmetallic.00,artifact,artifact
oewn-metalworking__1.04.00..,artifact,artifact
oewn-metamorphic__3.01.00..,artifact,artifact
oewn-metamorphose__2.30.00..,artifact,artifact
oewn-metamorphosis__1.22.00..,artifact,artifact
oewn-metaphorical__5.00.00.figurative.00,artifact,artifact
oewn-metaphorically__4.02.00..,artifact,artifact
oewn-metaphysical__3.01.00..,artifact,artifact
oewn-metaphysics__1.09.00..,artifact,artifact
oewn-metatarsal__1.08.00..,background,background
oewn-metatarsus__1.08.00..,background,background
oewn-meteorology__1.10.00..,background,background
oewn-meter__1.10.00..,closed,closed
oewn-meter__1.23.00..,closed,closed
oewn-meter__2.30.00..,closed,closed
oewn-meter__2.35.00..,closed,closed
oewn-method__1.09.00..,background,background
oewn-methodical__5.00.00.organized.01,artifact,artifact
oewn-methodically__4.02.00..,artifact,artifact
oewn-meticulous__5.00.00.precise.00,artifact,artifact
oewn-metrical__3.01.00..,artifact,artifact
oewn-metropolitan__1.18.01..,artifact,artifact
oewn-mexican__1.18.00..,artifact,artifact
oewn-micro__5.00.00.small.00,artifact,artifact
oewn-microbiology__1.09.00..,artifact,artifact
oewn-microchip__1.06.00..,graph_data,graph_data
oewn-microelectronic__3.01.00..,artifact,artifact
oewn-microorganism__1.05.00..,artifact,artifact
oewn-microphone__1.06.00..,artifact,artifact
oewn-microscope__1.06.00..,artifact,artifact
oewn-microscopic__3.01.00..,artifact,artifact
oewn-microscopic__5.00.00.small.00,artifact,artifact
oewn-microscopy__1.04.00..,artifact,artifact
oewn-microwave__1.06.00..,background,background
oewn-microwave__1.19.00..,background,background
oewn-midafternoon__1.28.00..,artifact,external
oewn-midair__1.15.00..,artifact,background
oewn-midbrain__1.08.00..,artifact,artifact
oewn-midday__1.28.00..,artifact,background
oewn-middle__1.09.00..,closed,closed
oewn-middle__1.15.00..,closed,closed
oewn-middle__1.28.00..,closed,closed
oewn-middle__5.00.00.intermediate.00,closed,closed
oewn-middleweight__1.18.02..,artifact,artifact
oewn-midplane__1.25.00..,artifact,artifact
oewn-midrib__1.20.00..,artifact,artifact
oewn-midway__1.04.00..,artifact,artifact
oewn-midway__5.00.00.central.01,artifact,artifact
oewn-midwestern__5.00.00.western.02,background,background
oewn-might__1.07.00..,artifact,artifact
oewn-migrate__2.38.00..,background,background
oewn-migration__1.04.00..,artifact,artifact
oewn-migratory__5.00.00.unsettled.01,artifact,artifact
oewn-mild__3.00.00..,background,background
oewn-mild__5.00.00.clement.02,background,background
oewn-mild__5.00.00.humble.00,background,background
oewn-mildly__4.02.00..,artifact,artifact
oewn-mildness__1.07.01..,artifact,artifact
oewn-mile__1.23.01..,artifact,artifact
oewn-military__1.14.00..,artifact,artifact
oewn-military__3.00.01..,artifact,artifact
oewn-military__3.00.02..,artifact,artifact
oewn-military__3.01.00..,artifact,artifact
oewn-milk__1.08.00..,artifact,artifact
oewn-milk__1.13.01..,artifact,artifact
oewn-milkweed__1.20.00..,artifact,artifact
oewn-milkwort__1.20.00..,background,background
oewn-milky__5.00.00.opaque.00,artifact,artifact
oewn-mill__1.06.01..,artifact,artifact
oewn-mill__1.18.01..,artifact,artifact
oewn-millennium__1.28.00..,artifact,artifact
oewn-millerite__1.27.00..,artifact,artifact
oewn-millet__1.18.00..,artifact,artifact
oewn-million__1.23.00..,background,background
oewn-million__1.23.01..,artifact,artifact
oewn-millwork__1.06.00..,artifact,artifact
oewn-mind__1.09.00..,closed,closed
oewn-mind__1.09.04..,closed,closed
oewn-mind__1.09.06..,closed,closed
oewn-mind__2.31.00..,closed,closed
oewn-mind__2.32.00..,closed,closed
oewn-mine__1.06.01..,artifact,artifact
oewn-mine__2.34.00..,artifact,artifact
oewn-mined__3.00.00..,artifact,artifact
oewn-mineral__1.27.00..,closed,closed
oewn-miniature__1.06.02..,artifact,artifact
oewn-minimal__3.00.00..,background,background
oewn-mining__1.04.00..,artifact,artifact
oewn-minister__1.18.00..,artifact,artifact
oewn-ministerial__3.01.02..,artifact,artifact
oewn-minor__1.18.00..,artifact,background
oewn-minor__2.31.00..,artifact,artifact
oewn-minor__5.00.00.junior.00,artifact,external
oewn-minority__1.14.00..,artifact,artifact
oewn-mint__1.20.00..,artifact,artifact
oewn-mint__1.20.01..,closed,closed
oewn-mint__1.23.00..,artifact,artifact
oewn-minuend__1.23.00..,background,background
oewn-minute__1.23.00..,artifact,artifact
oewn-minute__1.28.00..,artifact,artifact
oewn-minute__5.00.00.careful.00,artifact,artifact
oewn-minutes__1.10.00..,artifact,artifact
oewn-mire__2.35.00..,background,background
oewn-mire__2.38.00..,background,background
oewn-mire__2.38.01..,background,background
oewn-mire__2.42.00..,background,background
oewn-mirror__1.06.00..,artifact,artifact
oewn-mirth__1.12.00..,artifact,artifact
oewn-misbehavior__1.04.00..,artifact,artifact
oewn-miscellaneous__5.00.00.heterogeneous.00,artifact,artifact
oewn-mischief__1.04.00..,artifact,artifact
oewn-misconception__1.09.00..,artifact,artifact
oewn-misdeed__1.04.00..,artifact,artifact
oewn-misery__1.26.00..,artifact,artifact
oewn-misfortune__1.11.00..,background,background
oewn-misfortune__1.26.00..,background,background
oewn-mishap__1.19.01..,external,external
oewn-mislead__2.38.00..,artifact,external
oewn-misleading__5.00.00.dishonest.00,artifact,artifact
oewn-misrepresentation__1.10.00..,artifact,artifact
oewn-misrepresented__5.00.00.disingenuous.00,artifact,artifact
oewn-miss__2.39.00..,artifact,artifact
oewn-missed__5.00.00.incomprehensible.00,closed,closed
oewn-missile__1.06.00..,background,background
oewn-missile__1.06.01..,background,background
oewn-missing__5.00.00.lost.01,background,background
oewn-mission__1.04.01..,artifact,artifact
oewn-mission__1.14.01..,artifact,artifact
oewn-mist__1.19.00..,artifact,artifact
oewn-mistake__1.04.00..,artifact,artifact
oewn-mistaken__5.00.00.wrong.01,artifact,artifact
oewn-mistakenly__4.02.00..,artifact,artifact
oewn-mistletoe__1.20.01..,background,background
oewn-mistletoe__1.20.02..,background,background
oewn-mistress__1.18.01..,artifact,artifact
oewn-mitosis__1.22.00..,artifact,artifact
oewn-mixed__5.00.00.heterogeneous.00,artifact,artifact
oewn-mixer__1.14.00..,artifact,artifact
oewn-mixing__1.04.00..,artifact,background
oewn-mixture__1.13.00..,artifact,artifact
oewn-mixture__1.27.00..,artifact,artifact
oewn-mizzen__1.06.00..,background,background
oewn-mobile__1.06.00..,artifact,artifact
oewn-mock__1.04.00..,artifact,artifact
oewn-mocking__5.00.00.disrespectful.00,artifact,artifact
oewn-mode__1.07.00..,background,background
oewn-model__1.09.00..,artifact,artifact
oewn-model__1.09.02..,closed,closed
oewn-model__1.18.01..,artifact,artifact
oewn-model__2.36.00..,artifact,artifact
oewn-model__2.36.02..,artifact,artifact
oewn-model__2.36.04..,artifact,artifact
oewn-modeling__1.06.00..,closed,closed
oewn-modelled__5.00.01.shapely.00,closed,closed
oewn-moderate__1.18.00..,circular,circular
oewn-moderate__3.00.00..,background,background
oewn-moderate__5.00.00.mild.00,background,background
oewn-moderately__4.02.00..,closed,closed
oewn-moderation__1.07.00..,artifact,artifact
oewn-moderator__1.27.00..,artifact,artifact
oewn-modern__1.18.00..,artifact,artifact
oewn-modification__1.04.00..,artifact,artifact
oewn-modified__3.00.00..,background,background
oewn-modified__5.00.00.qualified.02,artifact,artifact
oewn-modifier__1.10.00..,artifact,artifact
oewn-modify__2.30.00..,background,background
oewn-modiolus__1.08.00..,artifact,artifact
oewn-modulation__1.10.01..,artifact,artifact
oewn-mogul__1.18.00..,graph_data,graph_data
oewn-mohair__1.06.00..,artifact,artifact
oewn-moist__5.00.00.wet.01,artifact,artifact
oewn-moisture__1.26.00..,artifact,artifact
oewn-molasses__1.13.00..,background,background
oewn-mold__1.13.00..,artifact,artifact
oewn-mold__1.25.00..,background,background
oewn-mold__2.36.00..,artifact,artifact
oewn-mold__2.36.02..,artifact,artifact
oewn-molded__5.00.00.formed.00,artifact,artifact
oewn-molding__1.04.00..,graph_data,graph_data
oewn-molding__1.06.02..,closed,closed
oewn-mole__1.23.00..,artifact,artifact
oewn-molecular__3.01.00..,closed,closed
oewn-molecule__1.27.00..,artifact,artifact
oewn-molecule__1.27.01..,artifact,artifact
oewn-mollusk__1.05.00..,artifact,artifact
oewn-molten__5.00.00.melted.00,artifact,artifact
oewn-moment__1.28.00..,background,background
oewn-moment__1.28.02..,background,background
oewn-momentarily__4.02.02..,external,external
oewn-momentary__5.00.00.short.02,artifact,artifact
oewn-momentous__5.00.00.significant.00,background,background
oewn-momentum__1.07.00..,artifact,artifact
oewn-momentum__1.07.01..,artifact,artifact
oewn-monarch__1.18.00..,background,background
oewn-monarchy__1.14.00..,artifact,artifact
oewn-monastery__1.06.00..,artifact,artifact
oewn-monastic__5.00.00.unworldly.00,artifact,artifact
oewn-monazite__1.27.00..,artifact,artifact
oewn-monetary__3.01.00..,closed,closed
oewn-money__1.21.00..,closed,closed
oewn-money__1.21.01..,closed,closed
oewn-money__1.21.02..,closed,closed
oewn-monk__1.18.00..,artifact,artifact
oewn-monochromatic__3.00.00..,artifact,artifact
oewn-monoclinic__3.00.00..,artifact,artifact
oewn-monoclinous__3.00.00..,external,external
oewn-monoecious__3.00.00..,artifact,artifact
oewn-monomer__1.27.00..,artifact,artifact
oewn-monotheistic__3.00.00..,artifact,external
oewn-monotone__5.00.00.unmodulated.00,artifact,artifact
oewn-monotonous__5.00.00.dull.03,artifact,artifact
oewn-monotonously__4.02.00..,artifact,artifact
oewn-monotreme__1.05.00..,artifact,artifact
oewn-monotypic__3.01.00..,closed,closed
oewn-monovalent__3.00.02..,artifact,artifact
oewn-monster__1.18.02..,artifact,artifact
oewn-monstrous__5.00.00.large.00,background,background
oewn-month__1.28.01..,closed,closed
oewn-monthly__1.10.00..,artifact,artifact
oewn-monument__1.06.00..,artifact,artifact
oewn-mood__1.12.00..,artifact,artifact
oewn-moodily__4.02.00..,artifact,artifact
oewn-moody__1.18.01..,artifact,artifact
oewn-moody__5.00.00.ill-natured.00,artifact,artifact
oewn-moon__1.17.00..,artifact,artifact
oewn-moon__1.17.01..,artifact,artifact
oewn-moon__1.17.02..,artifact,artifact
oewn-moon__1.18.00..,artifact,artifact
oewn-moonwort__1.20.00..,closed,closed
oewn-moose__1.05.00..,artifact,artifact
oewn-moral__1.10.00..,artifact,artifact
oewn-moral__3.00.00..,artifact,artifact
oewn-moral__5.00.00.mental.00,artifact,artifact
oewn-morality__1.07.00..,artifact,artifact
oewn-morally__4.02.01..,artifact,artifact
oewn-more__1.18.00..,artifact,background
oewn-more__3.00.01..,artifact,background
oewn-more__3.00.02..,artifact,background
oewn-more__4.02.00..,artifact,background
oewn-more__4.02.01..,artifact,background
oewn-morel__1.20.00..,artifact,artifact
oewn-morning__1.28.01..,artifact,background
oewn-morpheme__1.10.00..,artifact,artifact
oewn-morphological__3.01.01..,artifact,artifact
oewn-morphology__1.09.00..,background,background
oewn-mortal__1.03.00..,artifact,artifact
oewn-mortally__4.02.00..,artifact,artifact
oewn-mortar__1.06.00..,background,background
oewn-mortar__1.06.01..,background,background
oewn-mortgage__1.21.00..,artifact,artifact
oewn-mortise__1.06.00..,background,background
oewn-mosquito__1.05.00..,graph_data,graph_data
oewn-moss__1.20.00..,artifact,artifact
oewn-most__3.00.01..,closed,closed
oewn-most__3.00.02..,closed,closed
oewn-most__4.02.00..,closed,closed
oewn-most__4.02.01..,closed,closed
oewn-most__4.02.02..,closed,closed
oewn-mostly__4.02.00..,artifact,artifact
oewn-moth__1.05.00..,artifact,artifact
oewn-mother__1.18.00..,closed,closed
oewn-mother__1.18.02..,closed,closed
oewn-motion__1.10.00..,background,background
oewn-motion__1.19.00..,background,background
oewn-motion__2.32.00..,background,background
oewn-motivate__2.36.00..,artifact,artifact
oewn-motivated__3.00.00..,artifact,artifact
oewn-motivation__1.03.00..,artifact,artifact
oewn-motivational__3.01.00..,artifact,artifact
oewn-motive__1.03.00..,artifact,artifact
oewn-motor__1.06.00..,artifact,artifact
oewn-mound__1.06.00..,artifact,artifact
oewn-mountain__1.17.00..,artifact,artifact
oewn-mountainous__5.00.00.rough.00,closed,closed
oewn-mountainous__5.00.00.upland.00,background,background
oewn-mounted__5.00.00.affixed.00,artifact,artifact
oewn-mounting__1.11.00..,artifact,artifact
oewn-mourning__1.26.00..,artifact,artifact
oewn-mouse__1.05.00..,artifact,artifact
oewn-mouse__1.06.00..,artifact,artifact
oewn-mouselike__5.00.00.chromatic.00,artifact,artifact
oewn-mouth__1.06.00..,closed,closed
oewn-mouth__1.08.00..,closed,closed
oewn-mouth__1.08.01..,closed,closed
oewn-mouth__1.17.00..,closed,closed
oewn-mouth__2.32.00..,closed,closed
oewn-mouthpiece__1.06.00..,artifact,artifact
oewn-mouthpiece__1.06.01..,artifact,artifact
oewn-movable__1.21.00..,background,background
oewn-movable__5.00.00.portable.00,background,background
oewn-move__1.04.00..,background,background
oewn-move__1.04.02..,background,background
oewn-move__2.30.01..,background,background
oewn-move__2.38.01..,background,background
oewn-move__2.38.03..,background,background
oewn-move__2.41.01..,background,background
oewn-moved__3.00.00..,background,background
oewn-movement__1.04.00..,artifact,artifact
oewn-movement__1.04.03..,artifact,artifact
oewn-movement__1.10.00..,artifact,artifact
oewn-movement__1.19.00..,artifact,artifact
oewn-moving__3.00.02..,background,background
oewn-moving__3.00.03..,background,background
oewn-much__1.23.00..,background,background
oewn-much__3.00.00..,artifact,artifact
oewn-much__4.02.00..,closed,closed
oewn-muck__2.30.01..,artifact,artifact
oewn-muck__2.35.00..,artifact,artifact
oewn-muck__2.38.00..,external,external
oewn-mucosal__3.01.00..,artifact,artifact
oewn-mucous__3.01.00..,artifact,artifact
oewn-muffler__1.06.01..,artifact,artifact
oewn-mule__1.05.00..,graph_data,graph_data
oewn-multicellular__5.00.00.cellular.00,background,background
oewn-multiple__1.09.00..,artifact,artifact
oewn-multiplicand__1.23.00..,background,background
oewn-multiplication__1.04.00..,background,background
oewn-multiplication__1.04.01..,background,background
oewn-multiplication__1.22.00..,background,background
oewn-multiplicative__5.00.00.increasing.00,artifact,artifact
oewn-multiplied__5.00.00.increased.00,artifact,artifact
oewn-multiplier__1.23.00..,artifact,artifact
oewn-multiply__2.30.00..,artifact,artifact
oewn-multiply__2.31.00..,artifact,artifact
oewn-multivalent__3.00.00..,artifact,artifact
oewn-multivalent__5.00.00.ambiguous.00,background,background
oewn-municipality__1.14.00..,background,background
oewn-murder__1.04.00..,artifact,artifact
oewn-murdered__5.00.00.dead.01,artifact,artifact
oewn-murderer__1.18.00..,artifact,artifact
oewn-muscle__1.08.00..,artifact,artifact
oewn-muscle__1.08.01..,artifact,artifact
oewn-muscular__3.00.04..,artifact,artifact
oewn-muscular__3.01.00..,artifact,artifact
oewn-muscular__5.00.00.powerful.00,artifact,artifact
oewn-muscular__5.00.00.strong.00,artifact,artifact
oewn-mushroom__1.20.00..,background,background
oewn-mushroom__1.20.02..,background,background
oewn-music__1.04.00..,closed,closed
oewn-music__1.09.01..,closed,closed
oewn-music__1.10.00..,closed,closed
oewn-musical__1.10.00..,artifact,artifact
oewn-musical__3.01.00..,artifact,artifact
oewn-musing__1.09.00..,artifact,artifact
oewn-musk__1.27.00..,background,background
oewn-muslim__1.18.00..,artifact,artifact
oewn-muslin__1.06.00..,artifact,artifact
oewn-must__1.13.00..,artifact,artifact
oewn-must__1.17.00..,artifact,artifact
oewn-mustard__1.20.00..,artifact,artifact
oewn-mutual__3.00.00..,artifact,background
oewn-mutual__5.00.00.shared.00,artifact,artifact
oewn-mutually__4.02.00..,artifact,artifact
oewn-muzzle__1.06.01..,artifact,background
oewn-mycelium__1.20.00..,artifact,artifact
oewn-myelinated__3.01.00..,artifact,artifact
oewn-myosin__1.27.00..,graph_data,graph_data
oewn-mystical__3.01.00..,background,background
oewn-mysticism__1.09.00..,artifact,artifact
oewn-myth__1.10.00..,artifact,artifact
oewn-mythic__3.01.00..,artifact,artifact
oewn-mythical__5.00.00.unreal.00,artifact,artifact
oewn-mythology__1.14.00..,artifact,artifact
oewn-nadir__1.15.01..,background,background
oewn-nail__1.08.00..,artifact,artifact
oewn-naive__5.00.00.unconditioned.00,artifact,artifact
oewn-naive__5.00.00.untrained.00,artifact,artifact
oewn-naivete__1.07.00..,artifact,artifact
oewn-naked__5.00.00.unclothed.00,artifact,artifact
oewn-nakedness__1.26.00..,artifact,artifact
oewn-name__1.10.00..,closed,closed
oewn-name__1.10.01..,closed,closed
oewn-name__1.26.00..,closed,closed
oewn-name__2.32.02..,closed,closed
oewn-name__2.32.03..,closed,closed
oewn-name__2.32.09..,closed,closed
oewn-names__1.10.00..,circular,circular
oewn-namibian__1.18.00..,artifact,artifact
oewn-naming__1.04.00..,artifact,artifact
oewn-naming__1.10.00..,artifact,artifact
oewn-nanna__1.18.00..,artifact,artifact
oewn-napoleon__1.18.00..,artifact,artifact
oewn-narcissus__1.18.00..,artifact,artifact
oewn-narcissus__1.20.00..,artifact,artifact
oewn-narcolepsy__1.26.00..,artifact,artifact
oewn-narcotic__1.06.00..,background,background
oewn-narration__1.10.01..,artifact,artifact
oewn-narrative__1.10.00..,artifact,artifact
oewn-narrow__1.17.00..,background,background
oewn-narrow__2.30.00..,background,background
oewn-narrow__2.30.05..,background,background
oewn-narrow__5.00.00.limited.00,background,background
oewn-narrowing__1.07.00..,external,external
oewn-nasal__1.10.00..,artifact,artifact
oewn-nasty__3.00.00..,artifact,external
oewn-nation__1.14.00..,artifact,artifact
oewn-nation__1.14.01..,artifact,artifact
oewn-nation__1.14.02..,artifact,artifact
oewn-national__1.18.00..,artifact,artifact
oewn-national__5.00.00.domestic.00,closed,closed
oewn-national__5.00.00.public.00,artifact,artifact
oewn-nationality__1.14.00..,artifact,artifact
oewn-native__1.03.00..,external,external
oewn-native__1.18.00..,artifact,artifact
oewn-native__3.00.01..,artifact,artifact
oewn-natural__1.10.00..,artifact,artifact
oewn-natural__1.18.00..,artifact,artifact
oewn-natural__3.00.01..,artifact,artifact
oewn-natural__5.00.00.normal.01,artifact,artifact
oewn-natural__5.00.00.spontaneous.00,artifact,artifact
oewn-natural__5.00.00.unprocessed.00,artifact,artifact
oewn-naturalized__5.00.02.foreign.01,artifact,artifact
oewn-naturally__4.02.00..,artifact,artifact
oewn-nature__1.07.01..,closed,closed
oewn-nature__1.07.02..,closed,closed
oewn-nature__1.09.00..,closed,closed
oewn-nature__1.17.00..,closed,closed
oewn-nausea__1.26.00..,artifact,artifact
oewn-naval__3.01.00..,artifact,artifact
oewn-nave__1.06.00..,artifact,artifact
oewn-navigable__5.00.00.passable.00,graph_data,graph_data
oewn-navigate__2.38.02..,background,background
oewn-navigation__1.04.00..,artifact,external
oewn-navy__1.14.00..,artifact,artifact
oewn-nawab__1.18.00..,graph_data,graph_data
oewn-near__2.38.00..,background,background
oewn-near__3.00.00..,background,background
oewn-near__4.02.01..,background,background
oewn-near__4.02.03..,background,background
oewn-near__5.00.00.left.00,background,background
oewn-nearby__4.02.00..,artifact,background
oewn-nearer__4.02.00..,artifact,artifact
oewn-nearest__4.02.00..,background,background
oewn-nearly__4.02.00..,artifact,artifact
oewn-neat__5.00.00.tidy.00,background,background
oewn-neaten__2.30.00..,background,background
oewn-necessarily__4.02.00..,artifact,artifact
oewn-necessary__1.17.00..,background,background
oewn-necessary__3.00.00..,background,background
oewn-necessary__5.00.00.inevitable.00,background,background
oewn-necessity__1.26.00..,background,background
oewn-neck__1.06.00..,closed,closed
oewn-neck__1.06.01..,closed,closed
oewn-neck__1.08.00..,closed,closed
oewn-neck__1.17.00..,closed,closed
oewn-necked__3.00.00..,background,background
oewn-necklace__1.06.00..,artifact,artifact
oewn-neckline__1.06.00..,artifact,artifact
oewn-neckwear__1.06.00..,artifact,artifact
oewn-necrosis__1.19.00..,artifact,artifact
oewn-nectar__1.27.00..,artifact,artifact
oewn-need__1.03.00..,closed,closed
oewn-need__1.26.00..,closed,closed
oewn-need__2.34.00..,closed,closed
oewn-need__2.42.00..,closed,closed
oewn-needed__5.00.00.necessary.00,background,background
oewn-needle__1.06.02..,closed,closed
oewn-needle__1.20.00..,closed,closed
oewn-needled__5.00.00.simple.01,artifact,artifact
oewn-needlelike__5.00.00.pointed.00,artifact,artifact
oewn-needlework__1.04.00..,artifact,artifact
oewn-needlework__1.06.00..,artifact,artifact
oewn-needs__4.02.00..,artifact,artifact
oewn-negation__1.10.01..,artifact,artifact
oewn-negative__1.06.00..,background,background
oewn-negative__1.10.00..,background,background
oewn-negative__2.41.00..,background,background
oewn-negative__3.00.02..,background,background
oewn-neglect__1.09.00..,artifact,artifact
oewn-neglected__5.00.00.unnoticed.00,artifact,artifact
oewn-negligible__5.00.00.minimal.00,artifact,artifact
oewn-negotiate__2.32.00..,artifact,artifact
oewn-negotiator__1.18.00..,artifact,artifact
oewn-neighboring__5.00.00.connected.00,artifact,artifact
oewn-nelson__1.18.00..,background,background
oewn-neoplasm__1.26.00..,artifact,artifact
oewn-neoplastic__3.01.00..,artifact,artifact
oewn-nephew__1.18.00..,artifact,artifact
oewn-nephron__1.08.00..,graph_data,graph_data
oewn-nerve__1.07.00..,background,background
oewn-nerve__1.08.00..,background,background
oewn-nerves__1.26.00..,artifact,artifact
oewn-nervous__3.01.00..,artifact,artifact
oewn-nervous__5.00.00.tense.03,artifact,artifact
oewn-nervous__5.00.00.troubled.00,artifact,artifact
oewn-nervousness__1.12.00..,artifact,artifact
oewn-net__1.06.01..,artifact,artifact
oewn-net__3.00.00..,artifact,artifact
oewn-network__1.06.01..,artifact,artifact
oewn-network__1.14.00..,artifact,artifact
oewn-neural__3.01.01..,artifact,artifact
oewn-neuralgia__1.26.00..,artifact,artifact
oewn-neuroglia__1.08.00..,artifact,artifact
oewn-neurological__3.01.00..,artifact,artifact
oewn-neurology__1.09.01..,artifact,artifact
oewn-neuter__1.10.00..,artifact,artifact
oewn-neutral__1.18.00..,artifact,background
oewn-neutron__1.17.00..,artifact,artifact
oewn-never__4.02.00..,artifact,artifact
oewn-newborn__1.18.00..,artifact,artifact
oewn-newborn__5.00.00.young.00,artifact,artifact
oewn-newly__4.02.00..,artifact,artifact
oewn-newness__1.07.00..,artifact,artifact
oewn-news__1.10.00..,artifact,artifact
oewn-newspaper__1.10.00..,closed,closed
oewn-newsworthy__5.00.00.interesting.00,artifact,artifact
oewn-next__4.02.00..,background,background
oewn-next__5.00.00.close.01,background,background
oewn-next__5.00.00.succeeding.00,background,background
oewn-nickel__1.27.00..,background,background
oewn-nickname__1.10.00..,artifact,artifact
oewn-night__1.18.00..,artifact,artifact
oewn-night__1.28.00..,artifact,external
oewn-night__1.28.02..,artifact,artifact
oewn-nightfall__1.28.00..,artifact,artifact
oewn-nightly__4.02.00..,artifact,background
oewn-nightshade__1.20.00..,background,background
oewn-nimble__5.00.00.active.01,artifact,external
oewn-ninth__1.24.00..,artifact,artifact
oewn-ninth__5.00.00.ordinal.00,artifact,artifact
oewn-niobite__1.27.00..,artifact,artifact
oewn-nipa__1.13.00..,artifact,artifact
oewn-nitric__3.01.00..,artifact,artifact
oewn-nitrogenous__3.01.00..,artifact,artifact
oewn-no__1.10.00..,artifact,background
oewn-no__1.27.00..,artifact,background
oewn-no__3.00.00..,artifact,background
oewn-no__4.02.01..,artifact,background
oewn-no__4.02.02..,artifact,background
oewn-nobility__1.14.00..,artifact,artifact
oewn-noble__1.18.00..,artifact,artifact
oewn-nobleman__1.18.00..,artifact,artifact
oewn-noblewoman__1.18.00..,artifact,artifact
oewn-nocturnal__3.00.00..,artifact,artifact
oewn-nodding__5.00.00.unerect.00,artifact,external
oewn-node__1.25.02..,artifact,artifact
oewn-noise__1.09.00..,artifact,artifact
oewn-noise__1.10.00..,artifact,artifact
oewn-noise__1.11.00..,artifact,artifact
oewn-noise__1.11.01..,artifact,artifact
oewn-noise__2.39.00..,artifact,artifact
oewn-noisemaker__1.06.00..,artifact,artifact
oewn-noisily__4.02.00..,artifact,artifact
oewn-noisy__3.00.00..,artifact,artifact
oewn-noisy__5.00.00.colorful.03,artifact,artifact
oewn-nomadic__5.00.00.unsettled.01,artifact,artifact
oewn-nominate__2.32.00..,artifact,artifact
oewn-nominate__2.41.02..,artifact,artifact
oewn-noncellular__3.00.00..,external,external
oewn-nonconformist__1.18.00..,artifact,artifact
oewn-none__1.28.00..,artifact,artifact
oewn-nonexistent__3.00.00..,artifact,artifact
oewn-nonflammable__5.00.00.noncombustible.00,artifact,artifact
oewn-nonflowering__3.00.00..,artifact,artifact
oewn-nonhuman__3.00.00..,artifact,artifact
oewn-nonliteral__3.00.00..,artifact,artifact
oewn-nonliving__3.00.00..,artifact,artifact
oewn-nonmetallic__3.00.00..,background,background
oewn-nonmilitary__3.00.00..,artifact,artifact
oewn-nonphotosynthetic__3.01.00..,artifact,artifact
oewn-nonpoisonous__5.00.00.nontoxic.00,closed,closed
oewn-nonpregnant__3.00.00..,background,background
oewn-nonprofessional__3.00.00..,artifact,artifact
oewn-nonretractile__3.00.00..,external,external
oewn-nonrigid__3.00.00..,artifact,artifact
oewn-nonruminant__3.01.00..,artifact,artifact
oewn-nonspatial__3.01.00..,closed,closed
oewn-nonstandard__3.00.03..,artifact,artifact
oewn-nonsurgical__3.01.00..,graph_data,graph_data
oewn-nonsweet__3.00.00..,closed,closed
oewn-nontechnical__3.00.00..,artifact,artifact
oewn-nonverbal__5.00.01.communicative.00,artifact,external
oewn-nonvolatile__3.00.00..,background,background
oewn-nonwoody__3.00.00..,closed,closed
oewn-noon__1.28.00..,artifact,background
oewn-noose__2.35.00..,closed,closed
oewn-noose__2.36.00..,closed,closed
oewn-norepinephrine__1.08.00..,artifact,artifact
oewn-norm__1.09.00..,artifact,artifact
oewn-norm__1.24.00..,artifact,artifact
oewn-normal__1.09.00..,closed,closed
oewn-normal__3.00.01..,closed,closed
oewn-normal__3.00.03..,closed,closed
oewn-normal__5.00.00.perpendicular.00,closed,closed
oewn-normally__4.02.00..,background,background
oewn-normative__3.01.00..,artifact,artifact
oewn-norse__1.18.02..,artifact,artifact
oewn-north__1.15.00..,artifact,artifact
oewn-north__1.15.01..,artifact,artifact
oewn-north__1.15.02..,background,background
oewn-north__1.18.00..,artifact,artifact
oewn-north__1.24.00..,artifact,artifact
oewn-north__3.00.00..,artifact,artifact
oewn-northeast__1.15.00..,closed,closed
oewn-northeast__1.24.00..,closed,closed
oewn-northeast__4.02.00..,closed,closed
oewn-northeast__5.00.01.north.00,closed,closed
oewn-northeast__5.00.02.north.00,closed,closed
oewn-northeastern__5.00.00.eastern.02,artifact,artifact
oewn-northeastern__5.00.00.north.00,background,background
oewn-northern__1.10.00..,artifact,artifact
oewn-northern__5.00.02.north.00,artifact,artifact
oewn-northernmost__5.00.00.north.00,artifact,artifact
oewn-northward__1.24.00..,artifact,artifact
oewn-northwest__1.15.00..,closed,closed
oewn-northwest__4.02.00..,closed,closed
oewn-northwest__5.00.01.north.00,closed,closed
oewn-northwest__5.00.02.north.00,closed,closed
oewn-northwestern__5.00.00.north.00,background,background
oewn-northwestern__5.00.00.western.02,artifact,artifact
oewn-norwegian__1.18.00..,artifact,artifact
oewn-nose__1.08.00..,closed,closed
oewn-notably__4.02.00..,closed,closed
oewn-notation__1.04.00..,artifact,artifact
oewn-notation__1.10.00..,artifact,artifact
oewn-notch__1.25.00..,closed,closed
oewn-notch__2.32.00..,closed,closed
oewn-notch__2.35.00..,closed,closed
oewn-notched__5.00.01.rough.02,background,background
oewn-notched__5.00.02.rough.02,background,background
oewn-note__1.07.00..,artifact,artifact
oewn-note__1.10.00..,artifact,artifact
oewn-note__1.10.03..,artifact,artifact
oewn-note__1.10.04..,artifact,artifact
oewn-nothing__1.23.00..,artifact,artifact
oewn-nothing__4.02.00..,artifact,artifact
oewn-notice__1.09.00..,background,background
oewn-notice__1.10.01..,background,background
oewn-notice__2.32.00..,background,background
oewn-notice__2.39.04..,background,background
oewn-noticeable__3.00.00..,artifact,artifact
oewn-noticeable__5.00.00.perceptible.00,background,background
oewn-noticeably__4.02.00..,artifact,artifact
oewn-noticed__3.00.00..,artifact,artifact
oewn-notify__2.32.00..,artifact,artifact
oewn-notochord__1.05.00..,artifact,artifact
oewn-notorious__5.00.00.disreputable.00,artifact,artifact
oewn-noun__1.10.00..,background,background
oewn-noun__1.10.01..,background,background
oewn-nourish__2.34.00..,background,background
oewn-nourished__3.00.00..,artifact,artifact
oewn-nourishing__5.00.01.wholesome.00,background,background
oewn-nourishment__1.13.00..,background,background
oewn-novel__1.10.00..,artifact,artifact
oewn-nozzle__1.06.00..,artifact,artifact
oewn-nuclear__3.00.00..,artifact,artifact
oewn-nuclear__5.00.00.central.01,artifact,artifact
oewn-nucleotide__1.27.00..,artifact,artifact
oewn-nucleus__1.08.00..,artifact,artifact
oewn-nucleus__1.17.00..,artifact,artifact
oewn-nucleus__1.17.01..,graph_data,graph_data
oewn-number__1.07.00..,background,background
oewn-number__1.10.01..,background,background
oewn-number__1.10.03..,background,background
oewn-number__1.10.04..,background,background
oewn-number__1.10.05..,background,background
oewn-number__2.30.00..,background,background
oewn-number__2.32.00..,background,background
oewn-number__2.32.03..,background,background
oewn-number__2.42.00..,background,background
oewn-numbers__1.04.00..,artifact,artifact
oewn-numbers__1.10.00..,artifact,artifact
oewn-numbness__1.26.00..,artifact,artifact
oewn-numeral__1.10.00..,artifact,artifact
oewn-numeration__1.10.01..,artifact,artifact
oewn-numerical__5.00.00.quantitative.00,artifact,artifact
oewn-numerically__4.02.00..,artifact,artifact
oewn-numerous__5.00.00.many.00,background,background
oewn-nuptial__3.01.00..,external,external
oewn-nutlike__5.00.00.tasty.00,artifact,artifact
oewn-nutmeg__1.13.00..,background,background
oewn-nutmeg__1.20.00..,background,background
oewn-nutrition__1.22.00..,artifact,artifact
oewn-nutritious__5.00.00.wholesome.00,background,background
oewn-nutritive__5.00.00.wholesome.00,background,background
oewn-nuts__5.00.00.insane.00,artifact,artifact
oewn-nylon__1.27.00..,artifact,artifact
oewn-nymph__1.18.00..,artifact,artifact
oewn-oarlock__1.06.00..,graph_data,graph_data
oewn-oath__1.10.00..,artifact,artifact
oewn-oath__1.10.01..,artifact,artifact
oewn-oath__1.10.02..,artifact,artifact
oewn-obedience__1.04.00..,artifact,artifact
oewn-obedient__3.00.00..,artifact,artifact
oewn-obey__2.41.00..,artifact,artifact
oewn-object__1.03.00..,artifact,artifact
oewn-object__1.09.00..,artifact,artifact
oewn-object__2.32.00..,artifact,artifact
oewn-objection__1.04.00..,artifact,artifact
oewn-objection__1.04.01..,artifact,artifact
oewn-objection__1.10.01..,artifact,artifact
oewn-objectionable__5.00.00.offensive.01,background,background
oewn-objective__1.09.00..,artifact,artifact
oewn-objective__5.00.00.real.00,artifact,artifact
oewn-objectively__4.02.00..,artifact,artifact
oewn-objectivity__1.07.00..,artifact,artifact
oewn-obligation__1.04.00..,artifact,artifact
oewn-obligation__1.21.00..,artifact,artifact
oewn-obligation__1.26.00..,artifact,artifact
oewn-obligatory__3.00.00..,artifact,artifact
oewn-obligatory__5.00.00.necessary.00,artifact,artifact
oewn-obliged__5.00.00.obligated.00,artifact,artifact
oewn-obliging__5.00.00.accommodating.00,artifact,artifact
oewn-oblique__3.00.00..,artifact,artifact
oewn-oblique__5.00.00.indirect.02,artifact,artifact
oewn-oblong__1.25.00..,artifact,artifact
oewn-obscene__5.00.00.indecent.00,artifact,artifact
oewn-obscurity__1.07.02..,artifact,artifact
oewn-observable__5.00.00.noticeable.00,artifact,artifact
oewn-observance__1.04.00..,artifact,artifact
oewn-observance__1.04.02..,artifact,artifact
oewn-observation__1.04.01..,background,background
oewn-observational__5.00.00.empirical.00,artifact,artifact
oewn-observe__2.39.02..,artifact,artifact
oewn-observed__5.00.00.determined.00,artifact,artifact
oewn-observer__1.18.00..,background,background
oewn-observing__5.00.00.perceptive.00,artifact,artifact
oewn-obsolete__5.00.01.noncurrent.00,background,background
oewn-obstacle__1.09.00..,artifact,artifact
oewn-obstinate__2.30.00..,artifact,artifact
oewn-obstructed__3.00.00..,artifact,artifact
oewn-obstruction__1.06.00..,background,background
oewn-obstruction__1.26.00..,artifact,artifact
oewn-obtain__2.40.00..,background,background
oewn-obtainable__5.00.00.available.00,background,background
oewn-obtrusive__5.00.00.protrusive.00,external,external
oewn-obtrusively__4.02.00..,external,external
oewn-obverse__1.06.00..,artifact,artifact
oewn-obvious__3.00.00..,background,background
oewn-occasion__1.11.00..,background,closed
oewn-occasion__1.26.00..,background,closed
oewn-occasions__1.09.00..,background,closed
oewn-occipital__3.01.00..,artifact,external
oewn-occiput__1.08.00..,artifact,external
oewn-occult__1.18.00..,artifact,artifact
oewn-occupancy__1.04.00..,artifact,artifact
oewn-occupant__1.18.00..,artifact,artifact
oewn-occupation__1.04.00..,background,background
oewn-occupation__1.04.02..,background,background
oewn-occupation__1.04.04..,background,background
oewn-occupational__3.01.00..,artifact,artifact
oewn-occupied__3.00.00..,artifact,artifact
oewn-occupied__5.00.00.inhabited.00,closed,closed
oewn-occupy__2.31.00..,artifact,artifact
oewn-occupy__2.40.08..,artifact,artifact
oewn-occupy__2.41.00..,background,background
oewn-occupy__2.42.00..,artifact,artifact
oewn-occur__2.30.00..,closed,closed
oewn-occurrence__1.11.00..,background,background
oewn-ocean__1.17.00..,artifact,artifact
oewn-ocean__1.23.00..,artifact,artifact
oewn-oceangoing__5.00.00.marine.00,closed,closed
oewn-oceanic__1.10.00..,artifact,artifact
oewn-ochronosis__1.26.00..,graph_data,graph_data
oewn-octant__1.06.00..,background,background
oewn-octave__1.10.00..,artifact,artifact
oewn-octave__1.28.00..,artifact,artifact
oewn-odor__1.07.00..,artifact,artifact
oewn-odorless__3.00.00..,artifact,artifact
oewn-odorous__3.00.00..,artifact,artifact
oewn-odorous__5.00.02.malodorous.00,artifact,artifact
oewn-odyssey__1.10.00..,artifact,artifact
oewn-offend__2.37.00..,background,background
oewn-offend__2.37.01..,artifact,artifact
oewn-offend__2.41.00..,artifact,artifact
oewn-offended__5.00.00.displeased.00,artifact,artifact
oewn-offense__1.04.01..,artifact,artifact
oewn-offense__1.04.02..,artifact,artifact
oewn-offense__1.12.00..,artifact,artifact
oewn-offensive__1.04.00..,background,background
oewn-offensive__3.00.02..,background,background
oewn-offensive__3.00.03..,background,background
oewn-offensive__5.00.00.offending.00,background,background
oewn-offensively__4.02.02..,background,background
oewn-offer__1.10.01..,artifact,artifact
oewn-offer__2.40.02..,artifact,artifact
oewn-offering__1.04.00..,artifact,artifact
oewn-offering__1.10.00..,artifact,artifact
oewn-offering__1.10.01..,artifact,artifact
oewn-offhand__5.00.00.unprepared.00,artifact,artifact
oewn-office__1.04.02..,closed,closed
oewn-office__1.06.00..,closed,closed
oewn-office__1.14.01..,closed,closed
oewn-office__1.26.00..,closed,closed
oewn-officer__1.18.03..,artifact,artifact
oewn-official__1.18.00..,closed,closed
oewn-official__1.18.01..,closed,closed
oewn-official__3.00.00..,closed,closed
oewn-official__3.01.00..,closed,closed
oewn-official__5.00.00.confirmed.00,closed,closed
oewn-official__5.00.00.established.00,closed,closed
oewn-officially__4.02.00..,closed,closed
oewn-offshoot__1.19.00..,artifact,artifact
oewn-offspring__1.05.00..,external,external
oewn-offspring__1.18.00..,artifact,artifact
oewn-oily__5.00.00.fatty.00,artifact,artifact
oewn-ointment__1.06.00..,artifact,artifact
oewn-older__5.00.00.old.02,artifact,artifact
oewn-older__5.00.00.senior.00,artifact,background
oewn-oldness__1.07.00..,background,background
oewn-oldness__1.07.01..,background,background
oewn-oleaster__1.20.00..,artifact,artifact
oewn-olfaction__1.09.00..,artifact,artifact
oewn-olfactory__3.01.00..,artifact,artifact
oewn-olive__1.07.00..,artifact,artifact
oewn-olive__1.20.00..,graph_data,graph_data
oewn-olive__5.00.00.chromatic.00,artifact,artifact
oewn-olivelike__5.00.00.rounded.00,artifact,artifact
oewn-olivine__1.27.00..,artifact,artifact
oewn-olympian__1.18.01..,artifact,artifact
oewn-omission__1.04.01..,artifact,artifact
oewn-omnipotence__1.26.00..,artifact,artifact
oewn-omnipotent__5.00.00.powerful.00,artifact,artifact
oewn-omniscient__5.00.00.wise.00,artifact,artifact
oewn-omnivorous__3.00.00..,artifact,artifact
oewn-once__4.02.00..,background,closed
oewn-onion__1.20.00..,artifact,artifact
oewn-onset__1.11.00..,closed,closed
oewn-onward__4.02.00..,background,background
oewn-opaque__3.00.00..,artifact,artifact
oewn-open__1.09.00..,closed,closed
oewn-open__1.15.01..,closed,closed
oewn-open__2.35.00..,closed,closed
oewn-open__2.35.08..,closed,closed
oewn-open__2.41.00..,closed,closed
oewn-open__3.00.01..,closed,closed
oewn-open__3.00.02..,closed,closed
oewn-open__3.00.07..,closed,closed
oewn-open__5.00.00.unprotected.00,closed,closed
oewn-opened__3.00.02..,background,background
oewn-opening__1.04.03..,closed,closed
oewn-opening__1.06.00..,closed,closed
oewn-opening__1.10.00..,closed,closed
oewn-opening__1.17.00..,closed,closed
oewn-opening__3.00.00..,closed,closed
oewn-openly__4.02.00..,closed,closed
oewn-operate__2.35.00..,artifact,artifact
oewn-operate__2.41.00..,artifact,background
oewn-operating__3.44.00..,artifact,artifact
oewn-operating__5.00.01.operative.00,artifact,artifact
oewn-operation__1.04.00..,artifact,artifact
oewn-operation__1.04.05..,artifact,artifact
oewn-operation__1.04.06..,artifact,artifact
oewn-operation__1.04.07..,artifact,artifact
oewn-operation__1.22.00..,artifact,artifact
oewn-operation__1.26.00..,artifact,artifact
oewn-operational__3.01.00..,artifact,artifact
oewn-operations__1.04.00..,artifact,artifact
oewn-operative__1.18.01..,artifact,artifact
oewn-operator__1.24.00..,artifact,artifact
oewn-opinion__1.09.00..,background,background
oewn-opinion__1.09.02..,background,background
oewn-opinion__1.10.01..,background,background
oewn-opium__1.06.00..,background,background
oewn-opponent__1.18.02..,artifact,artifact
oewn-opponent__5.00.00.hostile.01,artifact,artifact
oewn-opportune__3.00.00..,artifact,artifact
oewn-opportunity__1.26.00..,artifact,artifact
oewn-oppose__2.32.00..,artifact,artifact
oewn-oppose__2.32.01..,artifact,artifact
oewn-opposed__3.00.00..,background,background
oewn-opposing__5.00.00.hostile.01,background,background
oewn-opposite__1.10.00..,closed,closed
oewn-opposite__1.18.00..,closed,closed
oewn-opposite__1.24.03..,closed,closed
oewn-opposite__3.00.00..,closed,closed
oewn-opposite__4.02.00..,closed,closed
oewn-opposite__5.00.00.other.00,closed,closed
oewn-opposite__5.00.02.other.00,closed,closed
oewn-opposition__1.04.00..,artifact,artifact
oewn-opposition__1.04.01..,artifact,artifact
oewn-opposition__1.18.01..,artifact,artifact
oewn-opposition__1.24.02..,artifact,artifact
oewn-oppressed__5.00.00.burdened.00,artifact,artifact
oewn-oppressive__5.00.00.heavy.02,external,external
oewn-optical__3.01.01..,artifact,artifact
oewn-optics__1.09.00..,artifact,artifact
oewn-optimistic__5.00.00.positive.01,artifact,artifact
oewn-option__1.21.00..,artifact,artifact
oewn-optional__3.00.00..,artifact,artifact
oewn-orach__1.20.00..,artifact,artifact
oewn-oral__1.10.00..,artifact,artifact
oewn-orally__4.02.01..,artifact,artifact
oewn-orange__1.07.00..,closed,closed
oewn-orange__1.13.00..,closed,closed
oewn-orange__1.27.00..,closed,closed
oewn-orange__5.00.00.chromatic.00,closed,closed
oewn-oration__1.10.00..,artifact,artifact
oewn-oratory__1.10.00..,artifact,artifact
oewn-orbit__1.15.00..,artifact,artifact
oewn-orbital__3.01.00..,artifact,artifact
oewn-orchestra__1.14.00..,closed,closed
oewn-orchestral__3.01.00..,background,background
oewn-orchil__1.20.01..,background,background
oewn-orchil__1.27.00..,background,background
oewn-ordain__2.41.01..,artifact,artifact
oewn-ordained__5.00.00.consecrated.00,artifact,artifact
oewn-ordained__5.00.00.settled.02,artifact,artifact
oewn-ordered__3.00.00..,artifact,artifact
oewn-ordering__1.14.00..,artifact,artifact
oewn-orderliness__1.07.00..,artifact,artifact
oewn-orderly__1.18.01..,artifact,artifact
oewn-orderly__3.00.00..,artifact,artifact
oewn-orderly__5.00.00.tidy.00,background,background
oewn-ordinal__1.23.00..,artifact,artifact
oewn-ordinarily__4.02.00..,background,background
oewn-ordinary__1.06.01..,closed,closed
oewn-ordinary__1.18.01..,closed,closed
oewn-ordinary__3.00.00..,closed,closed
oewn-ordinary__5.00.02.common.01,closed,closed
oewn-oregano__1.20.00..,artifact,artifact
oewn-organ__1.06.00..,closed,closed
oewn-organ__1.06.02..,closed,closed
oewn-organ__1.08.00..,closed,closed
oewn-organ__1.10.00..,closed,closed
oewn-organ__1.14.00..,closed,closed
oewn-organelle__1.08.00..,artifact,artifact
oewn-organic__1.27.00..,artifact,artifact
oewn-organically__4.02.01..,artifact,artifact
oewn-organism__1.03.00..,background,background
oewn-organism__1.14.00..,background,background
oewn-organization__1.09.00..,closed,closed
oewn-organization__1.14.00..,closed,closed
oewn-organization__1.14.01..,closed,closed
oewn-organize__2.31.00..,artifact,artifact
oewn-organize__2.41.01..,artifact,artifact
oewn-organized__3.00.01..,background,background
oewn-organized__3.00.02..,background,background
oewn-organized__5.00.00.union.00,background,background
oewn-organs__1.13.00..,background,background
oewn-orgasm__1.04.00..,circular,circular
oewn-oriental__5.00.00.eastern.01,background,background
oewn-orientation__1.04.00..,artifact,artifact
oewn-orientation__1.09.01..,artifact,artifact
oewn-oriented__3.00.00..,background,background
oewn-orienting__3.00.00..,artifact,artifact
oewn-origin__1.09.00..,artifact,artifact
oewn-origin__1.11.00..,artifact,external
oewn-origin__1.15.00..,closed,closed
oewn-origin__1.22.00..,background,background
oewn-original__1.06.00..,artifact,artifact
oewn-original__1.09.00..,artifact,artifact
oewn-original__3.00.00..,artifact,artifact
oewn-original__5.00.01.first.00,artifact,artifact
oewn-originality__1.09.00..,artifact,artifact
oewn-originally__4.02.00..,artifact,artifact
oewn-originally__4.02.02..,artifact,background
oewn-originate__2.42.00..,artifact,artifact
oewn-origination__1.11.00..,artifact,external
oewn-originator__1.18.00..,artifact,background
oewn-ornament__1.06.00..,closed,closed
oewn-ornament__2.36.00..,closed,closed
oewn-ornament__2.42.00..,closed,closed
oewn-ornamental__1.20.00..,artifact,artifact
oewn-ornamental__5.00.00.nonfunctional.00,artifact,artifact
oewn-ornamentation__1.26.00..,closed,closed
oewn-orpiment__1.27.00..,artifact,artifact
oewn-orthodox__3.00.00..,artifact,artifact
oewn-orthodox__3.01.00..,artifact,artifact
oewn-orthographic__3.01.00..,artifact,artifact
oewn-orthography__1.10.00..,artifact,artifact
oewn-oscan__1.18.00..,artifact,artifact
oewn-oscillating__5.00.00.periodic.00,external,external
oewn-oscillation__1.11.00..,artifact,artifact
oewn-oscillation__1.22.00..,external,external
oewn-ossicle__1.08.00..,artifact,artifact
oewn-ossified__5.00.00.inflexible.02,artifact,artifact
oewn-ostentation__1.10.00..,artifact,artifact
oewn-ostentatious__3.00.00..,artifact,artifact
oewn-ostentatious__5.00.00.tasteless.02,artifact,artifact
oewn-ostentatiously__4.02.00..,artifact,artifact
oewn-otherwise__4.02.01..,artifact,artifact
oewn-otherwise__5.00.00.other.00,artifact,artifact
oewn-ounce__1.23.02..,artifact,artifact
oewn-outbuilding__1.06.00..,artifact,artifact
oewn-outburst__1.10.00..,artifact,artifact
oewn-outcome__1.11.00..,closed,closed
oewn-outcry__1.10.00..,artifact,artifact
oewn-outdoor__3.00.00..,artifact,artifact
oewn-outdoor__3.01.00..,artifact,external
oewn-outdoors__1.15.00..,artifact,background
oewn-outer__3.00.00..,closed,closed
oewn-outer__5.00.00.external.00,closed,closed
oewn-outer__5.00.00.outward.00,closed,closed
oewn-outermost__5.00.00.outer.00,artifact,external
oewn-outfield__1.06.00..,artifact,artifact
oewn-outlet__1.06.01..,artifact,artifact
oewn-outline__1.09.00..,artifact,artifact
oewn-outline__1.15.00..,artifact,artifact
oewn-outline__2.32.00..,artifact,artifact
oewn-outlined__5.00.00.distinct.00,artifact,artifact
oewn-output__1.06.00..,background,background
oewn-output__1.10.02..,artifact,artifact
oewn-outside__1.15.00..,closed,closed
oewn-outside__1.15.01..,closed,closed
oewn-outside__3.00.00..,closed,closed
oewn-outside__3.00.04..,closed,closed
oewn-outside__4.02.00..,closed,closed
oewn-outside__4.02.01..,closed,closed
oewn-outside__5.00.00.external.00,closed,closed
oewn-outside__5.00.00.extrinsic.00,closed,closed
oewn-outside__5.00.00.outer.00,closed,closed
oewn-outstanding__5.00.00.superior.02,artifact,artifact
oewn-outward__3.00.00..,artifact,artifact
oewn-outward__5.00.00.outgoing.00,artifact,background
oewn-outwards__4.02.00..,closed,closed
oewn-oval__1.25.00..,artifact,artifact
oewn-ovary__1.08.00..,background,background
oewn-ovary__1.20.00..,background,background
oewn-oven__1.06.00..,closed,closed
oewn-over__1.28.00..,closed,closed
oewn-over__4.02.00..,closed,closed
oewn-over__4.02.01..,closed,closed
oewn-over__4.02.04..,closed,closed
oewn-over__5.00.01.finished.01,closed,closed
oewn-overall__1.06.00..,artifact,artifact
oewn-overbearing__5.00.00.domineering.00,artifact,artifact
oewn-overbearing__5.00.00.proud.00,artifact,artifact
oewn-overcast__2.35.01..,artifact,artifact
oewn-overcast__2.43.00..,artifact,artifact
oewn-overcast__5.00.00.cloudy.00,artifact,artifact
oewn-overcome__2.33.03..,artifact,artifact
oewn-overcome__2.37.00..,artifact,background
oewn-overdose__2.29.00..,artifact,artifact
oewn-overfamiliar__5.00.00.forward.02,artifact,artifact
oewn-overflowing__5.00.00.full.00,artifact,artifact
oewn-overhang__1.06.00..,artifact,artifact
oewn-overhead__1.06.00..,artifact,artifact
oewn-overhead__1.21.00..,artifact,artifact
oewn-overlapping__1.06.00..,artifact,artifact
oewn-overloaded__5.00.00.full.00,artifact,artifact
oewn-overly__4.02.00..,artifact,external
oewn-overpoweringly__4.02.00..,background,background
oewn-overripe__5.00.00.ripe.00,artifact,external
oewn-overrun__1.04.00..,artifact,artifact
oewn-overseas__4.02.00..,artifact,artifact
oewn-oversee__2.41.00..,artifact,external
oewn-overshoe__1.06.00..,artifact,artifact
oewn-oversolicitous__5.00.00.attentive.00,background,background
oewn-overt__3.00.00..,artifact,artifact
oewn-overtake__2.33.00..,artifact,artifact
oewn-overtake__2.38.00..,background,background
oewn-overthrow__1.04.01..,artifact,artifact
oewn-overture__1.10.01..,artifact,artifact
oewn-overuse__2.34.00..,artifact,external
oewn-overwhelm__2.37.00..,artifact,external
oewn-overwhelming__5.00.00.irresistible.00,artifact,external
oewn-overwork__1.04.00..,artifact,external
oewn-ovule__1.20.00..,artifact,artifact
oewn-ovum__1.08.00..,artifact,artifact
oewn-owing__5.00.00.unpaid.00,external,external
oewn-owned__3.00.00..,artifact,artifact
oewn-owner__1.18.00..,artifact,background
oewn-ownership__1.21.00..,background,background
oewn-pace__1.28.00..,artifact,artifact
oewn-pachyderm__1.05.00..,artifact,artifact
oewn-pacific__1.17.00..,artifact,artifact
oewn-pack__1.23.00..,artifact,artifact
oewn-packable__3.01.00..,artifact,artifact
oewn-package__1.06.00..,artifact,artifact
oewn-package__1.14.00..,artifact,artifact
oewn-packed__5.00.00.crowded.00,artifact,artifact
oewn-pact__1.10.00..,artifact,artifact
oewn-padding__1.06.00..,artifact,artifact
oewn-paddle__1.06.00..,graph_data,graph_data
oewn-paddle__1.06.03..,artifact,artifact
oewn-padlock__1.06.00..,graph_data,graph_data
oewn-padre__1.18.00..,artifact,artifact
oewn-padre__1.18.01..,artifact,artifact
oewn-pagan__1.18.00..,artifact,artifact
oewn-page__1.10.00..,artifact,artifact
oewn-page__2.32.00..,artifact,artifact
oewn-pager__1.06.00..,artifact,artifact
oewn-paid__3.00.00..,artifact,artifact
oewn-paid__5.00.00.professional.01,artifact,artifact
oewn-pain__1.09.00..,closed,closed
oewn-pain__1.09.01..,closed,closed
oewn-pain__1.12.00..,closed,closed
oewn-pain__1.26.00..,closed,closed
oewn-pain__2.29.00..,closed,closed
oewn-painful__3.00.00..,artifact,artifact
oewn-painful__5.00.00.unpleasant.00,artifact,artifact
oewn-painfully__4.02.00..,background,background
oewn-painfully__4.02.01..,closed,closed
oewn-painfulness__1.12.00..,artifact,artifact
oewn-pains__1.04.00..,artifact,artifact
oewn-painstaking__5.00.00.careful.00,background,background
oewn-painstakingly__4.02.00..,artifact,artifact
oewn-paint__1.06.00..,background,background
oewn-paint__2.35.00..,background,background
oewn-paint__2.35.01..,background,background
oewn-painted__3.00.00..,artifact,artifact
oewn-painter__1.18.00..,artifact,artifact
oewn-painting__1.06.00..,artifact,artifact
oewn-pair__1.14.01..,artifact,artifact
oewn-paired__3.00.02..,artifact,artifact
oewn-paired__5.00.00.matched.00,artifact,artifact
oewn-pairing__1.04.00..,artifact,artifact
oewn-pairing__1.04.01..,artifact,background
oewn-palate__1.08.00..,artifact,artifact
oewn-palatine__1.15.00..,artifact,artifact
oewn-pale__1.06.00..,artifact,artifact
oewn-pale__5.00.00.colorless.02,artifact,artifact
oewn-pallidum__1.08.00..,artifact,artifact
oewn-palm__1.08.00..,artifact,artifact
oewn-palm__1.20.00..,artifact,artifact
oewn-palm__1.23.00..,artifact,artifact
oewn-palmate__5.00.00.webbed.00,artifact,artifact
oewn-palmately__4.02.00..,artifact,artifact
oewn-palmlike__5.00.00.branchless.00,artifact,artifact
oewn-palpable__3.00.00..,artifact,artifact
oewn-pampering__5.00.00.indulgent.00,artifact,artifact
oewn-panacea__1.06.00..,artifact,artifact
oewn-panacea__1.18.00..,artifact,artifact
oewn-pancreas__1.08.00..,background,background
oewn-pancreatic__3.01.00..,background,background
oewn-pane__1.06.00..,graph_data,graph_data
oewn-panel__1.06.00..,artifact,artifact
oewn-paneling__1.06.00..,artifact,artifact
oewn-panic__1.12.00..,artifact,external
oewn-panicle__1.20.00..,artifact,artifact
oewn-panicled__3.01.00..,closed,closed
oewn-paniculate__3.01.00..,artifact,artifact
oewn-pantheism__1.09.01..,artifact,artifact
oewn-pantheon__1.14.00..,artifact,background
oewn-papaya__1.20.00..,graph_data,graph_data
oewn-paper__1.10.00..,closed,closed
oewn-paper__1.10.03..,closed,closed
oewn-paper__1.27.00..,closed,closed
oewn-paperlike__3.01.00..,closed,closed
oewn-papers__1.10.00..,artifact,artifact
oewn-papery__5.00.00.thin.01,background,background
oewn-parachute__1.06.00..,artifact,artifact
oewn-parachute__2.38.00..,artifact,artifact
oewn-paradigm__1.10.00..,background,background
oewn-paradigmatic__3.01.01..,external,external
oewn-paradise__1.09.00..,artifact,artifact
oewn-parallel__1.07.00..,closed,closed
oewn-parallel__1.15.00..,closed,closed
oewn-parallel__1.25.00..,closed,closed
oewn-parallel__2.30.00..,closed,closed
oewn-parallel__2.42.00..,closed,closed
oewn-parallel__3.00.00..,closed,closed
oewn-parallel__5.00.00.synchronous.00,closed,closed
oewn-parallelogram__1.25.00..,artifact,artifact
oewn-paralysis__1.26.00..,background,background
oewn-parapet__1.06.00..,artifact,artifact
oewn-parapet__1.06.01..,artifact,artifact
oewn-parasite__1.05.00..,artifact,artifact
oewn-parasite__1.18.00..,artifact,artifact
oewn-parasitic__3.01.01..,closed,closed
oewn-parasitic__5.00.00.dependent.00,artifact,artifact
oewn-parasympathetic__1.08.00..,artifact,artifact
oewn-parenchyma__1.08.01..,artifact,artifact
oewn-parent__1.18.00..,artifact,external
oewn-parenteral__3.01.01..,graph_data,graph_data
oewn-parenterally__4.02.00..,graph_data,graph_data
oewn-parisian__1.18.00..,artifact,artifact
oewn-parity__1.23.00..,artifact,artifact
oewn-parity__1.24.00..,artifact,artifact
oewn-park__1.15.00..,artifact,artifact
oewn-parliament__1.14.00..,artifact,artifact
oewn-parody__2.36.00..,background,background
oewn-paroxysmal__3.01.00..,artifact,artifact
oewn-parsley__1.20.00..,artifact,artifact
oewn-part__1.04.01..,artifact,background
oewn-part__1.04.03..,artifact,background
oewn-part__1.06.00..,artifact,background
oewn-part__1.06.01..,artifact,background
oewn-part__1.08.01..,artifact,background
oewn-part__1.09.00..,artifact,background
oewn-part__1.10.00..,artifact,background
oewn-part__1.15.00..,artifact,background
oewn-part__1.17.00..,artifact,background
oewn-part__1.21.00..,artifact,background
oewn-part__1.24.00..,artifact,background
oewn-part__2.38.02..,artifact,background
oewn-part__4.02.00..,artifact,background
oewn-partake__2.42.00..,closed,closed
oewn-parted__5.00.00.compound.00,artifact,artifact
oewn-partial__1.09.00..,artifact,artifact
oewn-partial__5.00.00.incomplete.00,artifact,artifact
oewn-partiality__1.12.00..,background,background
oewn-partially__4.02.00..,artifact,artifact
oewn-participant__1.18.00..,artifact,artifact
oewn-participate__2.33.00..,artifact,artifact
oewn-participate__2.41.00..,closed,closed
oewn-participating__5.00.00.involved.00,artifact,artifact
oewn-participation__1.04.00..,artifact,artifact
oewn-participle__1.10.00..,artifact,artifact
oewn-particle__1.17.00..,artifact,artifact
oewn-particle__1.27.01..,artifact,artifact
oewn-particularly__4.02.00..,artifact,artifact
oewn-parting__1.04.00..,artifact,artifact
oewn-partition__1.06.00..,background,background
oewn-partition__1.08.00..,artifact,artifact
oewn-partly__4.02.00..,artifact,artifact
oewn-partner__1.18.00..,closed,closed
oewn-partner__1.18.01..,closed,closed
oewn-partner__2.40.00..,closed,closed
oewn-partner__2.41.00..,closed,closed
oewn-parts__1.15.00..,background,background
oewn-partsong__1.10.00..,artifact,artifact
oewn-parturition__1.22.00..,closed,closed
oewn-party__1.14.01..,closed,closed
oewn-party__1.14.02..,closed,closed
oewn-party__1.18.00..,closed,closed
oewn-pascal__1.18.00..,graph_data,graph_data
oewn-pass__1.04.04..,closed,closed
oewn-pass__1.04.06..,closed,closed
oewn-pass__2.30.00..,closed,closed
oewn-pass__2.30.11..,closed,closed
oewn-pass__2.38.00..,closed,closed
oewn-pass__2.38.02..,closed,closed
oewn-pass__2.42.08..,closed,closed
oewn-pass__3.00.00..,closed,closed
oewn-passage__1.04.01..,artifact,artifact
oewn-passage__1.04.04..,artifact,artifact
oewn-passage__1.04.05..,artifact,artifact
oewn-passage__1.10.00..,artifact,artifact
oewn-passageway__1.06.00..,artifact,artifact
oewn-passageway__1.08.00..,artifact,artifact
oewn-passer__1.18.00..,artifact,artifact
oewn-passing__1.04.03..,artifact,artifact
oewn-passing__1.04.05..,artifact,artifact
oewn-passing__3.00.00..,artifact,background
oewn-passing__5.00.00.impermanent.00,artifact,artifact
oewn-passive__1.24.00..,artifact,artifact
oewn-passively__4.02.00..,artifact,artifact
oewn-past__1.10.00..,background,background
oewn-past__1.28.00..,background,background
oewn-past__3.00.00..,background,background
oewn-past__4.02.00..,background,background
oewn-past__5.00.00.outgoing.00,background,background
oewn-paste__1.27.01..,artifact,artifact
oewn-pastern__1.05.00..,artifact,artifact
oewn-pastry__1.13.02..,artifact,artifact
oewn-pasture__1.13.00..,background,background
oewn-pasture__1.15.00..,background,background
oewn-pasture__2.35.00..,background,background
oewn-pasture__2.35.10..,background,background
oewn-pastureland__1.15.00..,artifact,artifact
oewn-patella__1.08.00..,background,background
oewn-patent__2.40.00..,background,background
oewn-patent__2.41.00..,background,background
oewn-paternal__3.01.00..,artifact,artifact
oewn-path__1.04.00..,background,background
oewn-path__1.17.00..,artifact,artifact
oewn-pathogen__1.05.00..,artifact,artifact
oewn-pathogenic__5.00.00.unhealthful.00,artifact,artifact
oewn-pathogenically__4.02.00..,artifact,artifact
oewn-pathological__3.01.00..,artifact,artifact
oewn-pathology__1.09.00..,artifact,artifact
oewn-patience__1.07.00..,artifact,artifact
oewn-patient__1.18.00..,artifact,artifact
oewn-patriarch__1.18.03..,artifact,artifact
oewn-patriot__1.18.00..,closed,closed
oewn-patrol__1.14.00..,artifact,artifact
oewn-patrol__2.41.00..,artifact,artifact
oewn-patron__1.18.00..,background,background
oewn-patronizing__5.00.00.superior.01,artifact,artifact
oewn-pattern__1.04.00..,closed,closed
oewn-pattern__1.09.00..,closed,closed
oewn-pattern__1.09.01..,closed,closed
oewn-pattern__1.09.03..,closed,closed
oewn-pattern__2.36.00..,closed,closed
oewn-pattern__2.42.00..,closed,closed
oewn-pause__1.28.00..,artifact,artifact
oewn-pave__1.06.00..,artifact,artifact
oewn-paved__3.00.00..,artifact,artifact
oewn-paving__1.27.00..,artifact,artifact
oewn-pawl__1.06.00..,background,background
oewn-pawn__2.40.00..,artifact,artifact
oewn-payable__1.26.00..,artifact,artifact
oewn-paying__5.00.00.profitable.00,artifact,artifact
oewn-payment__1.21.00..,artifact,artifact
oewn-peace__1.26.00..,artifact,artifact
oewn-peaceful__3.00.00..,artifact,artifact
oewn-peacefully__4.02.00..,artifact,artifact
oewn-peach__1.13.00..,artifact,artifact
oewn-peak__1.15.00..,artifact,artifact
oewn-peak__1.23.00..,artifact,artifact
oewn-pearlite__1.27.00..,artifact,artifact
oewn-peculiar__5.00.00.specific.00,artifact,artifact
oewn-peculiar__5.00.00.strange.00,artifact,artifact
oewn-pecuniary__3.01.00..,closed,closed
oewn-pedal__1.10.00..,artifact,artifact
oewn-peddling__1.04.00..,artifact,artifact
oewn-pedestal__1.06.00..,artifact,artifact
oewn-pedigreed__5.00.00.purebred.00,background,background
oewn-peduncle__1.20.00..,artifact,artifact
oewn-peeling__1.19.00..,background,background
oewn-peer__1.18.00..,artifact,artifact
oewn-peer__1.18.01..,artifact,artifact
oewn-peerage__1.14.00..,artifact,artifact
oewn-pejorative__5.00.00.uncomplimentary.00,closed,closed
oewn-pelican__1.05.00..,graph_data,graph_data
oewn-pellet__1.25.00..,artifact,artifact
oewn-pelvic__3.01.00..,artifact,artifact
oewn-pelvis__1.08.00..,artifact,artifact
oewn-pelvis__1.08.01..,graph_data,graph_data
oewn-penalty__1.04.00..,artifact,artifact
oewn-penalty__1.21.00..,artifact,artifact
oewn-penance__1.04.01..,artifact,artifact
oewn-penance__1.12.00..,artifact,artifact
oewn-pendulous__5.00.00.unerect.00,artifact,external
oewn-penetrable__5.00.00.vulnerable.00,background,background
oewn-penetrate__2.35.00..,artifact,artifact
oewn-penetrate__2.38.06..,closed,closed
oewn-penetrating__5.00.00.perceptive.00,artifact,artifact
oewn-penetration__1.04.00..,artifact,artifact
oewn-penetration__1.07.00..,artifact,artifact
oewn-penicillin__1.06.00..,background,background
oewn-peninsula__1.17.00..,artifact,artifact
oewn-penis__1.08.00..,artifact,artifact
oewn-penitent__1.18.00..,artifact,artifact
oewn-pennsylvania__1.06.00..,closed,closed
oewn-pennsylvania__1.15.00..,artifact,artifact
oewn-pennsylvania__1.15.01..,artifact,artifact
oewn-pennycress__1.20.00..,background,background
oewn-pension__1.21.00..,artifact,artifact
oewn-pentavalent__3.01.00..,artifact,artifact
oewn-pentlandite__1.27.00..,artifact,artifact
oewn-pentose__1.27.00..,artifact,artifact
oewn-peopled__5.00.00.inhabited.00,artifact,artifact
oewn-peoples__1.14.00..,background,background
oewn-pepper__1.13.02..,artifact,artifact
oewn-pepper__1.20.01..,artifact,artifact
oewn-pepsin__1.27.00..,artifact,artifact
oewn-perceive__2.39.00..,background,background
oewn-perceived__5.00.01.detected.00,background,background
oewn-perceived__5.00.02.detected.00,background,background
oewn-percent__1.24.00..,artifact,artifact
oewn-percentage__1.24.00..,artifact,artifact
oewn-percept__1.09.00..,artifact,artifact
oewn-perceptible__3.00.00..,background,background
oewn-perceptible__5.00.00.noticeable.00,background,background
oewn-perception__1.09.01..,artifact,artifact
oewn-perception__1.09.03..,background,background
oewn-perceptive__3.00.00..,artifact,artifact
oewn-perceptual__3.01.00..,artifact,background
oewn-perch__1.06.00..,artifact,artifact
oewn-percoid__1.05.00..,artifact,artifact
oewn-percussion__1.04.01..,artifact,artifact
oewn-peremptory__5.00.00.domineering.00,artifact,artifact
oewn-perennial__1.20.00..,artifact,artifact
oewn-perfect__1.24.00..,background,background
oewn-perfect__2.30.00..,artifact,artifact
oewn-perfect__3.00.00..,artifact,artifact
oewn-perfect__5.00.00.unmitigated.00,artifact,artifact
oewn-perfected__5.00.00.formed.00,artifact,artifact
oewn-perfection__1.09.00..,artifact,artifact
oewn-perfection__1.26.00..,artifact,artifact
oewn-perfectly__4.02.00..,artifact,artifact
oewn-perforated__5.00.02.cut.01,external,external
oewn-perform__2.36.00..,closed,closed
oewn-perform__2.36.01..,closed,closed
oewn-perform__2.41.02..,closed,closed
oewn-performance__1.04.01..,artifact,artifact
oewn-performance__1.10.00..,artifact,artifact
oewn-performance__1.22.00..,artifact,artifact
oewn-performing__1.04.00..,artifact,artifact
oewn-perfume__1.06.00..,artifact,artifact
oewn-perfume__1.09.00..,artifact,artifact
oewn-perfumery__1.06.02..,background,background
oewn-perfunctory__5.00.00.careless.00,artifact,artifact
oewn-perhaps__4.02.00..,background,background
oewn-perianth__1.20.00..,artifact,artifact
oewn-pericarp__1.20.00..,artifact,artifact
oewn-peridium__1.20.00..,artifact,artifact
oewn-perimeter__1.25.01..,artifact,background
oewn-period__1.10.00..,artifact,artifact
oewn-period__1.22.00..,artifact,artifact
oewn-period__1.28.00..,background,background
oewn-period__1.28.03..,artifact,artifact
oewn-periodic__3.00.00..,artifact,artifact
oewn-periodic__5.00.00.sporadic.00,external,external
oewn-periodical__1.10.00..,artifact,artifact
oewn-periodically__4.02.00..,artifact,artifact
oewn-peristalsis__1.22.00..,artifact,artifact
oewn-perjury__1.04.00..,artifact,artifact
oewn-permanence__1.07.00..,artifact,artifact
oewn-permanent__1.08.00..,artifact,artifact
oewn-permanent__3.00.00..,artifact,artifact
oewn-permanently__4.02.00..,artifact,artifact
oewn-permission__1.10.00..,artifact,background
oewn-permit__1.10.02..,artifact,external
oewn-permit__2.41.00..,artifact,artifact
oewn-perpendicular__1.09.00..,background,background
oewn-perpendicular__1.25.00..,background,background
oewn-perpendicular__3.00.00..,background,background
oewn-perpendicular__5.00.00.steep.00,background,background
oewn-perpetrator__1.18.00..,artifact,artifact
oewn-perplexed__3.00.00..,artifact,artifact
oewn-persecution__1.04.00..,artifact,artifact
oewn-perseverance__1.07.00..,background,background
oewn-persevering__5.00.00.patient.00,artifact,artifact
oewn-persia__1.15.00..,artifact,artifact
oewn-persia__1.15.01..,artifact,artifact
oewn-persian__1.18.00..,artifact,artifact
oewn-persist__2.42.00..,background,background
oewn-persistent__5.00.00.continual.00,background,background
oewn-persistently__4.02.01..,background,background
oewn-persisting__5.00.00.continuous.01,artifact,artifact
oewn-personal__1.10.00..,background,background
oewn-personal__3.00.00..,background,background
oewn-personal__5.00.00.physical.00,background,background
oewn-personality__1.07.00..,artifact,artifact
oewn-personally__4.02.01..,closed,closed
oewn-personification__1.10.00..,artifact,artifact
oewn-personification__1.18.00..,artifact,artifact
oewn-personnel__1.14.00..,artifact,artifact
oewn-persuade__2.32.00..,artifact,artifact
oewn-persuade__2.41.00..,artifact,artifact
oewn-persuasion__1.10.00..,artifact,artifact
oewn-persuasive__3.00.00..,artifact,artifact
oewn-pert__5.00.00.spirited.00,artifact,artifact
oewn-pertinent__5.00.00.relevant.00,artifact,artifact
oewn-perturbation__1.26.00..,artifact,artifact
oewn-pervasive__5.00.00.distributive.00,artifact,artifact
oewn-perverse__5.00.00.negative.02,artifact,artifact
oewn-perversion__1.25.00..,background,background
oewn-pessimistic__3.00.00..,artifact,artifact
oewn-pestle__1.06.00..,artifact,artifact
oewn-petaled__3.00.00..,closed,closed
oewn-petiole__1.20.00..,artifact,artifact
oewn-petition__1.10.00..,artifact,artifact
oewn-petition__1.10.01..,artifact,artifact
oewn-petroleum__1.27.00..,closed,closed
oewn-petrous__5.00.00.hard.01,artifact,artifact
oewn-pewter__1.27.00..,artifact,artifact
oewn-pharynx__1.08.00..,artifact,artifact
oewn-phase__1.26.00..,artifact,artifact
oewn-phase__1.28.00..,external,external
oewn-phase__1.28.01..,artifact,artifact
oewn-pheasant__1.05.00..,graph_data,graph_data
oewn-phenol__1.27.00..,graph_data,graph_data
oewn-phenolic__1.27.00..,artifact,artifact
oewn-phenomenon__1.03.00..,artifact,artifact
oewn-phenotype__1.07.00..,artifact,artifact
oewn-philippine__1.10.00..,artifact,artifact
oewn-philippine__3.01.00..,artifact,artifact
oewn-philistine__1.18.00..,artifact,artifact
oewn-philodendron__1.20.00..,artifact,artifact
oewn-philosopher__1.18.00..,artifact,artifact
oewn-philosophical__3.01.00..,background,background
oewn-philosophical__5.00.00.unemotional.00,artifact,artifact
oewn-philosophy__1.09.01..,background,background
oewn-phiz__1.08.00..,background,background
oewn-phiz__1.18.00..,background,background
oewn-phloem__1.20.00..,artifact,artifact
oewn-phone__1.06.00..,artifact,artifact
oewn-phonetics__1.09.00..,artifact,artifact
oewn-phonograph__1.06.01..,artifact,artifact
oewn-phonological__3.01.00..,artifact,artifact
oewn-phonology__1.09.00..,artifact,artifact
oewn-phosphorescent__5.00.00.light.06,artifact,artifact
oewn-phosphoric__3.01.00..,artifact,artifact
oewn-phosphorous__3.01.00..,artifact,artifact
oewn-photoconductive__3.01.00..,artifact,artifact
oewn-photoconductivity__1.19.00..,artifact,artifact
oewn-photograph__1.06.00..,closed,closed
oewn-photograph__2.32.00..,closed,closed
oewn-photographer__1.18.00..,artifact,artifact
oewn-photographic__3.01.00..,artifact,artifact
oewn-photographic__5.00.00.exact.00,artifact,artifact
oewn-photography__1.04.00..,artifact,artifact
oewn-photopigment__1.27.00..,background,background
oewn-photosensitive__5.00.00.sensitive.01,artifact,artifact
oewn-photosynthesis__1.22.00..,artifact,artifact
oewn-photosynthetic__3.01.00..,artifact,artifact
oewn-phragmocone__1.05.00..,artifact,artifact
oewn-phrase__1.10.00..,artifact,artifact
oewn-phrenitis__1.26.00..,artifact,artifact
oewn-physical__3.00.00..,artifact,artifact
oewn-physical__3.01.00..,artifact,artifact
oewn-physical__5.00.00.energetic.00,artifact,artifact
oewn-physical__5.00.00.forceful.00,artifact,artifact
oewn-physical__5.00.00.material.01,artifact,artifact
oewn-physical__5.00.00.natural.03,artifact,artifact
oewn-physically__4.02.00..,artifact,artifact
oewn-physician__1.18.00..,artifact,background
oewn-physiological__3.01.00..,artifact,artifact
oewn-physiological__5.00.00.physical.00,artifact,artifact
oewn-physiologically__4.02.00..,artifact,artifact
oewn-physiologist__1.18.00..,artifact,artifact
oewn-physiology__1.07.00..,background,background
oewn-physiology__1.09.00..,artifact,artifact
oewn-piano__1.06.00..,artifact,artifact
oewn-pick__1.09.00..,artifact,artifact
oewn-pictorial__1.10.00..,artifact,artifact
oewn-pictorial__3.01.00..,closed,closed
oewn-picture__1.06.00..,background,background
oewn-picture__1.06.01..,background,background
oewn-picture__1.06.02..,background,background
oewn-picture__1.10.02..,background,background
oewn-picture__2.36.00..,background,background
oewn-picture__2.36.01..,background,background
oewn-pictured__5.00.00.unreal.00,artifact,artifact
oewn-piece__1.06.00..,closed,closed
oewn-piece__1.06.02..,closed,closed
oewn-piece__1.06.03..,closed,closed
oewn-piece__1.10.01..,closed,closed
oewn-piece__1.13.00..,closed,closed
oewn-piece__1.28.00..,closed,closed
oewn-piece__2.34.00..,closed,closed
oewn-piece__2.35.02..,closed,closed
oewn-piece__2.36.00..,closed,closed
oewn-pierce__1.18.00..,artifact,artifact
oewn-pierce__2.35.02..,artifact,background
oewn-piercing__5.00.00.perceptive.00,artifact,artifact
oewn-piercing__5.00.00.sharp.04,artifact,artifact
oewn-pigeon__1.05.00..,artifact,artifact
oewn-pigment__1.06.00..,closed,closed
oewn-pigment__1.27.00..,closed,closed
oewn-pigment__1.27.01..,closed,closed
oewn-pigment__2.30.00..,closed,closed
oewn-pigment__2.30.01..,closed,closed
oewn-pigmentation__1.22.00..,artifact,artifact
oewn-pigweed__1.20.01..,artifact,artifact
oewn-pile__1.08.00..,artifact,artifact
oewn-pile__1.14.00..,artifact,artifact
oewn-pilgrimage__1.04.00..,artifact,artifact
oewn-pillaging__1.04.00..,artifact,artifact
oewn-pillar__1.06.00..,artifact,artifact
oewn-pillar__1.09.00..,artifact,artifact
oewn-pillow__1.06.00..,background,background
oewn-pillow__2.35.00..,background,background
oewn-pilot__1.18.00..,artifact,artifact
oewn-pimp__1.18.00..,background,background
oewn-pimp__2.34.00..,background,background
oewn-pimply__5.00.00.blemished.00,artifact,artifact
oewn-pine__1.20.00..,artifact,artifact
oewn-pink__1.07.00..,artifact,background
oewn-pink__1.20.00..,artifact,artifact
oewn-pink__5.00.00.chromatic.00,artifact,background
oewn-pinnacle__2.38.00..,artifact,artifact
oewn-pinnacle__2.42.00..,artifact,artifact
oewn-pinnate__5.00.00.compound.00,artifact,artifact
oewn-pinnately__4.02.00..,artifact,artifact
oewn-pinnatifid__5.00.00.compound.00,artifact,artifact
oewn-pinnatisect__5.00.00.compound.00,artifact,artifact
oewn-pinon__1.20.00..,artifact,artifact
oewn-pipe__1.06.00..,artifact,artifact
oewn-pipe__1.06.01..,artifact,artifact
oewn-piping__1.06.01..,artifact,artifact
oewn-pisiform__1.08.00..,background,background
oewn-pistil__1.20.00..,background,background
oewn-pistol__1.06.00..,background,background
oewn-piston__1.06.00..,artifact,artifact
oewn-pitch__1.04.03..,background,background
oewn-pitch__1.07.00..,background,background
oewn-pitch__1.15.03..,background,background
oewn-pitch__1.27.00..,background,background
oewn-pitch__2.30.00..,background,background
oewn-pitch__2.35.00..,background,background
oewn-pitched__3.44.00..,artifact,artifact
oewn-pitcher__1.04.00..,artifact,artifact
oewn-pitcher__1.18.00..,artifact,artifact
oewn-pitching__1.04.00..,artifact,artifact
oewn-pith__1.20.00..,artifact,artifact
oewn-pity__1.07.00..,artifact,artifact
oewn-pity__1.12.00..,artifact,artifact
oewn-pivot__1.06.00..,artifact,artifact
oewn-pivot__1.18.00..,artifact,artifact
oewn-pivot__2.38.00..,background,background
oewn-place__1.04.01..,closed,closed
oewn-place__1.10.02..,closed,closed
oewn-place__1.15.00..,closed,closed
oewn-place__1.15.02..,closed,closed
oewn-place__1.15.04..,closed,closed
oewn-place__1.15.06..,closed,closed
oewn-place__1.26.00..,closed,closed
oewn-place__2.31.00..,closed,closed
oewn-place__2.31.03..,closed,closed
oewn-place__2.33.00..,closed,closed
oewn-place__2.33.03..,closed,closed
oewn-place__2.35.00..,closed,closed
oewn-place__2.40.00..,closed,closed
oewn-place__2.40.03..,closed,closed
oewn-place__2.41.01..,closed,closed
oewn-placed__5.00.00.arranged.00,circular,circular
oewn-placed__5.00.00.settled.01,circular,circular
oewn-placenta__1.08.00..,artifact,artifact
oewn-placenta__1.20.00..,artifact,external
oewn-placental__1.05.00..,artifact,artifact
oewn-plague__1.26.00..,background,background
oewn-plague__2.43.00..,background,background
oewn-plain__1.17.00..,background,background
oewn-plain__2.32.00..,background,background
oewn-plain__4.02.00..,background,background
oewn-plainly__4.02.00..,artifact,artifact
oewn-plainly__4.02.01..,artifact,artifact
oewn-plainness__1.26.00..,artifact,artifact
oewn-plan__1.06.00..,background,background
oewn-plan__1.09.00..,background,background
oewn-plan__2.31.01..,background,background
oewn-plan__2.36.00..,background,background
oewn-plane__1.06.01..,closed,closed
oewn-plane__1.25.00..,closed,closed
oewn-plane__5.00.00.even.01,closed,closed
oewn-planet__1.17.00..,closed,closed
oewn-planet__1.18.00..,closed,closed
oewn-planetary__3.01.00..,artifact,artifact
oewn-plank__1.27.00..,artifact,artifact
oewn-planking__1.27.00..,artifact,artifact
oewn-planned__3.00.00..,artifact,artifact
oewn-planned__5.00.00.premeditated.00,artifact,artifact
oewn-planning__1.04.00..,background,background
oewn-plant__1.03.00..,closed,closed
oewn-plant__1.06.01..,closed,closed
oewn-plantain__1.20.01..,graph_data,graph_data
oewn-planted__5.00.00.established.00,artifact,artifact
oewn-plantigrade__1.05.00..,artifact,artifact
oewn-planting__1.04.01..,artifact,artifact
oewn-plasma__1.08.00..,artifact,artifact
oewn-plaster__1.27.00..,graph_data,graph_data
oewn-plaster__1.27.01..,artifact,artifact
oewn-plaster__2.35.01..,artifact,artifact
oewn-plastic__1.27.00..,artifact,artifact
oewn-plate__1.06.00..,closed,closed
oewn-plate__1.06.04..,closed,closed
oewn-plate__1.06.05..,closed,closed
oewn-plate__1.06.07..,closed,closed
oewn-plate__1.08.00..,closed,closed
oewn-plate__2.35.00..,closed,closed
oewn-plateau__1.17.00..,artifact,artifact
oewn-platelike__5.00.00.planar.00,artifact,artifact
oewn-platform__1.06.00..,artifact,artifact
oewn-platypus__1.05.00..,background,background
oewn-plausible__5.00.00.insincere.00,background,background
oewn-play__1.04.01..,closed,closed
oewn-play__1.04.02..,closed,closed
oewn-play__1.04.05..,closed,closed
oewn-play__1.10.01..,closed,closed
oewn-play__1.28.00..,closed,closed
oewn-play__2.33.00..,closed,closed
oewn-play__2.36.00..,closed,closed
oewn-play__2.36.10..,closed,closed
oewn-play__2.41.00..,closed,closed
oewn-playback__1.06.00..,artifact,artifact
oewn-played__3.44.00..,artifact,artifact
oewn-player__1.18.00..,artifact,artifact
oewn-player__1.18.01..,artifact,artifact
oewn-playful__3.00.00..,artifact,artifact
oewn-playfully__4.02.00..,artifact,artifact
oewn-playing__1.04.00..,artifact,background
oewn-playing__1.04.01..,artifact,background
oewn-plaything__1.06.00..,artifact,artifact
oewn-plea__1.10.02..,artifact,artifact
oewn-pleading__1.10.00..,artifact,artifact
oewn-pleasant__3.00.00..,background,background
oewn-pleasant__5.00.00.nice.00,background,background
oewn-pleasantly__4.02.01..,artifact,artifact
oewn-please__2.37.00..,artifact,artifact
oewn-pleased__3.00.00..,background,background
oewn-pleased__5.00.00.proud.00,artifact,artifact
oewn-pleasing__1.04.00..,artifact,background
oewn-pleasing__3.00.00..,artifact,artifact
oewn-pleasing__5.00.00.pleasant.00,artifact,artifact
oewn-pleasurable__5.00.00.pleasant.00,artifact,artifact
oewn-pleasure__1.04.01..,background,background
oewn-pleasure__1.09.00..,background,background
oewn-pleasure__1.12.00..,background,background
oewn-pleat__2.35.00..,background,background
oewn-pleat__2.35.02..,background,background
oewn-pledge__1.10.00..,artifact,artifact
oewn-pledge__1.21.02..,artifact,artifact
oewn-pledged__5.00.00.committed.00,artifact,artifact
oewn-plentiful__5.00.01.abundant.00,external,external
oewn-pliable__5.00.00.formed.00,artifact,artifact
oewn-pliable__5.00.00.susceptible.00,artifact,artifact
oewn-plot__1.09.00..,artifact,artifact
oewn-plot__1.10.00..,artifact,artifact
oewn-plot__1.15.00..,artifact,artifact
oewn-plot__2.31.00..,artifact,artifact
oewn-plotted__5.00.00.premeditated.00,artifact,artifact
oewn-plow__1.06.00..,artifact,external
oewn-plowing__1.04.00..,artifact,artifact
oewn-plug__1.06.00..,background,background
oewn-plug__2.30.00..,background,background
oewn-plug__2.30.02..,background,background
oewn-plug__2.30.03..,background,background
oewn-plug__2.30.04..,background,background
oewn-plug__2.35.01..,background,background
oewn-plugged__3.44.00..,artifact,artifact
oewn-plump__1.11.00..,artifact,background
oewn-plump__2.31.12..,artifact,artifact
oewn-plump__2.34.00..,artifact,artifact
oewn-plunder__1.21.00..,artifact,artifact
oewn-plundering__5.00.00.acquisitive.00,artifact,artifact
oewn-plural__1.10.00..,closed,closed
oewn-plural__3.00.00..,closed,closed
oewn-plural__3.00.01..,closed,closed
oewn-plus__1.07.00..,artifact,artifact
oewn-plutonic__5.00.00.intrusive.03,artifact,artifact
oewn-plywood__1.06.00..,artifact,artifact
oewn-pneumonia__1.26.00..,artifact,artifact
oewn-pocket__1.06.00..,artifact,artifact
oewn-poem__1.10.00..,artifact,artifact
oewn-poet__1.18.00..,artifact,artifact
oewn-poetic__3.01.00..,artifact,artifact
oewn-poetry__1.10.02..,artifact,artifact
oewn-point__1.06.02..,closed,closed
oewn-point__1.07.01..,closed,closed
oewn-point__1.09.00..,closed,closed
oewn-point__1.09.01..,closed,closed
oewn-point__1.10.00..,closed,closed
oewn-point__1.10.03..,closed,closed
oewn-point__1.17.02..,closed,closed
oewn-point__1.24.04..,closed,closed
oewn-point__1.26.00..,closed,closed
oewn-point__2.30.00..,closed,closed
oewn-point__2.32.00..,closed,closed
oewn-point__2.33.10..,closed,closed
oewn-pointed__3.00.00..,closed,closed
oewn-pointed__5.00.00.direct.02,artifact,artifact
oewn-pointer__1.10.00..,artifact,artifact
oewn-poise__1.23.00..,background,background
oewn-poised__5.00.00.balanced.00,background,background
oewn-poison__1.27.00..,closed,closed
oewn-poison__2.35.00..,closed,closed
oewn-poison__2.35.01..,closed,closed
oewn-poison__2.41.00..,closed,closed
oewn-poisoning__1.26.00..,artifact,artifact
oewn-poisonous__5.00.00.toxic.00,background,background
oewn-poker__1.04.00..,artifact,artifact
oewn-poker__1.06.00..,graph_data,graph_data
oewn-pokeweed__1.20.00..,artifact,artifact
oewn-polar__5.00.00.charged.00,artifact,artifact
oewn-polarity__1.24.01..,artifact,artifact
oewn-polarize__2.30.02..,artifact,artifact
oewn-pole__1.06.00..,closed,closed
oewn-police__1.14.00..,artifact,artifact
oewn-police__2.41.00..,artifact,artifact
oewn-policy__1.09.00..,external,external
oewn-policy__1.10.00..,artifact,artifact
oewn-polish__1.07.00..,artifact,artifact
oewn-polished__3.00.00..,artifact,artifact
oewn-polished__5.00.00.processed.00,artifact,artifact
oewn-polishing__1.04.00..,artifact,artifact
oewn-polite__3.00.00..,artifact,artifact
oewn-polite__5.00.00.refined.01,artifact,artifact
oewn-politely__4.02.00..,artifact,artifact
oewn-politeness__1.04.00..,artifact,artifact
oewn-politeness__1.07.00..,artifact,artifact
oewn-political__3.00.00..,background,background
oewn-political__3.01.01..,background,background
oewn-politically__4.02.00..,artifact,artifact
oewn-politically__4.02.01..,artifact,artifact
oewn-politician__1.18.01..,artifact,artifact
oewn-politics__1.04.01..,artifact,artifact
oewn-politics__1.24.00..,graph_data,graph_data
oewn-pollen__1.20.00..,artifact,artifact
oewn-pollucite__1.27.00..,artifact,artifact
oewn-pollution__1.04.00..,artifact,artifact
oewn-polyamide__1.27.00..,artifact,artifact
oewn-polygon__1.25.00..,artifact,artifact
oewn-polyhedron__1.25.00..,artifact,artifact
oewn-polymerase__1.27.00..,artifact,artifact
oewn-polymeric__3.01.00..,artifact,artifact
oewn-polyp__1.05.00..,graph_data,graph_data
oewn-polyvalent__3.00.02..,artifact,artifact
oewn-pommel__1.06.00..,artifact,artifact
oewn-pomp__1.10.00..,artifact,artifact
oewn-pompous__5.00.00.pretentious.00,artifact,artifact
oewn-ponce__1.18.00..,artifact,artifact
oewn-ponce__1.18.01..,artifact,artifact
oewn-ponder__2.31.00..,artifact,artifact
oewn-pons__1.08.00..,artifact,artifact
oewn-pool__1.04.00..,background,background
oewn-pool__1.06.00..,background,background
oewn-poor__1.14.00..,artifact,artifact
oewn-poor__5.00.00.unfortunate.00,artifact,artifact
oewn-poorly__4.02.00..,artifact,artifact
oewn-poorly__5.00.00.ill.01,artifact,artifact
oewn-pope__1.18.00..,closed,closed
oewn-popular__3.00.00..,artifact,artifact
oewn-popular__5.00.00.nonclassical.00,artifact,artifact
oewn-popularly__4.02.00..,closed,closed
oewn-populated__5.00.00.inhabited.00,artifact,artifact
oewn-population__1.09.00..,artifact,artifact
oewn-population__1.14.00..,artifact,artifact
oewn-populous__5.00.00.inhabited.00,artifact,artifact
oewn-porcelain__1.06.00..,artifact,artifact
oewn-porous__5.00.00.permeable.00,artifact,artifact
oewn-porphyrin__1.27.00..,background,background
oewn-port__1.15.00..,closed,closed
oewn-portable__1.06.00..,artifact,artifact
oewn-porterhouse__1.13.00..,background,background
oewn-portion__1.04.00..,artifact,artifact
oewn-portion__1.06.00..,background,background
oewn-portion__1.13.00..,artifact,artifact
oewn-portion__1.24.00..,artifact,artifact
oewn-portion__2.40.00..,artifact,artifact
oewn-portrait__1.10.00..,artifact,artifact
oewn-portray__2.36.01..,artifact,background
oewn-portrayal__1.10.01..,artifact,artifact
oewn-posed__3.44.00..,circular,circular
oewn-posing__1.04.00..,artifact,artifact
oewn-position__1.04.00..,circular,circular
oewn-position__1.04.01..,circular,circular
oewn-position__1.04.02..,circular,circular
oewn-position__1.04.03..,circular,circular
oewn-position__1.04.04..,circular,circular
oewn-position__1.07.00..,circular,circular
oewn-position__1.10.00..,circular,circular
oewn-position__1.10.01..,circular,circular
oewn-position__1.15.00..,circular,circular
oewn-position__1.15.02..,circular,circular
oewn-position__1.26.00..,circular,circular
oewn-position__1.26.02..,circular,circular
oewn-position__2.35.00..,circular,circular
oewn-position__2.38.00..,circular,circular
oewn-positional__3.01.00..,circular,circular
oewn-positioning__1.04.00..,artifact,artifact
oewn-positive__1.10.00..,background,background
oewn-positive__3.00.01..,background,background
oewn-positive__5.00.00.certain.02,background,background
oewn-positively__4.02.00..,artifact,artifact
oewn-possess__2.42.00..,background,background
oewn-possessed__3.01.00..,background,background
oewn-possessed__5.00.00.controlled.00,background,background
oewn-possession__1.03.00..,background,background
oewn-possession__1.04.00..,background,background
oewn-possession__1.04.01..,background,background
oewn-possession__1.07.00..,background,background
oewn-possessive__1.10.00..,artifact,external
oewn-possessor__1.18.00..,closed,closed
oewn-possibility__1.09.00..,artifact,artifact
oewn-possibility__1.09.03..,artifact,artifact
oewn-possibility__1.26.00..,artifact,artifact
oewn-possible__1.09.00..,artifact,background
oewn-possible__3.00.00..,artifact,artifact
oewn-possible__3.00.04..,artifact,artifact
oewn-possibly__4.02.00..,background,background
oewn-post__1.06.00..,artifact,artifact
oewn-post__1.10.02..,artifact,artifact
oewn-post__1.15.00..,artifact,artifact
oewn-post__2.33.00..,background,background
oewn-post__2.35.02..,artifact,artifact
oewn-postage__1.10.00..,artifact,artifact
oewn-postal__3.01.00..,background,background
oewn-posterior__1.08.00..,artifact,circular
oewn-postpone__2.42.00..,artifact,artifact
oewn-postpositive__3.01.00..,artifact,artifact
oewn-postulate__1.10.00..,artifact,artifact
oewn-posture__1.07.00..,artifact,artifact
oewn-potato__1.13.00..,artifact,artifact
oewn-potency__1.07.01..,artifact,background
oewn-potent__5.00.00.influential.00,background,background
oewn-potential__1.19.00..,artifact,artifact
oewn-potential__1.26.00..,artifact,artifact
oewn-potential__3.00.00..,artifact,artifact
oewn-potentially__4.02.00..,artifact,artifact
oewn-potherb__1.13.00..,artifact,artifact
oewn-pottage__1.13.00..,artifact,artifact
oewn-potter__1.18.00..,graph_data,graph_data
oewn-pottery__1.06.00..,graph_data,graph_data
oewn-pouch__1.06.00..,artifact,artifact
oewn-pouch__1.08.00..,graph_data,graph_data
oewn-pound__1.18.00..,artifact,artifact
oewn-pound__1.23.10..,artifact,artifact
oewn-pound__2.35.00..,artifact,artifact
oewn-pounding__1.04.00..,artifact,background
oewn-pounding__1.11.00..,background,background
oewn-pour__2.38.03..,artifact,background
oewn-pouring__5.00.00.running.02,artifact,artifact
oewn-poverty__1.26.00..,artifact,background
oewn-powder__1.27.00..,closed,closed
oewn-powder__1.27.01..,closed,closed
oewn-powder__2.29.00..,closed,closed
oewn-powder__2.30.00..,closed,closed
oewn-powdered__5.00.00.fine.00,closed,closed
oewn-powdery__5.00.00.fine.00,closed,closed
oewn-power__1.07.00..,artifact,background
oewn-power__1.07.02..,artifact,background
oewn-power__1.09.01..,artifact,background
oewn-power__1.10.00..,artifact,background
oewn-power__1.14.00..,artifact,background
oewn-power__1.18.00..,artifact,background
oewn-power__1.19.00..,artifact,background
oewn-power__1.19.01..,artifact,background
oewn-power__1.26.00..,artifact,background
oewn-power__2.34.00..,artifact,background
oewn-powered__3.00.00..,background,background
oewn-powerful__3.00.00..,background,background
oewn-powerful__4.02.00..,background,background
oewn-powerful__5.00.00.superhuman.00,background,background
oewn-powerful__5.00.01.strong.00,background,background
oewn-powerful__5.00.02.strong.00,background,background
oewn-practical__3.00.00..,artifact,artifact
oewn-practical__5.00.01.realistic.00,artifact,artifact
oewn-practical__5.00.02.realistic.00,artifact,artifact
oewn-practically__4.02.00..,artifact,artifact
oewn-practice__1.04.00..,artifact,artifact
oewn-practice__2.31.00..,artifact,artifact
oewn-practice__2.41.00..,artifact,artifact
oewn-practice__2.41.03..,artifact,artifact
oewn-practiced__5.00.00.skilled.00,artifact,artifact
oewn-praise__1.10.00..,artifact,artifact
oewn-praise__2.32.00..,artifact,artifact
oewn-prayer__1.04.00..,background,background
oewn-preach__2.32.02..,artifact,artifact
oewn-preacher__1.18.00..,artifact,artifact
oewn-preaching__1.10.00..,artifact,artifact
oewn-precedent__5.00.00.preceding.00,background,background
oewn-preceding__3.00.00..,background,background
oewn-preceding__5.00.00.outgoing.00,background,background
oewn-precious__4.02.00..,closed,closed
oewn-precious__5.00.00.loved.00,artifact,artifact
oewn-precious__5.00.00.worthy.00,artifact,artifact
oewn-precipitation__1.19.00..,artifact,artifact
oewn-precipitation__1.23.00..,artifact,artifact
oewn-precise__3.00.00..,artifact,artifact
oewn-precise__5.00.00.correct.00,artifact,artifact
oewn-precisely__4.02.00..,artifact,artifact
oewn-preciseness__1.07.01..,artifact,artifact
oewn-precision__1.07.00..,artifact,artifact
oewn-precursor__1.27.00..,artifact,artifact
oewn-predatory__5.00.00.aggressive.00,artifact,artifact
oewn-predatory__5.00.00.offensive.03,artifact,artifact
oewn-predetermined__5.00.00.planned.00,artifact,artifact
oewn-predicament__1.26.00..,artifact,artifact
oewn-predicate__1.10.00..,background,background
oewn-predicate__1.10.01..,artifact,artifact
oewn-predictable__3.00.00..,background,background
oewn-predictably__4.02.00..,external,external
oewn-prediction__1.09.00..,artifact,artifact
oewn-predisposition__1.26.00..,artifact,artifact
oewn-predominance__1.26.00..,artifact,artifact
oewn-predominant__5.00.00.frequent.00,artifact,artifact
oewn-predominantly__4.02.00..,background,background
oewn-prefer__2.37.00..,artifact,artifact
oewn-preference__1.12.00..,background,background
oewn-preferred__5.00.00.desirable.00,artifact,artifact
oewn-preferred__5.00.00.loved.00,artifact,background
oewn-pregnancy__1.26.00..,artifact,artifact
oewn-pregnant__3.00.00..,background,background
oewn-prehensile__3.00.00..,artifact,artifact
oewn-prehistoric__5.00.00.past.00,artifact,artifact
oewn-prejudice__1.09.01..,artifact,artifact
oewn-prejudiced__3.00.00..,artifact,artifact
oewn-prejudiced__5.00.00.subjective.00,closed,closed
oewn-preliminary__1.11.00..,artifact,artifact
oewn-prelude__2.36.00..,closed,closed
oewn-prelude__2.42.00..,closed,closed
oewn-premeditated__3.00.00..,artifact,artifact
oewn-premeditation__1.09.00..,artifact,artifact
oewn-premise__1.10.00..,artifact,artifact
oewn-premises__1.15.00..,artifact,artifact
oewn-preoccupied__5.00.00.thoughtful.00,artifact,artifact
oewn-preparation__1.04.02..,artifact,artifact
oewn-preparation__1.04.03..,artifact,artifact
oewn-prepare__2.30.00..,background,background
oewn-prepare__2.36.01..,background,background
oewn-prepared__3.00.00..,closed,closed
oewn-prepared__5.00.00.willing.00,closed,closed
oewn-preparedness__1.26.00..,artifact,artifact
oewn-prescribed__5.00.00.nonarbitrary.00,background,background
oewn-prescribed__5.00.00.regular.00,background,background
oewn-prescribed__5.00.00.settled.02,background,background
oewn-presence__1.26.00..,background,background
oewn-present__1.28.00..,closed,closed
oewn-present__2.32.04..,closed,closed
oewn-present__2.39.00..,closed,closed
oewn-present__2.40.00..,closed,closed
oewn-present__2.40.01..,closed,closed
oewn-present__3.00.01..,closed,closed
oewn-presentation__1.04.01..,artifact,artifact
oewn-presently__4.02.01..,background,background
oewn-preservation__1.04.00..,artifact,artifact
oewn-preservative__1.27.00..,artifact,artifact
oewn-preserve__1.26.00..,artifact,artifact
oewn-preserve__2.42.00..,artifact,artifact
oewn-preserved__3.00.02..,artifact,artifact
oewn-preserves__1.13.00..,artifact,artifact
oewn-preset__5.00.00.planned.00,artifact,artifact
oewn-president__1.18.01..,artifact,artifact
oewn-press__2.35.00..,background,background
oewn-press__2.35.01..,background,background
oewn-press__2.35.02..,background,background
oewn-press__2.35.03..,background,background
oewn-pressed__5.00.00.ironed.00,artifact,artifact
oewn-pressing__1.04.00..,artifact,artifact
oewn-pressing__1.06.00..,artifact,artifact
oewn-pressure__1.04.00..,closed,closed
oewn-pressure__1.19.00..,closed,closed
oewn-pressure__1.19.01..,closed,closed
oewn-pressure__2.41.00..,closed,closed
oewn-pressure__2.41.01..,closed,closed
oewn-prestige__1.26.00..,artifact,artifact
oewn-pretended__5.00.00.counterfeit.00,external,external
oewn-pretending__1.04.00..,artifact,background
oewn-pretense__1.04.00..,artifact,background
oewn-pretentious__5.00.00.tasteless.02,artifact,artifact
oewn-prevailing__5.00.00.frequent.00,artifact,artifact
oewn-prevent__2.41.01..,external,external
oewn-prevention__1.04.00..,artifact,background
oewn-previous__5.00.00.past.00,background,background
oewn-previous__5.00.00.preceding.00,background,background
oewn-previously__4.02.00..,artifact,artifact
oewn-prey__1.18.00..,artifact,artifact
oewn-price__1.07.00..,artifact,artifact
oewn-price__1.07.02..,artifact,artifact
oewn-price__2.31.00..,artifact,artifact
oewn-price__2.40.00..,artifact,artifact
oewn-prickly__5.00.00.ill-natured.00,artifact,artifact
oewn-pride__1.12.00..,artifact,artifact
oewn-pride__2.37.00..,artifact,artifact
oewn-priest__1.18.00..,artifact,artifact
oewn-priestess__1.18.00..,artifact,artifact
oewn-priesthood__1.14.00..,artifact,artifact
oewn-priestly__3.01.00..,artifact,artifact
oewn-primacy__1.26.00..,background,background
oewn-primarily__4.02.01..,artifact,artifact
oewn-primary__1.04.00..,artifact,artifact
oewn-primary__5.00.00.underived.00,artifact,artifact
oewn-primate__1.18.00..,artifact,artifact
oewn-primitive__1.10.00..,artifact,artifact
oewn-primitive__1.18.00..,artifact,artifact
oewn-primordial__5.00.00.early.00,artifact,artifact
oewn-prince__1.18.00..,graph_data,graph_data
oewn-princess__1.18.00..,graph_data,graph_data
oewn-principal__1.18.03..,artifact,artifact
oewn-principal__1.21.01..,artifact,artifact
oewn-principal__5.00.00.important.00,artifact,artifact
oewn-principally__4.02.00..,artifact,background
oewn-principle__1.09.01..,artifact,artifact
oewn-principle__1.09.02..,artifact,artifact
oewn-principle__1.09.03..,artifact,artifact
oewn-principle__1.09.04..,artifact,artifact
oewn-print__1.06.00..,closed,closed
oewn-print__1.06.02..,closed,closed
oewn-print__1.10.00..,closed,closed
oewn-print__1.10.02..,closed,closed
oewn-print__2.36.02..,closed,closed
oewn-print__2.36.03..,closed,closed
oewn-printer__1.18.00..,artifact,artifact
oewn-printing__1.10.00..,artifact,artifact
oewn-printing__1.10.01..,artifact,artifact
oewn-printing__1.10.02..,artifact,background
oewn-printmaking__1.04.00..,artifact,artifact
oewn-prior__1.18.00..,background,background
oewn-prior__5.00.00.antecedent.00,background,background
oewn-prism__1.25.00..,artifact,artifact
oewn-prisoner__1.18.00..,background,background
oewn-privacy__1.07.00..,artifact,artifact
oewn-private__1.18.00..,artifact,artifact
oewn-private__3.00.00..,artifact,artifact
oewn-private__5.00.00.personal.00,external,external
oewn-private__5.00.02.personal.00,artifact,artifact
oewn-privately__4.02.00..,artifact,artifact
oewn-privet__1.20.00..,artifact,artifact
oewn-privilege__1.07.02..,artifact,artifact
oewn-privileged__3.00.00..,artifact,artifact
oewn-prize__1.21.00..,artifact,artifact
oewn-probability__1.07.00..,artifact,artifact
oewn-probability__1.07.01..,artifact,artifact
oewn-probable__1.18.00..,artifact,artifact
oewn-probable__3.00.00..,artifact,artifact
oewn-probably__4.02.00..,background,background
oewn-probate__1.10.00..,artifact,artifact
oewn-probity__1.07.00..,artifact,artifact
oewn-problem__1.10.00..,circular,circular
oewn-problem__1.26.00..,artifact,artifact
oewn-proboscis__1.05.00..,artifact,artifact
oewn-procedure__1.04.00..,background,background
oewn-procedure__1.10.00..,artifact,background
oewn-proceed__2.38.00..,external,external
oewn-proceed__2.42.00..,artifact,artifact
oewn-proceeding__1.04.00..,artifact,background
oewn-proceedings__1.04.00..,artifact,background
oewn-proceeds__1.21.00..,artifact,artifact
oewn-processed__3.00.00..,artifact,artifact
oewn-processed__3.00.02..,artifact,artifact
oewn-processed__5.00.00.prepared.00,artifact,artifact
oewn-processing__1.22.00..,artifact,artifact
oewn-procession__1.04.00..,artifact,artifact
oewn-procession__1.11.00..,artifact,artifact
oewn-proclaim__2.32.02..,artifact,artifact
oewn-proclaimed__5.00.01.declared.00,artifact,artifact
oewn-proclamation__1.10.00..,artifact,artifact
oewn-procumbent__5.00.00.unerect.00,artifact,artifact
oewn-produce__1.13.00..,artifact,artifact
oewn-produce__2.36.00..,artifact,artifact
oewn-produce__2.36.02..,artifact,artifact
oewn-produce__2.36.03..,artifact,artifact
oewn-producer__1.18.01..,closed,closed
oewn-product__1.06.01..,closed,closed
oewn-product__1.09.00..,closed,closed
oewn-product__1.14.00..,closed,closed
oewn-product__1.27.00..,closed,closed
oewn-production__1.04.00..,artifact,background
oewn-production__1.04.02..,artifact,artifact
oewn-production__1.04.03..,artifact,artifact
oewn-production__1.10.00..,artifact,artifact
oewn-productive__3.00.00..,background,background
oewn-productive__3.00.04..,artifact,artifact
oewn-productive__5.00.00.successful.00,artifact,artifact
oewn-productively__4.02.00..,external,external
oewn-productivity__1.07.00..,artifact,artifact
oewn-profane__2.41.01..,artifact,artifact
oewn-profess__2.32.00..,artifact,artifact
oewn-professing__1.10.00..,artifact,artifact
oewn-profession__1.10.00..,artifact,artifact
oewn-profession__1.10.01..,artifact,artifact
oewn-profession__1.14.00..,artifact,artifact
oewn-professional__1.18.00..,artifact,artifact
oewn-professional__3.00.01..,artifact,artifact
oewn-professionally__4.02.00..,artifact,artifact
oewn-professor__1.18.00..,background,background
oewn-proffer__2.40.00..,artifact,artifact
oewn-proficiency__1.07.00..,artifact,artifact
oewn-profile__1.10.01..,artifact,artifact
oewn-profit__1.21.00..,background,background
oewn-profit__2.40.02..,background,background
oewn-profitable__3.00.00..,artifact,artifact
oewn-profits__1.21.01..,background,background
oewn-profound__3.00.00..,artifact,artifact
oewn-profound__5.00.00.intense.00,artifact,artifact
oewn-profuse__5.00.00.abundant.00,artifact,artifact
oewn-profusely__4.02.00..,background,background
oewn-progenitor__1.18.00..,artifact,artifact
oewn-progesterone__1.27.00..,artifact,artifact
oewn-program__1.09.00..,artifact,artifact
oewn-program__1.10.01..,artifact,artifact
oewn-program__1.10.02..,artifact,artifact
oewn-program__1.10.05..,artifact,artifact
oewn-program__2.36.00..,artifact,artifact
oewn-programming__1.04.00..,artifact,external
oewn-progress__1.04.00..,background,background
oewn-progress__1.04.01..,background,background
oewn-progress__2.30.00..,background,background
oewn-progress__2.38.00..,background,background
oewn-progression__1.04.00..,artifact,circular
oewn-progression__1.14.00..,artifact,artifact
oewn-progressive__1.24.00..,background,background
oewn-progressive__3.00.01..,background,background
oewn-prohibited__5.00.00.illegal.00,artifact,artifact
oewn-prohibited__5.00.00.impermissible.00,artifact,artifact
oewn-prohibition__1.10.02..,artifact,artifact
oewn-proinflammatory__5.00.00.unhealthy.00,artifact,artifact
oewn-project__1.04.00..,closed,closed
oewn-project__2.32.00..,closed,closed
oewn-project__2.36.01..,closed,closed
oewn-project__2.39.01..,closed,closed
oewn-project__2.42.00..,closed,closed
oewn-projected__5.00.00.protrusive.00,background,background
oewn-projectile__1.06.00..,background,background
oewn-projecting__5.00.00.protrusive.00,artifact,artifact
oewn-projection__1.09.01..,artifact,artifact
oewn-projection__1.22.00..,artifact,artifact
oewn-projector__1.06.00..,artifact,artifact
oewn-projector__1.06.01..,artifact,artifact
oewn-proliferation__1.22.00..,artifact,artifact
oewn-prolific__5.00.00.productive.00,artifact,artifact
oewn-prolongation__1.04.00..,artifact,background
oewn-prolonged__5.00.00.long.02,background,background
oewn-prominence__1.07.00..,artifact,artifact
oewn-prominence__1.26.00..,artifact,artifact
oewn-prominent__5.00.00.conspicuous.00,artifact,artifact
oewn-prominent__5.00.02.conspicuous.00,artifact,artifact
oewn-promise__1.09.00..,artifact,artifact
oewn-promise__1.10.00..,artifact,artifact
oewn-promise__2.32.00..,artifact,artifact
oewn-promise__2.32.02..,artifact,artifact
oewn-promontory__1.17.00..,artifact,artifact
oewn-promote__2.33.00..,artifact,artifact
oewn-promote__2.41.01..,artifact,artifact
oewn-promotion__1.04.00..,artifact,circular
oewn-promotion__1.10.00..,background,background
oewn-prompt__1.10.00..,artifact,artifact
oewn-promptly__4.02.02..,artifact,artifact
oewn-prone__5.00.00.inclined.02,artifact,artifact
oewn-pronged__5.00.00.divided.00,artifact,artifact
oewn-pronoun__1.10.00..,artifact,artifact
oewn-pronounce__2.32.00..,background,background
oewn-pronounce__2.32.01..,background,background
oewn-pronounced__5.00.00.noticeable.00,artifact,artifact
oewn-pronunciation__1.10.00..,artifact,background
oewn-proof__1.09.00..,artifact,artifact
oewn-proof__1.10.00..,artifact,artifact
oewn-proof__2.30.00..,artifact,artifact
oewn-proof__2.36.00..,artifact,artifact
oewn-proof__5.00.00.impervious.00,artifact,artifact
oewn-prop__1.06.00..,artifact,artifact
oewn-propagate__2.40.00..,artifact,artifact
oewn-propagation__1.19.00..,artifact,artifact
oewn-propel__2.35.00..,artifact,artifact
oewn-propellant__1.27.00..,artifact,artifact
oewn-propeller__1.06.00..,artifact,artifact
oewn-propelling__5.00.00.dynamic.00,artifact,artifact
oewn-proper__3.00.00..,background,background
oewn-proper__5.00.00.appropriate.00,background,background
oewn-proper__5.00.00.real.02,background,background
oewn-properly__4.02.00..,artifact,artifact
oewn-property__1.07.00..,background,background
oewn-property__1.09.00..,background,background
oewn-property__1.15.00..,background,background
oewn-property__1.21.00..,background,background
oewn-prophecy__1.09.00..,artifact,artifact
oewn-prophet__1.18.00..,background,background
oewn-prophet__1.18.01..,artifact,artifact
oewn-prophetic__3.00.00..,artifact,artifact
oewn-proportion__1.07.01..,artifact,artifact
oewn-proportion__1.24.00..,artifact,external
oewn-proportional__1.09.00..,artifact,artifact
oewn-proposal__1.10.00..,background,background
oewn-proposal__1.10.01..,background,background
oewn-propose__2.31.01..,artifact,artifact
oewn-propose__2.32.00..,artifact,artifact
oewn-propose__2.41.00..,artifact,artifact
oewn-proposition__1.10.00..,artifact,artifact
oewn-proposition__2.32.00..,artifact,artifact
oewn-propriety__1.07.00..,artifact,artifact
oewn-proprioception__1.09.00..,artifact,artifact
oewn-proprioceptive__3.01.00..,artifact,artifact
oewn-propulsion__1.19.00..,artifact,artifact
oewn-prose__1.10.00..,artifact,artifact
oewn-prosecution__1.04.00..,artifact,artifact
oewn-prosody__1.09.00..,artifact,artifact
oewn-prosody__1.10.00..,artifact,artifact
oewn-prosody__1.10.01..,artifact,artifact
oewn-prospect__1.26.00..,artifact,artifact
oewn-prosperity__1.26.02..,artifact,artifact
oewn-prosperous__5.00.00.rich.00,artifact,artifact
oewn-prostitution__1.04.00..,artifact,artifact
oewn-protect__2.33.00..,background,background
oewn-protected__3.00.00..,artifact,artifact
oewn-protected__5.00.00.preserved.01,artifact,artifact
oewn-protecting__5.00.00.protective.00,background,background
oewn-protection__1.04.00..,artifact,artifact
oewn-protection__1.06.00..,background,background
oewn-protective__3.00.00..,artifact,artifact
oewn-protective__5.00.00.tender.03,artifact,artifact
oewn-protest__1.10.00..,background,background
oewn-protest__1.10.01..,background,background
oewn-protest__2.41.00..,background,background
oewn-protestant__1.14.00..,artifact,artifact
oewn-protestant__1.18.00..,artifact,artifact
oewn-protocol__1.10.01..,artifact,artifact
oewn-proton__1.17.00..,artifact,artifact
oewn-protoplasm__1.08.00..,artifact,artifact
oewn-protozoan__1.05.00..,artifact,artifact
oewn-protrude__2.30.00..,artifact,artifact
oewn-protrude__2.42.00..,closed,closed
oewn-protruding__5.00.00.protrusive.00,background,background
oewn-protuberance__1.25.00..,artifact,artifact
oewn-protuberant__5.00.00.protrusive.00,artifact,background
oewn-proud__3.00.00..,artifact,artifact
oewn-proudly__4.02.00..,artifact,artifact
oewn-prove__2.42.00..,background,background
oewn-proved__3.00.00..,artifact,artifact
oewn-provide__2.34.00..,artifact,artifact
oewn-provide__2.40.00..,artifact,artifact
oewn-provide__2.40.08..,artifact,artifact
oewn-provide__2.42.00..,artifact,artifact
oewn-province__1.15.00..,artifact,artifact
oewn-provincial__1.18.01..,artifact,artifact
oewn-provirus__1.27.00..,background,background
oewn-provision__1.10.00..,background,background
oewn-provision__2.40.00..,artifact,artifact
oewn-provisions__1.13.00..,external,external
oewn-provocative__5.00.00.sexy.00,artifact,artifact
oewn-provoke__2.36.00..,artifact,artifact
oewn-provoke__2.37.00..,background,background
oewn-provoked__5.00.00.angry.00,artifact,artifact
oewn-provoking__5.00.00.provocative.00,artifact,artifact
oewn-prowess__1.09.00..,artifact,artifact
oewn-proximal__3.00.00..,artifact,artifact
oewn-proximity__1.07.00..,circular,circular
oewn-proximity__1.15.00..,artifact,artifact
oewn-prudence__1.07.00..,artifact,artifact
oewn-prudent__3.00.00..,artifact,artifact
oewn-pruning__1.17.00..,background,background
oewn-psalm__2.36.00..,artifact,artifact
oewn-psalms__1.10.00..,artifact,background
oewn-pseudoscience__1.09.00..,artifact,artifact
oewn-psychiatric__3.01.00..,artifact,artifact
oewn-psychic__1.18.00..,artifact,artifact
oewn-psychoanalysis__1.04.00..,artifact,artifact
oewn-psychologically__4.02.01..,artifact,background
oewn-psychology__1.09.00..,artifact,background
oewn-psychopath__1.18.00..,background,background
oewn-psychosis__1.26.00..,artifact,artifact
oewn-psychotic__1.18.00..,artifact,artifact
oewn-psychrometer__1.06.00..,background,background
oewn-pterion__1.08.00..,background,background
oewn-ptomaine__1.27.00..,background,background
oewn-puberty__1.28.00..,artifact,artifact
oewn-pubis__1.08.00..,artifact,artifact
oewn-public__1.14.00..,background,background
oewn-public__1.14.01..,background,background
oewn-public__3.00.00..,background,background
oewn-public__5.00.00.common.02,background,background
oewn-publication__1.10.00..,background,background
oewn-publicize__2.32.00..,background,background
oewn-publicly__4.02.00..,artifact,artifact
oewn-published__3.00.00..,artifact,artifact
oewn-puck__1.06.00..,artifact,artifact
oewn-pucker__2.35.00..,artifact,artifact
oewn-puffball__1.20.00..,artifact,artifact
oewn-puffed__5.00.00.fancy.00,artifact,artifact
oewn-pull__1.04.00..,artifact,artifact
oewn-pull__2.35.00..,background,background
oewn-pulling__1.04.00..,background,background
oewn-pulmonary__3.01.00..,background,background
oewn-pulp__1.08.00..,closed,closed
oewn-pulp__1.17.00..,closed,closed
oewn-pulp__1.27.00..,closed,closed
oewn-pulp__2.30.00..,closed,closed
oewn-pulp__2.35.01..,closed,closed
oewn-pulpit__1.06.00..,artifact,artifact
oewn-pulpy__5.00.00.nonwoody.00,artifact,artifact
oewn-pulque__1.13.00..,graph_data,graph_data
oewn-pulsate__2.38.00..,artifact,artifact
oewn-pulse__1.11.01..,artifact,artifact
oewn-pulse__1.13.00..,artifact,artifact
oewn-pulverized__5.00.00.fine.00,closed,closed
oewn-pump__1.06.00..,artifact,artifact
oewn-pumped__5.00.00.tense.03,artifact,artifact
oewn-pumpkin__1.13.00..,background,background
oewn-pumpkin__1.20.00..,background,background
oewn-pumpkinseed__1.05.00..,background,background
oewn-pungency__1.10.00..,artifact,artifact
oewn-pungent__5.00.00.tasty.00,artifact,artifact
oewn-punishable__5.00.00.illegal.00,artifact,artifact
oewn-punished__3.00.00..,artifact,artifact
oewn-punishing__3.44.00..,closed,closed
oewn-punishment__1.04.00..,closed,closed
oewn-punk__1.27.01..,artifact,artifact
oewn-punt__1.04.00..,artifact,artifact
oewn-pupil__1.08.00..,artifact,artifact
oewn-purchase__1.04.00..,artifact,artifact
oewn-purchase__1.19.01..,background,background
oewn-purchase__2.40.00..,artifact,artifact
oewn-purchaser__1.18.00..,closed,closed
oewn-pure__3.00.02..,artifact,artifact
oewn-pure__3.00.04..,artifact,artifact
oewn-purebred__1.05.00..,artifact,artifact
oewn-puree__1.13.00..,artifact,artifact
oewn-purely__4.02.00..,artifact,artifact
oewn-purgative__1.06.00..,artifact,artifact
oewn-purgatory__1.26.00..,artifact,artifact
oewn-purge__1.04.01..,artifact,artifact
oewn-purging__1.04.00..,artifact,artifact
oewn-purify__2.30.00..,artifact,artifact
oewn-purifying__3.01.00..,artifact,artifact
oewn-purine__1.27.00..,artifact,artifact
oewn-purity__1.26.00..,artifact,artifact
oewn-purple__1.07.00..,closed,closed
oewn-purple__2.30.00..,closed,closed
oewn-purple__2.30.01..,closed,closed
oewn-purple__5.00.00.chromatic.00,closed,closed
oewn-purplish__5.00.00.chromatic.00,artifact,artifact
oewn-purport__1.10.00..,background,background
oewn-purpose__1.07.01..,artifact,artifact
oewn-purpose__1.09.00..,artifact,artifact
oewn-purpose__2.31.01..,artifact,artifact
oewn-purposeful__3.00.00..,artifact,artifact
oewn-purposefully__4.02.00..,artifact,artifact
oewn-purse__1.06.00..,background,background
oewn-pursue__2.38.00..,artifact,background
oewn-pursue__2.41.00..,artifact,artifact
oewn-pursued__1.18.00..,closed,closed
oewn-pursuing__5.00.00.following.00,artifact,artifact
oewn-pursuit__1.04.00..,background,background
oewn-push__1.04.00..,artifact,artifact
oewn-push__2.38.00..,artifact,artifact
oewn-pushing__1.04.00..,artifact,artifact
oewn-putamen__1.08.00..,artifact,background
oewn-putout__1.04.00..,artifact,artifact
oewn-putrefaction__1.22.00..,artifact,artifact
oewn-putrefaction__1.26.00..,artifact,artifact
oewn-putrefactive__5.00.00.septic.00,artifact,artifact
oewn-putter__1.06.00..,artifact,artifact
oewn-putting__1.04.00..,artifact,artifact
oewn-pyinma__1.20.00..,background,background
oewn-pyjama__1.06.02..,artifact,artifact
oewn-pyramid__1.06.00..,graph_data,graph_data
oewn-pyrite__1.27.00..,artifact,artifact
oewn-pyrocellulose__1.27.00..,background,background
oewn-pythagorean__3.01.00..,artifact,artifact
oewn-quadrilateral__1.25.00..,artifact,artifact
oewn-quadruped__1.05.00..,artifact,artifact
oewn-qualification__1.07.00..,artifact,artifact
oewn-qualified__3.00.01..,background,background
oewn-qualified__5.00.00.modified.00,background,background
oewn-qualified__5.00.00.registered.00,background,background
oewn-qualitative__3.00.00..,background,background
oewn-quality__1.07.00..,artifact,artifact
oewn-quality__1.07.01..,artifact,artifact
oewn-quality__1.07.02..,artifact,artifact
oewn-quality__1.09.00..,artifact,artifact
oewn-quality__1.26.00..,artifact,artifact
oewn-quality__5.00.00.superior.02,artifact,artifact
oewn-quantify__2.30.01..,background,background
oewn-quantitative__3.00.00..,artifact,artifact
oewn-quantity__1.03.00..,artifact,artifact
oewn-quantity__1.07.00..,artifact,artifact
oewn-quantity__1.09.01..,artifact,artifact
oewn-quantum__1.09.00..,artifact,artifact
oewn-quarrel__1.06.00..,artifact,artifact
oewn-quarry__1.18.00..,artifact,artifact
oewn-quarter__1.23.02..,background,background
oewn-quarter__1.23.04..,background,background
oewn-quarters__1.06.00..,artifact,artifact
oewn-quartz__1.27.00..,background,background
oewn-quartz__1.27.01..,background,background
oewn-quechua__1.18.00..,artifact,artifact
oewn-queen__1.05.01..,closed,closed
oewn-queen__1.06.01..,closed,closed
oewn-queen__1.18.00..,closed,closed
oewn-queen__1.18.01..,closed,closed
oewn-queen__2.38.00..,closed,closed
oewn-queen__2.41.00..,closed,closed
oewn-quest__1.09.00..,artifact,artifact
oewn-question__1.10.00..,background,background
oewn-question__1.10.01..,background,background
oewn-question__1.10.02..,background,background
oewn-question__1.10.03..,background,background
oewn-question__2.32.01..,background,background
oewn-questionable__3.00.00..,artifact,artifact
oewn-questioning__1.10.00..,artifact,artifact
oewn-quick__1.08.00..,artifact,artifact
oewn-quick__5.00.00.fast.01,artifact,artifact
oewn-quickening__1.22.00..,artifact,artifact
oewn-quickly__4.02.00..,background,background
oewn-quickly__4.02.03..,artifact,artifact
oewn-quiet__2.37.00..,closed,closed
oewn-quiet__2.39.00..,closed,closed
oewn-quiet__3.00.02..,closed,closed
oewn-quiet__4.02.00..,closed,closed
oewn-quiet__5.00.00.unostentatious.00,closed,closed
oewn-quietly__4.02.00..,artifact,artifact
oewn-quietly__4.02.01..,artifact,background
oewn-quietly__4.02.02..,artifact,artifact
oewn-quill__1.05.01..,background,background
oewn-quinidine__1.06.00..,artifact,artifact
oewn-quite__4.02.02..,background,background
oewn-quiver__2.38.04..,artifact,artifact
oewn-quotient__1.24.00..,background,background
oewn-rabid__3.01.00..,background,background
oewn-race__1.11.01..,artifact,artifact
oewn-race__2.38.00..,artifact,artifact
oewn-race__2.38.10..,artifact,artifact
oewn-race__2.41.03..,artifact,artifact
oewn-raceme__1.20.00..,artifact,artifact
oewn-racemose__5.00.00.indeterminate.02,artifact,artifact
oewn-racetrack__1.06.00..,artifact,background
oewn-racial__3.01.00..,artifact,artifact
oewn-racially__4.02.00..,artifact,artifact
oewn-racing__1.04.00..,artifact,artifact
oewn-racist__1.18.00..,artifact,artifact
oewn-rack__1.06.02..,artifact,artifact
oewn-racket__1.06.00..,artifact,artifact
oewn-racket__2.41.00..,artifact,artifact
oewn-radar__1.06.00..,artifact,artifact
oewn-radial__1.06.00..,graph_data,graph_data
oewn-radiant__5.00.00.bright.00,artifact,artifact
oewn-radiating__5.00.00.divergent.00,artifact,artifact
oewn-radiation__1.04.01..,artifact,artifact
oewn-radiation__1.11.00..,artifact,artifact
oewn-radiation__1.19.00..,artifact,artifact
oewn-radiation__1.22.00..,artifact,artifact
oewn-radical__1.27.00..,artifact,artifact
oewn-radical__1.27.02..,artifact,artifact
oewn-radically__4.02.00..,artifact,artifact
oewn-radio__1.06.00..,closed,closed
oewn-radio__1.06.01..,closed,closed
oewn-radio__1.10.00..,closed,closed
oewn-radio__2.32.00..,closed,closed
oewn-radioactive__3.00.00..,artifact,artifact
oewn-radioactivity__1.22.00..,artifact,artifact
oewn-radiobiologist__1.18.00..,artifact,artifact
oewn-radiotelephone__1.10.00..,artifact,external
oewn-radius__1.08.00..,artifact,artifact
oewn-raft__2.38.00..,closed,closed
oewn-raft__2.38.01..,closed,closed
oewn-rage__1.12.00..,background,background
oewn-rage__2.42.01..,artifact,artifact
oewn-ragweed__1.20.01..,graph_data,graph_data
oewn-raiding__5.00.00.offensive.03,artifact,artifact
oewn-rail__2.32.00..,artifact,artifact
oewn-rail__2.38.00..,artifact,artifact
oewn-railcar__1.06.00..,artifact,artifact
oewn-railing__1.06.00..,artifact,artifact
oewn-railroad__1.06.00..,background,background
oewn-rails__1.06.00..,background,background
oewn-railway__1.06.00..,background,background
oewn-railway__1.06.01..,background,background
oewn-rain__1.19.00..,artifact,artifact
oewn-rainfall__1.19.00..,artifact,artifact
oewn-rainwater__1.27.00..,artifact,artifact
oewn-raise__1.07.00..,background,background
oewn-raise__2.30.01..,background,background
oewn-raise__2.31.00..,artifact,artifact
oewn-raise__2.32.00..,artifact,artifact
oewn-raise__2.36.01..,artifact,artifact
oewn-raise__2.38.00..,artifact,artifact
oewn-raise__2.41.04..,artifact,artifact
oewn-raised__3.00.00..,circular,circular
oewn-raised__5.00.00.increased.00,background,background
oewn-raised__5.00.01.adorned.00,artifact,artifact
oewn-raising__1.11.00..,circular,circular
oewn-rake__2.35.01..,closed,closed
oewn-rake__2.38.00..,closed,closed
oewn-random__3.00.00..,artifact,artifact
oewn-range__1.07.00..,closed,closed
oewn-range__1.14.00..,closed,closed
oewn-range__1.14.01..,closed,closed
oewn-range__1.17.00..,closed,closed
oewn-range__2.42.00..,closed,closed
oewn-range__2.42.01..,closed,closed
oewn-range__2.42.03..,closed,closed
oewn-ranging__3.44.00..,artifact,artifact
oewn-rank__1.14.00..,background,background
oewn-rank__1.14.01..,background,background
oewn-rank__1.26.01..,background,background
oewn-rank__2.31.00..,background,background
oewn-rank__2.31.13..,background,background
oewn-rank__5.00.00.fertile.00,background,background
oewn-ranking__1.26.00..,artifact,artifact
oewn-ranking__5.00.00.senior.00,artifact,artifact
oewn-rapid__1.17.00..,background,background
oewn-rapidly__4.02.00..,background,background
oewn-rapture__1.26.00..,artifact,external
oewn-rapturous__5.00.00.joyous.00,artifact,artifact
oewn-rare__5.00.00.extraordinary.00,artifact,artifact
oewn-rare__5.00.00.uncommon.00,artifact,artifact
oewn-rarified__5.00.00.thin.02,artifact,artifact
oewn-rash__1.26.00..,artifact,artifact
oewn-ratchet__1.06.00..,artifact,artifact
oewn-rate__1.07.00..,artifact,artifact
oewn-rate__1.28.00..,artifact,artifact
oewn-rate__2.31.00..,artifact,artifact
oewn-rather__4.02.01..,background,background
oewn-rather__4.02.02..,background,background
oewn-rating__1.26.02..,artifact,artifact
oewn-ratio__1.24.01..,artifact,external
oewn-rational__1.23.00..,artifact,artifact
oewn-rattan__1.20.01..,artifact,artifact
oewn-rattling__1.11.00..,artifact,artifact
oewn-ravine__1.17.00..,artifact,artifact
oewn-razor__1.06.00..,background,background
oewn-razor__2.29.00..,background,background
oewn-reach__1.15.00..,closed,closed
oewn-reach__2.38.00..,closed,closed
oewn-reach__2.38.01..,closed,closed
oewn-reach__2.41.00..,closed,closed
oewn-reaching__1.04.00..,artifact,artifact
oewn-reaching__1.04.01..,artifact,artifact
oewn-react__2.31.00..,artifact,artifact
oewn-reactance__1.19.00..,artifact,artifact
oewn-reaction__1.04.00..,artifact,artifact
oewn-reaction__1.19.00..,artifact,artifact
oewn-reaction__1.22.00..,artifact,artifact
oewn-reactive__3.00.00..,artifact,artifact
oewn-reactive__5.00.00.sensitive.01,artifact,artifact
oewn-reactivity__1.09.00..,artifact,external
oewn-reactor__1.06.01..,artifact,artifact
oewn-read__1.10.00..,closed,closed
oewn-read__2.31.00..,external,external
oewn-read__2.31.04..,artifact,artifact
oewn-readily__4.02.00..,background,background
oewn-readiness__1.26.00..,artifact,artifact
oewn-reading__1.04.02..,artifact,artifact
oewn-reading__1.09.00..,artifact,artifact
oewn-ready__1.26.00..,background,background
oewn-ready__2.30.00..,artifact,artifact
oewn-ready__2.36.00..,artifact,artifact
oewn-ready__3.00.00..,artifact,artifact
oewn-ready__5.00.01.available.00,artifact,artifact
oewn-real__1.23.00..,background,background
oewn-real__3.00.00..,background,background
oewn-realgar__1.27.00..,artifact,artifact
oewn-realistic__3.00.00..,artifact,artifact
oewn-reality__1.09.00..,artifact,artifact
oewn-reality__1.26.02..,artifact,artifact
oewn-realization__1.09.00..,artifact,artifact
oewn-realize__2.31.01..,artifact,artifact
oewn-realized__5.00.00.complete.00,artifact,artifact
oewn-really__4.02.03..,artifact,artifact
oewn-realm__1.26.01..,artifact,artifact
oewn-reappearance__1.11.00..,background,background
oewn-rear__1.08.00..,artifact,circular
oewn-rear__1.14.00..,artifact,artifact
oewn-rear__1.15.00..,artifact,artifact
oewn-rear__5.00.00.back.00,circular,circular
oewn-reason__1.09.00..,background,background
oewn-reason__1.09.01..,background,background
oewn-reason__1.16.00..,background,background
oewn-reason__1.26.00..,background,background
oewn-reason__2.31.01..,background,background
oewn-reasonable__3.00.00..,background,background
oewn-reasonable__5.00.00.moderate.00,background,background
oewn-reasonableness__1.26.00..,artifact,artifact
oewn-reasoning__1.09.00..,artifact,artifact
oewn-reassurance__1.04.00..,artifact,background
oewn-reassuring__3.00.00..,background,background
oewn-rebellion__1.04.01..,artifact,artifact
oewn-rebirth__1.04.00..,artifact,artifact
oewn-rebirth__1.19.00..,artifact,artifact
oewn-rebuke__1.10.00..,artifact,artifact
oewn-rebuke__2.32.00..,artifact,artifact
oewn-recall__1.10.02..,artifact,artifact
oewn-recall__2.31.00..,artifact,artifact
oewn-recall__2.32.00..,artifact,artifact
oewn-recapitulation__1.10.01..,artifact,artifact
oewn-recast__2.36.00..,closed,closed
oewn-receive__2.34.00..,background,background
oewn-receive__2.39.03..,artifact,artifact
oewn-receive__2.40.00..,background,background
oewn-receive__2.41.00..,closed,closed
oewn-received__3.00.04..,background,background
oewn-received__5.00.00.conventional.00,background,background
oewn-receiver__1.06.00..,artifact,artifact
oewn-recent__1.28.00..,artifact,artifact
oewn-recent__5.00.00.past.00,artifact,artifact
oewn-recently__4.02.00..,artifact,artifact
oewn-receptacle__1.06.00..,background,background
oewn-reception__1.10.01..,closed,closed
oewn-recess__1.25.00..,closed,closed
oewn-recess__1.26.00..,closed,closed
oewn-recess__2.35.00..,closed,closed
oewn-recess__2.35.01..,closed,closed
oewn-recessive__1.08.00..,graph_data,graph_data
oewn-recipient__1.10.00..,artifact,artifact
oewn-recipient__1.18.00..,closed,closed
oewn-reciprocal__1.24.00..,artifact,artifact
oewn-reciprocal__1.24.01..,artifact,artifact
oewn-reciprocally__4.02.02..,artifact,artifact
oewn-reciprocation__1.04.00..,artifact,background
oewn-recite__2.32.00..,artifact,artifact
oewn-recite__2.32.02..,artifact,artifact
oewn-reckless__5.00.00.bold.00,artifact,artifact
oewn-reckoning__1.09.00..,artifact,artifact
oewn-reclining__1.04.00..,artifact,circular
oewn-recognition__1.26.00..,artifact,artifact
oewn-recognizable__5.00.00.perceptible.00,external,external
oewn-recognize__2.31.02..,artifact,artifact
oewn-recognized__5.00.00.acknowledged.00,background,background
oewn-recollect__2.31.00..,artifact,artifact
oewn-recollection__1.09.00..,artifact,artifact
oewn-recompense__1.21.00..,artifact,artifact
oewn-recompense__2.40.01..,artifact,artifact
oewn-reconcile__2.30.01..,artifact,artifact
oewn-reconciling__5.00.00.adaptive.00,artifact,artifact
oewn-reconnaissance__1.04.01..,artifact,artifact
oewn-reconnoitring__1.04.00..,artifact,artifact
oewn-reconsideration__1.10.00..,artifact,artifact
oewn-record__1.10.03..,closed,closed
oewn-record__1.21.00..,closed,closed
oewn-record__2.32.00..,closed,closed
oewn-record__2.32.01..,closed,closed
oewn-recorded__3.00.00..,artifact,artifact
oewn-recorded__5.00.00.registered.00,artifact,artifact
oewn-recorder__1.06.00..,artifact,artifact
oewn-recorder__1.06.01..,artifact,background
oewn-recording__1.04.00..,artifact,artifact
oewn-recording__1.06.00..,artifact,artifact
oewn-recover__2.35.00..,artifact,external
oewn-recover__2.40.00..,background,background
oewn-recovered__5.00.00.found.00,background,background
oewn-recovered__5.00.00.well.01,artifact,artifact
oewn-recovering__5.00.00.ill.01,artifact,artifact
oewn-recovery__1.04.00..,artifact,artifact
oewn-recreate__2.31.01..,artifact,artifact
oewn-recreational__3.01.00..,artifact,artifact
oewn-rectangle__1.25.00..,artifact,artifact
oewn-rectangular__5.00.00.angular.00,background,background
oewn-rectangular__5.00.00.perpendicular.00,artifact,artifact
oewn-rectangularity__1.07.00..,artifact,artifact
oewn-rectify__2.30.00..,artifact,artifact
oewn-rectify__2.32.02..,background,background
oewn-rectum__1.08.00..,background,background
oewn-recuperation__1.22.00..,artifact,artifact
oewn-recur__2.30.00..,closed,closed
oewn-recurrent__5.00.00.continual.00,external,external
oewn-recurring__5.00.00.continual.00,external,external
oewn-recursive__5.00.00.algorithmic.00,background,background
oewn-recurved__5.00.00.curved.00,artifact,artifact
oewn-reddened__5.00.00.colored.00,artifact,artifact
oewn-reddened__5.00.00.light.06,artifact,artifact
oewn-reddish__5.00.00.chromatic.00,background,background
oewn-redemption__1.04.01..,artifact,artifact
oewn-redness__1.07.00..,artifact,artifact
oewn-redness__1.26.00..,artifact,artifact
oewn-reduce__2.30.00..,external,external
oewn-reduced__3.00.04..,background,background
oewn-reduced__5.00.00.low.02,artifact,artifact
oewn-reducible__3.00.00..,external,external
oewn-reducing__1.22.00..,artifact,artifact
oewn-reduction__1.04.00..,background,background
oewn-reduction__1.22.00..,background,background
oewn-reed__1.06.00..,artifact,artifact
oewn-reel__1.06.02..,graph_data,graph_data
oewn-reexamination__1.10.01..,artifact,artifact
oewn-refer__2.32.01..,background,background
oewn-referee__2.32.00..,background,background
oewn-referee__2.33.00..,background,background
oewn-reference__1.09.00..,artifact,artifact
oewn-reference__1.10.02..,artifact,artifact
oewn-reference__1.10.04..,artifact,background
oewn-reference__2.36.00..,background,background
oewn-referent__1.10.00..,artifact,artifact
oewn-refine__2.30.01..,artifact,artifact
oewn-refined__3.00.02..,artifact,artifact
oewn-refined__5.00.00.gracious.00,artifact,artifact
oewn-refined__5.00.00.sophisticated.00,artifact,artifact
oewn-refinement__1.07.01..,artifact,artifact
oewn-refinement__1.26.00..,artifact,artifact
oewn-refining__1.22.00..,closed,closed
oewn-reflect__2.31.00..,artifact,artifact
oewn-reflect__2.39.01..,artifact,external
oewn-reflect__2.43.00..,artifact,artifact
oewn-reflected__3.00.00..,artifact,artifact
oewn-reflecting__5.00.00.reflective.00,artifact,artifact
oewn-reflection__1.09.00..,artifact,artifact
oewn-reflection__1.10.01..,artifact,artifact
oewn-reflection__1.19.00..,artifact,artifact
oewn-reflection__1.24.00..,artifact,artifact
oewn-reflex__1.04.00..,artifact,artifact
oewn-reform__1.04.00..,closed,closed
oewn-reformation__1.14.00..,artifact,artifact
oewn-reformed__5.00.00.regenerate.00,artifact,artifact
oewn-reformer__1.18.00..,artifact,artifact
oewn-refract__2.39.00..,artifact,artifact
oewn-refraction__1.19.00..,artifact,artifact
oewn-refractory__1.06.00..,graph_data,graph_data
oewn-refrain__1.10.00..,artifact,artifact
oewn-refrain__2.42.00..,background,background
oewn-refreshed__5.00.00.rested.00,artifact,artifact
oewn-refreshingly__4.02.01..,artifact,artifact
oewn-refrigeration__1.22.00..,artifact,artifact
oewn-refrigerator__1.06.00..,artifact,artifact
oewn-refusal__1.10.00..,artifact,artifact
oewn-refusal__1.10.01..,artifact,background
oewn-refuse__1.27.00..,artifact,artifact
oewn-refuse__2.32.00..,artifact,artifact
oewn-regain__2.40.01..,artifact,artifact
oewn-regaining__1.04.00..,artifact,external
oewn-regard__1.09.00..,background,background
oewn-regard__1.26.00..,background,background
oewn-regard__2.31.00..,background,background
oewn-regard__2.39.00..,background,background
oewn-regardless__4.02.00..,artifact,external
oewn-region__1.08.00..,background,background
oewn-region__1.09.00..,background,background
oewn-region__1.15.00..,background,background
oewn-region__1.15.01..,background,background
oewn-regional__3.01.00..,background,background
oewn-register__2.41.00..,artifact,artifact
oewn-register__2.41.05..,artifact,artifact
oewn-registered__3.00.02..,background,background
oewn-regret__1.12.00..,artifact,artifact
oewn-regrettable__5.00.00.unfortunate.00,artifact,artifact
oewn-regular__1.18.00..,background,background
oewn-regular__1.18.02..,artifact,artifact
oewn-regular__3.00.00..,artifact,artifact
oewn-regular__5.00.00.steady.00,artifact,artifact
oewn-regular__5.00.00.typical.00,closed,closed
oewn-regularity__1.07.04..,artifact,artifact
oewn-regularly__4.02.00..,background,background
oewn-regulate__2.30.00..,artifact,artifact
oewn-regulating__1.04.00..,artifact,artifact
oewn-regulation__1.10.00..,artifact,artifact
oewn-regulator__1.06.00..,artifact,artifact
oewn-regulatory__5.00.00.restrictive.00,artifact,artifact
oewn-rehabilitation__1.04.00..,artifact,artifact
oewn-reign__1.28.01..,artifact,artifact
oewn-reigning__5.00.00.powerful.00,artifact,artifact
oewn-reimbursement__1.21.00..,artifact,artifact
oewn-reincarnation__1.18.00..,artifact,artifact
oewn-reindeer__1.05.00..,artifact,artifact
oewn-reinforced__5.00.00.strong.00,artifact,artifact
oewn-reinforcement__1.04.01..,artifact,artifact
oewn-rejected__5.00.00.unloved.00,artifact,artifact
oewn-rejection__1.04.00..,artifact,background
oewn-rejoice__2.37.00..,artifact,external
oewn-relate__2.31.00..,background,background
oewn-related__3.00.01..,background,background
oewn-related__3.00.02..,background,background
oewn-relatedness__1.24.00..,artifact,artifact
oewn-relation__1.03.00..,artifact,artifact
oewn-relation__1.09.00..,artifact,artifact
oewn-relation__1.18.00..,artifact,artifact
oewn-relations__1.24.00..,artifact,artifact
oewn-relationship__1.24.00..,background,background
oewn-relationship__1.24.01..,background,background
oewn-relationship__1.26.01..,background,background
oewn-relative__1.18.00..,background,background
oewn-relative__3.00.00..,background,background
oewn-relative__5.00.00.proportionate.00,background,background
oewn-relatively__4.02.00..,artifact,artifact
oewn-relax__2.29.00..,background,background
oewn-relaxation__1.04.01..,artifact,artifact
oewn-relaxation__1.22.01..,artifact,artifact
oewn-relaxed__3.00.00..,artifact,artifact
oewn-release__1.04.00..,artifact,artifact
oewn-release__1.04.03..,artifact,background
oewn-release__1.06.00..,artifact,artifact
oewn-release__1.06.01..,artifact,artifact
oewn-releasing__5.00.00.emotional.00,artifact,artifact
oewn-relentless__5.00.00.implacable.00,artifact,artifact
oewn-relevance__1.24.00..,artifact,artifact
oewn-relevant__3.00.00..,artifact,artifact
oewn-reliable__3.00.00..,external,external
oewn-reliable__5.00.02.trustworthy.00,background,background
oewn-reliance__1.09.00..,background,background
oewn-relic__1.06.00..,artifact,artifact
oewn-relief__1.04.01..,artifact,artifact
oewn-relief__1.12.00..,artifact,artifact
oewn-relief__1.26.00..,artifact,artifact
oewn-relieve__2.29.00..,artifact,artifact
oewn-relieved__5.00.00.mitigated.00,background,background
oewn-religion__1.09.00..,background,background
oewn-religious__1.18.00..,background,background
oewn-religious__3.00.00..,background,background
oewn-religious__3.00.01..,background,background
oewn-religious__5.00.00.sacred.00,background,background
oewn-relinquished__5.00.00.unoccupied.02,artifact,artifact
oewn-relish__1.12.02..,artifact,artifact
oewn-reluctant__5.00.00.unwilling.00,artifact,artifact
oewn-remain__2.30.00..,background,background
oewn-remain__2.38.06..,background,background
oewn-remain__2.42.03..,background,background
oewn-remaining__5.00.00.unexhausted.00,closed,closed
oewn-remains__1.17.00..,background,background
oewn-remains__1.17.02..,background,background
oewn-remark__1.10.00..,artifact,artifact
oewn-remarkable__5.00.00.extraordinary.00,artifact,artifact
oewn-remedial__5.00.00.bettering.00,artifact,artifact
oewn-remedy__1.04.00..,artifact,artifact
oewn-remedy__1.06.00..,artifact,artifact
oewn-remember__2.31.00..,artifact,artifact
oewn-remembering__1.09.00..,external,external
oewn-reminder__1.10.00..,artifact,artifact
oewn-reminiscent__5.00.00.mindful.00,artifact,background
oewn-remnant__1.24.00..,artifact,artifact
oewn-remorse__1.12.00..,artifact,artifact
oewn-remote__1.06.00..,artifact,artifact
oewn-remote__5.00.01.far.00,artifact,circular
oewn-remote__5.00.02.far.00,artifact,artifact
oewn-removable__3.00.00..,artifact,external
oewn-removal__1.04.00..,artifact,background
oewn-remove__1.07.00..,closed,closed
oewn-remove__2.30.00..,closed,closed
oewn-remove__2.38.00..,closed,closed
oewn-remove__2.41.00..,closed,closed
oewn-removed__5.00.02.distant.02,background,background
oewn-render__2.30.00..,background,background
oewn-rendering__1.10.01..,artifact,artifact
oewn-renewable__3.00.00..,artifact,artifact
oewn-renewed__5.00.00.revived.00,artifact,background
oewn-rennet__1.27.00..,artifact,artifact
oewn-rennin__1.27.00..,artifact,artifact
oewn-rent__1.21.00..,artifact,artifact
oewn-rent__1.21.01..,artifact,artifact
oewn-reovirus__1.05.00..,background,background
oewn-repair__1.04.00..,artifact,artifact
oewn-repair__2.30.02..,artifact,artifact
oewn-reparation__1.21.01..,artifact,artifact
oewn-repay__2.40.00..,artifact,artifact
oewn-repayment__1.04.00..,artifact,artifact
oewn-repeal__1.04.00..,artifact,artifact
oewn-repeat__2.32.00..,artifact,artifact
oewn-repeated__5.00.00.continual.00,background,background
oewn-repeatedly__4.02.01..,closed,closed
oewn-repeating__1.04.00..,artifact,artifact
oewn-repel__2.35.00..,artifact,artifact
oewn-repentance__1.12.00..,artifact,artifact
oewn-repetition__1.10.00..,artifact,artifact
oewn-repetition__1.11.00..,background,background
oewn-repetitious__3.00.00..,external,external
oewn-repetitive__3.00.00..,external,external
oewn-repetitive__5.00.00.continual.00,background,background
oewn-repetitively__4.02.00..,external,external
oewn-replace__2.30.00..,artifact,artifact
oewn-replaceable__3.00.00..,background,background
oewn-replacement__1.04.00..,artifact,external
oewn-replacing__1.04.00..,artifact,external
oewn-replay__2.36.00..,external,external
oewn-replicate__2.36.01..,artifact,artifact
oewn-reply__1.10.00..,artifact,artifact
oewn-reply__1.10.01..,artifact,artifact
oewn-reply__2.32.00..,artifact,artifact
oewn-reported__3.00.00..,artifact,artifact
oewn-reporting__1.10.00..,artifact,artifact
oewn-reprehensible__5.00.00.wrong.01,artifact,artifact
oewn-represent__2.30.06..,artifact,artifact
oewn-represent__2.32.00..,artifact,artifact
oewn-represent__2.32.02..,artifact,artifact
oewn-represent__2.42.00..,artifact,artifact
oewn-represent__2.42.02..,artifact,artifact
oewn-representation__1.06.00..,background,background
oewn-representation__1.09.00..,background,background
oewn-representation__1.10.01..,background,background
oewn-representative__1.18.00..,closed,closed
oewn-represented__3.00.02..,background,background
oewn-repressed__5.00.00.inhibited.00,artifact,artifact
oewn-repressive__5.00.00.restrictive.00,artifact,artifact
oewn-reproach__1.10.00..,artifact,artifact
oewn-reproduce__2.36.00..,background,background
oewn-reproduce__2.36.03..,artifact,artifact
oewn-reproducible__3.00.00..,background,background
oewn-reproduction__1.22.00..,background,background
oewn-reproductive__5.00.00.fruitful.00,background,background
oewn-reptilian__1.05.00..,artifact,artifact
oewn-republic__1.14.00..,background,background
oewn-reputation__1.09.00..,artifact,artifact
oewn-reputation__1.26.00..,artifact,artifact
oewn-repute__1.26.00..,artifact,artifact
oewn-reputedly__4.02.00..,artifact,artifact
oewn-request__1.10.00..,artifact,artifact
oewn-request__1.10.01..,artifact,artifact
oewn-request__2.32.01..,artifact,artifact
oewn-require__2.32.01..,artifact,artifact
oewn-require__2.42.00..,artifact,artifact
oewn-required__5.00.00.necessary.00,background,background
oewn-required__5.00.00.obligatory.00,background,background
oewn-requirement__1.09.01..,artifact,artifact
oewn-requisite__1.17.00..,artifact,artifact
oewn-resale__1.04.00..,artifact,artifact
oewn-rescue__1.04.00..,artifact,artifact
oewn-rescued__5.00.00.saved.00,closed,closed
oewn-research__1.04.00..,artifact,artifact
oewn-resemblance__1.07.00..,artifact,artifact
oewn-resemble__2.42.00..,artifact,artifact
oewn-resentful__3.00.00..,artifact,artifact
oewn-resentment__1.12.00..,artifact,artifact
oewn-reservation__1.15.00..,artifact,artifact
oewn-reserve__1.07.01..,artifact,artifact
oewn-reserve__1.14.00..,artifact,artifact
oewn-reserved__3.00.02..,background,background
oewn-reserves__1.14.00..,artifact,artifact
oewn-reside__2.42.00..,background,background
oewn-residence__1.04.00..,artifact,artifact
oewn-residence__1.15.00..,artifact,artifact
oewn-resident__1.18.00..,artifact,artifact
oewn-residue__1.27.00..,background,background
oewn-resilient__5.00.00.spirited.00,artifact,artifact
oewn-resin__1.27.00..,artifact,artifact
oewn-resinous__5.00.00.adhesive.00,artifact,artifact
oewn-resist__2.33.00..,background,background
oewn-resist__2.33.01..,background,background
oewn-resist__2.42.01..,background,background
oewn-resistance__1.04.02..,artifact,artifact
oewn-resistance__1.07.01..,artifact,artifact
oewn-resistance__1.19.01..,artifact,artifact
oewn-resistance__1.26.00..,artifact,artifact
oewn-resistant__5.00.00.nonabsorbent.00,artifact,external
oewn-resistant__5.00.00.unsusceptible.00,artifact,artifact
oewn-resolute__3.00.00..,background,background
oewn-resolutely__4.02.00..,artifact,artifact
oewn-resoluteness__1.07.00..,background,background
oewn-resolution__1.10.01..,artifact,artifact
oewn-resolve__1.07.00..,background,background
oewn-resolve__2.31.01..,artifact,artifact
oewn-resolved__5.00.00.resolute.00,background,background
oewn-resonance__1.19.01..,artifact,artifact
oewn-resonant__5.00.00.reverberant.00,artifact,artifact
oewn-resort__1.15.00..,artifact,artifact
oewn-resource__1.21.00..,artifact,artifact
oewn-resourcefulness__1.07.00..,artifact,artifact
oewn-respect__1.04.02..,artifact,artifact
oewn-respect__1.09.00..,artifact,artifact
oewn-respect__1.12.00..,artifact,artifact
oewn-respect__1.26.00..,artifact,artifact
oewn-respect__2.31.00..,artifact,artifact
oewn-respect__2.41.00..,artifact,artifact
oewn-respected__5.00.00.reputable.00,artifact,artifact
oewn-respectful__3.00.00..,artifact,artifact
oewn-respects__1.10.00..,artifact,artifact
oewn-respiration__1.04.00..,artifact,artifact
oewn-respiration__1.04.01..,artifact,artifact
oewn-respiratory__3.01.00..,artifact,artifact
oewn-respite__1.04.00..,artifact,artifact
oewn-respond__2.31.00..,artifact,artifact
oewn-response__1.04.01..,closed,closed
oewn-response__1.07.00..,closed,closed
oewn-response__1.10.03..,closed,closed
oewn-response__1.19.00..,closed,closed
oewn-responsibility__1.04.00..,artifact,artifact
oewn-responsible__3.00.00..,background,background
oewn-responsible__5.00.00.causative.00,background,background
oewn-responsive__3.00.00..,artifact,artifact
oewn-responsive__3.01.00..,background,background
oewn-responsiveness__1.09.00..,artifact,external
oewn-rest__1.24.00..,background,background
oewn-rest__2.32.00..,artifact,background
oewn-rest__2.35.00..,circular,circular
oewn-rest__2.35.02..,background,background
oewn-rest__2.35.04..,artifact,artifact
oewn-restaurant__1.06.00..,artifact,artifact
oewn-rester__1.18.00..,closed,closed
oewn-restless__3.00.00..,artifact,artifact
oewn-restore__2.30.01..,artifact,artifact
oewn-restore__2.41.01..,artifact,artifact
oewn-restrain__2.35.00..,artifact,artifact
oewn-restrained__3.00.00..,artifact,external
oewn-restraint__1.04.00..,artifact,external
oewn-restraint__1.07.00..,external,external
oewn-restraint__1.09.00..,artifact,artifact
oewn-restrict__2.30.00..,artifact,artifact
oewn-restricted__3.00.00..,artifact,artifact
oewn-restricted__5.00.00.classified.02,artifact,artifact
oewn-restricted__5.00.00.modified.00,artifact,artifact
oewn-restricting__5.00.00.restrictive.00,artifact,artifact
oewn-restriction__1.09.00..,artifact,artifact
oewn-restrictive__5.00.00.protective.00,artifact,artifact
oewn-result__1.11.00..,closed,closed
oewn-result__1.19.00..,closed,closed
oewn-result__2.30.00..,closed,closed
oewn-result__2.42.00..,closed,closed
oewn-result__2.42.02..,closed,closed
oewn-resume__1.10.00..,artifact,artifact
oewn-retail__1.04.00..,artifact,artifact
oewn-retailing__1.04.00..,artifact,artifact
oewn-retain__2.42.00..,artifact,artifact
oewn-retained__5.00.00.preserved.01,artifact,artifact
oewn-retaliation__1.04.00..,artifact,artifact
oewn-retard__1.18.00..,external,external
oewn-retarded__3.00.00..,artifact,artifact
oewn-retention__1.04.00..,artifact,background
oewn-reticence__1.07.00..,artifact,artifact
oewn-retina__1.08.00..,background,background
oewn-retinal__1.27.00..,artifact,artifact
oewn-retinal__3.01.00..,artifact,background
oewn-retinue__1.14.00..,artifact,artifact
oewn-retire__2.41.02..,artifact,artifact
oewn-retiring__5.00.00.modest.02,background,background
oewn-retracted__5.00.00.backward.01,background,background
oewn-retraction__1.10.00..,artifact,artifact
oewn-retreat__1.04.00..,artifact,artifact
oewn-retreat__2.38.00..,external,external
oewn-retreated__1.14.00..,closed,closed
oewn-retribution__1.04.00..,artifact,artifact
oewn-retrieval__1.22.00..,artifact,artifact
oewn-retrieve__2.40.00..,external,external
oewn-retrograde__3.00.05..,artifact,artifact
oewn-return__1.04.00..,closed,closed
oewn-return__1.04.05..,closed,closed
oewn-return__1.10.01..,closed,closed
oewn-return__1.21.00..,closed,closed
oewn-return__2.32.00..,closed,closed
oewn-return__2.35.01..,closed,closed
oewn-return__2.38.00..,closed,closed
oewn-returning__5.00.00.regressive.01,artifact,artifact
oewn-reunion__1.14.00..,artifact,artifact
oewn-reveal__2.32.00..,artifact,artifact
oewn-reveal__2.39.00..,background,background
oewn-revealing__5.00.00.informative.00,artifact,artifact
oewn-revelation__1.10.00..,artifact,artifact
oewn-revenge__1.04.00..,artifact,artifact
oewn-revenge__2.33.00..,artifact,background
oewn-revenue__1.21.01..,background,background
oewn-reverence__1.04.00..,artifact,artifact
oewn-reverence__1.12.00..,artifact,artifact
oewn-reverence__2.37.00..,artifact,artifact
oewn-reverent__3.00.00..,artifact,artifact
oewn-reversal__1.04.06..,artifact,artifact
oewn-reverse__1.06.02..,artifact,artifact
oewn-reverse__2.32.00..,artifact,artifact
oewn-reversed__5.00.00.turned.00,background,background
oewn-review__1.04.03..,artifact,artifact
oewn-revised__5.00.00.altered.00,artifact,artifact
oewn-revising__1.10.00..,artifact,artifact
oewn-revision__1.04.00..,artifact,artifact
oewn-revivalist__1.18.00..,artifact,artifact
oewn-revived__3.00.00..,artifact,artifact
oewn-revolt__1.04.00..,graph_data,graph_data
oewn-revolution__1.11.01..,artifact,artifact
oewn-reward__1.11.00..,artifact,artifact
oewn-reward__1.21.00..,artifact,artifact
oewn-reward__2.40.00..,artifact,artifact
oewn-rhetoric__1.10.00..,artifact,artifact
oewn-rhetorical__3.01.00..,artifact,artifact
oewn-rhinitis__1.26.00..,artifact,artifact
oewn-rhinoceros__1.05.00..,background,background
oewn-rhizomatous__3.01.00..,closed,closed
oewn-rhodopsin__1.27.00..,background,background
oewn-rhythm__1.10.01..,artifact,artifact
oewn-rhythmic__3.00.00..,artifact,artifact
oewn-rhythmical__3.00.00..,artifact,artifact
oewn-rhythmically__4.02.00..,artifact,artifact
oewn-rial__1.23.00..,artifact,artifact
oewn-riblike__5.00.00.ribbed.00,artifact,artifact
oewn-rice__1.13.00..,artifact,artifact
oewn-rice__1.20.00..,artifact,artifact
oewn-rich__1.14.00..,artifact,artifact
oewn-rich__5.00.00.valuable.00,artifact,artifact
oewn-richness__1.07.03..,artifact,artifact
oewn-rick__1.14.00..,background,background
oewn-rick__1.26.00..,background,background
oewn-rickets__1.26.00..,background,background
oewn-ride__1.04.00..,artifact,artifact
oewn-ride__2.38.01..,artifact,external
oewn-rider__1.18.00..,artifact,artifact
oewn-ridge__1.06.00..,artifact,artifact
oewn-ridge__1.08.00..,artifact,artifact
oewn-ridge__1.17.00..,artifact,artifact
oewn-ridicule__1.04.00..,artifact,artifact
oewn-ridicule__1.10.00..,artifact,artifact
oewn-ridicule__2.32.00..,artifact,artifact
oewn-riding__1.04.01..,artifact,artifact
oewn-riel__1.23.00..,artifact,artifact
oewn-rifle__1.06.00..,artifact,artifact
oewn-rifled__3.00.00..,artifact,artifact
oewn-rifling__1.04.00..,artifact,external
oewn-rigged__3.00.00..,artifact,artifact
oewn-rigging__1.06.00..,artifact,artifact
oewn-right__1.04.00..,background,background
oewn-right__1.07.00..,background,background
oewn-right__1.08.00..,background,background
oewn-right__1.14.00..,background,background
oewn-right__1.21.00..,background,background
oewn-right__2.41.00..,background,background
oewn-right__3.00.00..,background,background
oewn-right__3.00.02..,background,background
oewn-right__3.00.03..,background,background
oewn-right__4.02.01..,background,background
oewn-right__4.02.02..,background,background
oewn-right__4.02.04..,background,background
oewn-right__5.00.00.accurate.00,background,background
oewn-right__5.00.00.outside.00,background,background
oewn-right__5.00.00.perpendicular.00,background,background
oewn-right__5.00.01.proper.00,background,background
oewn-right__5.00.02.proper.00,background,background
oewn-righteous__3.00.00..,artifact,artifact
oewn-rightfully__4.02.00..,background,background
oewn-rightness__1.07.02..,artifact,artifact
oewn-rigid__5.00.00.inflexible.01,artifact,artifact
oewn-rigidity__1.07.00..,artifact,artifact
oewn-rigidly__4.02.00..,artifact,artifact
oewn-rigorous__5.00.00.exact.00,artifact,artifact
oewn-rigorously__4.02.00..,artifact,artifact
oewn-rind__1.13.00..,artifact,artifact
oewn-ring__1.06.00..,artifact,artifact
oewn-ring__1.07.00..,background,background
oewn-ring__1.17.00..,artifact,artifact
oewn-ring__2.39.00..,artifact,artifact
oewn-ring__2.39.04..,artifact,artifact
oewn-ringing__1.11.00..,artifact,background
oewn-rink__1.06.00..,artifact,artifact
oewn-ripe__3.00.00..,artifact,artifact
oewn-ripe__5.00.00.ready.00,background,background
oewn-ripen__2.30.00..,artifact,artifact
oewn-ripen__2.30.01..,artifact,artifact
oewn-ripened__5.00.00.ripe.00,artifact,artifact
oewn-ripening__1.22.00..,artifact,artifact
oewn-rise__1.11.00..,artifact,artifact
oewn-rise__1.11.02..,artifact,artifact
oewn-rise__2.38.00..,background,background
oewn-rise__2.38.05..,closed,closed
oewn-rising__1.11.00..,artifact,artifact
oewn-risk__1.26.00..,artifact,artifact
oewn-risk__2.41.00..,artifact,artifact
oewn-risk__2.41.01..,artifact,background
oewn-rite__1.04.01..,artifact,artifact
oewn-ritual__1.04.00..,artifact,artifact
oewn-ritually__4.02.00..,external,external
oewn-rival__1.18.00..,artifact,artifact
oewn-river__1.17.00..,closed,closed
oewn-road__1.06.00..,closed,closed
oewn-roadbed__1.06.00..,artifact,artifact
oewn-roadside__1.06.00..,external,external
oewn-roadway__1.06.00..,artifact,background
oewn-roasted__5.00.00.cooked.00,artifact,artifact
oewn-roasting__1.04.00..,artifact,artifact
oewn-robust__3.00.00..,artifact,artifact
oewn-rock__1.10.01..,artifact,artifact
oewn-rock__1.17.01..,artifact,artifact
oewn-rock__1.27.00..,artifact,artifact
oewn-rocket__1.06.01..,background,background
oewn-rocket__1.10.02..,background,background
oewn-rocket__2.35.00..,background,background
oewn-rocket__2.38.00..,background,background
oewn-rocky__5.00.00.rough.00,artifact,artifact
oewn-rodlike__5.00.00.rounded.00,artifact,artifact
oewn-role__1.04.00..,closed,closed
oewn-role__1.07.00..,closed,closed
oewn-role__1.09.00..,closed,closed
oewn-roll__1.06.01..,artifact,artifact
oewn-roll__1.10.01..,artifact,artifact
oewn-roll__1.11.02..,artifact,artifact
oewn-rolled__5.00.00.bound.01,closed,closed
oewn-rolled__5.00.00.coiled.00,closed,closed
oewn-rolled__5.00.00.pronounceable.00,closed,closed
oewn-rolling__1.11.00..,artifact,artifact
oewn-roman__1.10.01..,artifact,artifact
oewn-roman__1.18.01..,artifact,external
oewn-romance__3.01.00..,artifact,artifact
oewn-romani__1.18.00..,artifact,artifact
oewn-romany__1.10.00..,artifact,artifact
oewn-romany__1.18.00..,artifact,artifact
oewn-roneo__1.06.00..,artifact,artifact
oewn-roneo__2.36.00..,artifact,artifact
oewn-roof__1.06.00..,background,background
oewn-roofing__1.06.00..,artifact,artifact
oewn-room__1.06.00..,closed,closed
oewn-room__1.23.00..,closed,closed
oewn-room__2.42.00..,closed,closed
oewn-rooms__1.06.00..,artifact,artifact
oewn-root__1.08.00..,artifact,artifact
oewn-root__1.20.00..,artifact,artifact
oewn-rooted__5.00.00.nonmoving.00,artifact,artifact
oewn-rooting__1.22.00..,artifact,artifact
oewn-rootstock__1.20.02..,artifact,artifact
oewn-rope__1.06.00..,closed,closed
oewn-rope__2.35.00..,artifact,artifact
oewn-rope__2.35.03..,artifact,artifact
oewn-rosaceous__5.00.00.chromatic.00,artifact,artifact
oewn-rose__1.20.00..,artifact,artifact
oewn-rosewood__1.20.00..,background,background
oewn-rosewood__1.20.02..,background,background
oewn-rotary__1.06.00..,artifact,artifact
oewn-rotate__2.38.01..,artifact,artifact
oewn-rotated__5.00.00.turned.00,artifact,artifact
oewn-rotation__1.04.00..,artifact,artifact
oewn-rotavirus__1.05.00..,artifact,artifact
oewn-rotor__1.06.01..,artifact,artifact
oewn-rotund__5.00.00.rounded.00,artifact,artifact
oewn-rough__1.15.00..,artifact,artifact
oewn-rough__3.00.00..,artifact,artifact
oewn-rough__4.02.00..,artifact,artifact
oewn-rough__4.02.03..,artifact,artifact
oewn-rough__5.00.00.unrefined.01,artifact,artifact
oewn-roughened__5.00.00.rough.00,artifact,artifact
oewn-roughly__4.02.00..,artifact,artifact
oewn-roughly__4.02.02..,artifact,artifact
oewn-roughly__4.02.03..,artifact,artifact
oewn-roughness__1.07.00..,artifact,artifact
oewn-roulette__1.04.00..,background,background
oewn-round__1.06.01..,artifact,artifact
oewn-round__1.10.00..,artifact,artifact
oewn-round__1.28.00..,artifact,artifact
oewn-roundabout__1.06.00..,artifact,artifact
oewn-rounded__3.00.00..,background,background
oewn-rousing__5.00.00.provocative.00,artifact,artifact
oewn-rousing__5.00.00.stimulating.00,artifact,artifact
oewn-route__1.15.00..,artifact,artifact
oewn-routine__1.04.00..,artifact,artifact
oewn-routine__5.00.00.ordinary.00,background,background
oewn-rowing__1.04.00..,artifact,artifact
oewn-royal__1.06.00..,graph_data,graph_data
oewn-rubber__1.06.01..,artifact,artifact
oewn-rubber__1.27.00..,artifact,artifact
oewn-rubber__1.27.01..,artifact,artifact
oewn-rubber__5.00.00.bad.00,artifact,artifact
oewn-rubberlike__5.00.00.elastic.00,artifact,artifact
oewn-rubbing__1.19.00..,artifact,artifact
oewn-rubbish__1.27.00..,artifact,artifact
oewn-rudder__1.06.01..,artifact,artifact
oewn-rudderpost__1.06.00..,artifact,artifact
oewn-rude__3.00.04..,artifact,artifact
oewn-rude__5.00.00.impolite.00,artifact,artifact
oewn-rudimentary__5.00.00.basic.00,artifact,artifact
oewn-ruffle__2.35.00..,background,background
oewn-ruffle__2.38.00..,artifact,artifact
oewn-rugged__3.00.00..,artifact,artifact
oewn-rugged__5.00.00.rough.00,artifact,artifact
oewn-ruin__1.04.00..,artifact,artifact
oewn-ruin__1.11.01..,artifact,artifact
oewn-ruin__1.26.00..,artifact,artifact
oewn-ruin__2.35.00..,artifact,artifact
oewn-ruined__5.00.00.lost.02,artifact,artifact
oewn-rule__1.09.00..,artifact,artifact
oewn-rule__1.09.01..,artifact,artifact
oewn-rule__1.09.02..,artifact,artifact
oewn-rule__1.10.00..,artifact,artifact
oewn-rule__1.10.01..,artifact,artifact
oewn-rule__1.10.03..,artifact,artifact
oewn-rule__2.41.00..,artifact,artifact
oewn-ruled__5.00.00.subordinate.02,artifact,artifact
oewn-ruler__1.18.00..,closed,closed
oewn-ruling__1.04.00..,circular,circular
oewn-ruling__5.00.00.powerful.00,artifact,artifact
oewn-ruminant__1.05.00..,artifact,artifact
oewn-ruminant__3.01.00..,artifact,artifact
oewn-rummy__1.04.00..,artifact,artifact
oewn-rump__1.05.00..,artifact,circular
oewn-rump__1.13.00..,artifact,artifact
oewn-runner__1.18.01..,artifact,artifact
oewn-runner__1.18.02..,artifact,artifact
oewn-runner__1.18.05..,artifact,artifact
oewn-running__1.04.00..,background,background
oewn-running__1.04.03..,background,background
oewn-running__3.00.02..,background,background
oewn-running__5.00.00.continual.00,background,background
oewn-runway__1.06.02..,artifact,artifact
oewn-rupiah__1.23.00..,artifact,artifact
oewn-rupture__1.26.00..,artifact,artifact
oewn-rural__3.00.00..,artifact,artifact
oewn-rush__1.04.00..,artifact,artifact
oewn-rush__2.33.00..,artifact,artifact
oewn-rush__2.38.00..,artifact,artifact
oewn-rush__2.38.10..,artifact,artifact
oewn-rush__5.00.00.unreserved.02,background,background
oewn-rushing__1.04.00..,artifact,artifact
oewn-rushlike__5.00.00.grassy.00,background,background
oewn-rust__1.20.00..,background,background
oewn-rust__1.26.02..,background,background
oewn-rusting__1.22.00..,artifact,artifact
oewn-ruth__1.10.00..,artifact,artifact
oewn-ruth__1.18.01..,artifact,artifact
oewn-s__1.07.00..,artifact,background
oewn-s__1.27.00..,artifact,background
oewn-saber__2.35.00..,background,background
oewn-saber__2.35.01..,background,background
oewn-sabotage__1.04.00..,artifact,artifact
oewn-saclike__5.00.00.concave.00,artifact,artifact
oewn-sacral__3.01.00..,graph_data,graph_data
oewn-sacred__3.00.00..,artifact,artifact
oewn-sacred__5.00.00.holy.00,artifact,artifact
oewn-sacred__5.00.00.worthy.00,artifact,artifact
oewn-sacrifice__1.04.01..,artifact,artifact
oewn-sacrilegious__5.00.00.irreverent.00,artifact,artifact
oewn-sacrilegiously__4.02.00..,artifact,artifact
oewn-saddle__1.06.00..,artifact,artifact
oewn-sadness__1.12.00..,artifact,artifact
oewn-sadness__1.26.00..,artifact,artifact
oewn-safe__1.06.01..,artifact,artifact
oewn-safe__3.00.01..,artifact,artifact
oewn-safe__5.00.00.sound.00,closed,closed
oewn-safe__5.00.00.unadventurous.00,artifact,artifact
oewn-safekeeping__1.04.00..,artifact,artifact
oewn-safely__4.02.00..,graph_data,graph_data
oewn-safety__1.06.00..,artifact,artifact
oewn-safety__1.26.00..,artifact,artifact
oewn-said__5.00.00.same.02,artifact,artifact
oewn-sail__1.06.00..,artifact,artifact
oewn-sailor__1.18.00..,artifact,artifact
oewn-saint__1.18.00..,artifact,artifact
oewn-saint__1.18.03..,artifact,artifact
oewn-sake__1.07.00..,artifact,artifact
oewn-salad__1.13.00..,artifact,artifact
oewn-salary__1.21.00..,closed,closed
oewn-sale__1.04.00..,artifact,artifact
oewn-sale__1.10.00..,artifact,artifact
oewn-saleable__3.00.00..,artifact,artifact
oewn-sales__1.21.00..,artifact,artifact
oewn-salicin__1.27.01..,graph_data,graph_data
oewn-saliva__1.08.00..,background,background
oewn-salivary__3.01.00..,background,background
oewn-salmonella__1.05.00..,artifact,artifact
oewn-salt__1.10.00..,artifact,artifact
oewn-salt__1.13.00..,artifact,artifact
oewn-salt__1.27.00..,artifact,artifact
oewn-saltbush__1.20.00..,artifact,artifact
oewn-salty__5.00.00.stimulating.00,artifact,artifact
oewn-salty__5.00.00.tasty.00,artifact,artifact
oewn-salvation__1.04.00..,artifact,artifact
oewn-salvinorin__1.06.00..,artifact,artifact
oewn-salwar__1.06.00..,graph_data,graph_data
oewn-samoyedic__1.10.00..,artifact,artifact
oewn-sample__1.09.00..,artifact,background
oewn-sanctification__1.04.00..,artifact,artifact
oewn-sanction__1.04.02..,artifact,artifact
oewn-sanction__1.07.00..,artifact,external
oewn-sanction__2.32.01..,closed,closed
oewn-sanction__2.41.01..,artifact,artifact
oewn-sanctuary__1.06.00..,graph_data,graph_data
oewn-sand__1.18.00..,artifact,artifact
oewn-sand__1.27.00..,artifact,artifact
oewn-sandpaper__1.27.00..,artifact,artifact
oewn-sandpiper__1.05.00..,artifact,artifact
oewn-sands__1.15.00..,artifact,artifact
oewn-sandstone__1.27.00..,artifact,artifact
oewn-sandy__5.00.00.blond.00,artifact,artifact
oewn-sanicle__1.20.00..,background,background
oewn-sanitary__3.00.00..,artifact,artifact
oewn-sapodilla__1.20.00..,artifact,artifact
oewn-sapwood__1.20.00..,graph_data,graph_data
oewn-saratoga__1.04.00..,artifact,artifact
oewn-sarcastic__3.00.00..,artifact,artifact
oewn-sassafras__1.20.00..,background,background
oewn-satellite__1.06.00..,artifact,artifact
oewn-satisfaction__1.12.00..,artifact,artifact
oewn-satisfaction__1.26.00..,artifact,artifact
oewn-satisfactorily__4.02.00..,artifact,artifact
oewn-satisfactory__3.00.00..,artifact,artifact
oewn-satisfactory__5.00.00.good.01,closed,closed
oewn-satisfied__5.00.00.contented.00,artifact,artifact
oewn-satisfy__2.34.01..,artifact,artifact
oewn-satisfy__2.42.00..,background,background
oewn-satisfying__5.00.00.wholesome.00,background,background
oewn-saturated__3.00.01..,artifact,artifact
oewn-saturation__1.07.00..,artifact,artifact
oewn-saturation__1.22.00..,artifact,artifact
oewn-sauce__1.13.00..,artifact,artifact
oewn-savannah__1.15.00..,artifact,artifact
oewn-save__1.04.00..,artifact,artifact
oewn-saved__3.00.00..,artifact,artifact
oewn-saving__1.04.00..,artifact,artifact
oewn-savings__1.21.00..,artifact,artifact
oewn-savior__1.18.01..,artifact,artifact
oewn-savor__1.09.00..,artifact,artifact
oewn-savory__1.20.01..,artifact,artifact
oewn-savoury__1.13.00..,artifact,artifact
oewn-saxifrage__1.20.00..,background,background
oewn-saxophone__1.06.00..,background,background
oewn-saying__1.10.00..,artifact,artifact
oewn-scale__1.06.02..,closed,closed
oewn-scale__1.10.00..,closed,closed
oewn-scale__1.24.01..,closed,closed
oewn-scale__1.24.03..,closed,closed
oewn-scalelike__5.00.00.close.01,artifact,artifact
oewn-scalp__1.08.00..,background,background
oewn-scandinavian__1.18.00..,artifact,artifact
oewn-scanning__1.22.00..,artifact,artifact
oewn-scapula__1.08.00..,artifact,artifact
oewn-scar__1.26.00..,artifact,artifact
oewn-scar__2.35.00..,artifact,artifact
oewn-scarf__1.06.00..,artifact,artifact
oewn-scarlet__1.07.00..,artifact,artifact
oewn-scattered__5.00.00.distributed.00,artifact,artifact
oewn-scattering__1.19.01..,artifact,artifact
oewn-scattering__1.23.00..,artifact,artifact
oewn-scene__1.06.01..,artifact,artifact
oewn-scene__1.10.01..,artifact,artifact
oewn-scene__1.15.00..,closed,closed
oewn-scene__1.26.00..,artifact,artifact
oewn-scenery__1.06.00..,background,background
oewn-scenery__1.15.00..,background,background
oewn-scented__3.00.00..,artifact,artifact
oewn-schedule__1.09.00..,artifact,artifact
oewn-scheduled__3.00.00..,artifact,artifact
oewn-scheelite__1.27.00..,artifact,artifact
oewn-schematic__1.06.00..,artifact,artifact
oewn-scheme__1.09.00..,artifact,artifact
oewn-scheme__2.31.00..,external,external
oewn-schizophrenia__1.26.00..,artifact,artifact
oewn-scholarly__3.00.00..,artifact,artifact
oewn-scholarship__1.21.00..,artifact,artifact
oewn-school__1.06.00..,artifact,background
oewn-school__1.14.00..,artifact,background
oewn-school__1.14.01..,artifact,background
oewn-school__1.14.02..,artifact,background
oewn-school__1.14.03..,artifact,background
oewn-school__1.28.00..,artifact,background
oewn-schooling__1.04.00..,artifact,artifact
oewn-science__1.09.00..,background,background
oewn-scientific__3.01.00..,artifact,artifact
oewn-scientist__1.18.00..,artifact,artifact
oewn-scintillate__2.43.00..,artifact,artifact
oewn-scissors__1.06.00..,artifact,artifact
oewn-sclera__1.08.00..,background,background
oewn-scleroprotein__1.27.00..,graph_data,graph_data
oewn-scope__1.07.00..,artifact,artifact
oewn-score__1.09.00..,artifact,artifact
oewn-score__1.23.00..,artifact,artifact
oewn-score__2.33.00..,artifact,artifact
oewn-scores__1.23.00..,artifact,artifact
oewn-scoring__1.04.00..,artifact,artifact
oewn-scrape__2.35.00..,artifact,artifact
oewn-scratch__1.26.00..,artifact,artifact
oewn-scratch__2.35.03..,artifact,artifact
oewn-screen__1.06.02..,artifact,artifact
oewn-screen__1.06.05..,external,external
oewn-screen__1.06.06..,artifact,artifact
oewn-screen__2.39.00..,artifact,artifact
oewn-screen__2.41.01..,artifact,artifact
oewn-screw__1.06.00..,artifact,artifact
oewn-screw__1.18.00..,closed,closed
oewn-scrimmage__1.04.01..,artifact,artifact
oewn-script__1.10.00..,artifact,artifact
oewn-scrofula__1.26.00..,artifact,artifact
oewn-scroll__1.25.00..,artifact,artifact
oewn-sculptor__1.17.00..,artifact,artifact
oewn-sculpture__1.04.00..,closed,closed
oewn-sculpture__1.06.00..,closed,closed
oewn-scurvy__1.26.00..,background,background
oewn-seabed__1.17.00..,artifact,artifact
oewn-seabird__1.05.00..,graph_data,graph_data
oewn-seaboard__1.17.00..,artifact,artifact
oewn-seal__1.06.00..,artifact,artifact
oewn-seal__1.06.01..,artifact,artifact
oewn-seal__1.10.01..,artifact,artifact
oewn-sealed__3.00.02..,artifact,artifact
oewn-sealing__1.04.00..,artifact,artifact
oewn-seam__1.06.00..,artifact,artifact
oewn-seaport__1.15.00..,artifact,artifact
oewn-sear__2.30.00..,artifact,artifact
oewn-search__1.04.00..,artifact,artifact
oewn-search__1.09.00..,artifact,artifact
oewn-search__2.35.00..,artifact,artifact
oewn-searching__5.00.00.inquiring.00,artifact,artifact
oewn-season__1.28.02..,artifact,artifact
oewn-seasonal__1.18.00..,artifact,artifact
oewn-seasonally__4.02.00..,artifact,artifact
oewn-seasoned__3.00.00..,artifact,artifact
oewn-seasoning__1.13.00..,artifact,artifact
oewn-seat__1.06.00..,closed,closed
oewn-seat__1.15.00..,closed,closed
oewn-seat__1.15.01..,closed,closed
oewn-seat__2.35.00..,closed,closed
oewn-seat__2.40.00..,closed,closed
oewn-seat__2.41.00..,closed,closed
oewn-seat__2.42.00..,closed,closed
oewn-seated__3.00.00..,artifact,artifact
oewn-seats__1.06.00..,artifact,background
oewn-seaweed__1.05.00..,graph_data,graph_data
oewn-secluded__5.00.00.private.00,external,external
oewn-seclusion__1.07.00..,artifact,artifact
oewn-second__1.04.00..,closed,closed
oewn-second__1.23.00..,closed,closed
oewn-second__1.24.00..,closed,closed
oewn-second__1.28.00..,closed,closed
oewn-second__5.00.00.ordinal.00,closed,closed
oewn-secondary__1.06.00..,artifact,artifact
oewn-secondary__1.14.00..,artifact,artifact
oewn-secondary__5.00.00.junior.00,artifact,artifact
oewn-secrecy__1.07.02..,artifact,artifact
oewn-secret__1.10.00..,closed,closed
oewn-secret__1.10.01..,closed,closed
oewn-secretary__1.18.01..,artifact,artifact
oewn-secrete__2.29.00..,artifact,artifact
oewn-secretion__1.08.00..,artifact,artifact
oewn-secretion__1.22.00..,artifact,artifact
oewn-secretive__5.00.00.uncommunicative.00,artifact,artifact
oewn-secretly__4.02.00..,artifact,artifact
oewn-sect__1.14.01..,artifact,artifact
oewn-section__1.10.00..,artifact,artifact
oewn-section__1.14.01..,artifact,artifact
oewn-section__1.15.00..,artifact,artifact
oewn-section__1.15.01..,artifact,artifact
oewn-secular__1.18.00..,artifact,artifact
oewn-secure__2.32.00..,closed,closed
oewn-secure__2.35.01..,artifact,artifact
oewn-secure__2.40.00..,background,background
oewn-secure__3.00.01..,external,external
oewn-secure__3.00.02..,artifact,artifact
oewn-secure__5.00.00.invulnerable.00,artifact,artifact
oewn-secure__5.00.00.sound.00,closed,closed
oewn-securely__4.02.00..,artifact,artifact
oewn-security__1.26.00..,closed,closed
oewn-sedate__5.00.00.serious.00,artifact,artifact
oewn-sedation__1.26.00..,artifact,artifact
oewn-sedative__1.06.00..,artifact,artifact
oewn-sedentary__5.00.00.inactive.01,artifact,artifact
oewn-sedge__1.20.00..,artifact,artifact
oewn-sediment__1.17.00..,background,background
oewn-sediment__2.38.00..,background,background
oewn-sediment__2.38.01..,background,background
oewn-sedimentary__3.01.00..,artifact,artifact
oewn-seducer__1.18.01..,artifact,artifact
oewn-seed__1.08.00..,closed,closed
oewn-seed__1.20.00..,closed,closed
oewn-seed__1.20.02..,closed,closed
oewn-seeded__3.00.00..,artifact,artifact
oewn-seedless__3.00.00..,artifact,artifact
oewn-seeing__1.09.02..,artifact,artifact
oewn-seeker__1.18.00..,artifact,artifact
oewn-seeking__1.04.00..,artifact,artifact
oewn-seem__2.39.00..,artifact,artifact
oewn-seem__2.39.01..,artifact,artifact
oewn-seeming__5.00.00.superficial.00,artifact,artifact
oewn-seemingly__4.02.00..,artifact,background
oewn-segment__1.06.00..,artifact,artifact
oewn-segmented__5.00.00.divided.00,artifact,artifact
oewn-segregation__1.22.00..,artifact,artifact
oewn-seize__2.35.00..,artifact,artifact
oewn-seize__2.40.07..,artifact,artifact
oewn-seizing__1.06.00..,artifact,artifact
oewn-select__2.31.00..,background,background
oewn-select__5.00.02.superior.02,background,background
oewn-selected__3.00.00..,artifact,artifact
oewn-selection__1.04.00..,artifact,background
oewn-selective__5.00.00.discriminating.00,artifact,artifact
oewn-selective__5.00.00.exclusive.00,artifact,artifact
oewn-selectively__4.02.00..,artifact,artifact
oewn-self__1.09.00..,artifact,artifact
oewn-selflessness__1.07.00..,artifact,artifact
oewn-sell__1.04.00..,artifact,artifact
oewn-sell__2.40.02..,artifact,artifact
oewn-seller__1.18.00..,background,background
oewn-selling__1.04.00..,artifact,artifact
oewn-sellotape__1.06.00..,artifact,artifact
oewn-sellotape__2.35.00..,artifact,artifact
oewn-semantics__1.09.00..,artifact,artifact
oewn-semaphore__2.32.00..,closed,closed
oewn-semaphore__2.32.01..,closed,closed
oewn-semen__1.08.00..,artifact,artifact
oewn-semiaquatic__5.00.02.amphibious.00,artifact,artifact
oewn-semiconducting__5.00.00.conductive.00,artifact,external
oewn-semiconductor__1.27.00..,background,background
oewn-semiformal__5.00.00.formal.01,background,background
oewn-seminary__1.14.01..,artifact,artifact
oewn-seminiferous__3.01.00..,artifact,artifact
oewn-semiprecious__5.00.00.valuable.00,artifact,artifact
oewn-semisolid__5.00.00.solid.01,artifact,artifact
oewn-semisynthetic__5.00.00.artificial.00,artifact,artifact
oewn-semitic__1.10.00..,artifact,artifact
oewn-semitransparent__5.00.00.clear.02,background,background
oewn-send__2.32.02..,closed,closed
oewn-send__2.33.00..,closed,closed
oewn-send__2.38.01..,closed,closed
oewn-sending__1.04.00..,artifact,external
oewn-senior__1.18.00..,artifact,artifact
oewn-sensation__1.09.00..,background,background
oewn-sensation__1.09.01..,background,background
oewn-sensation__1.12.00..,background,background
oewn-sensational__3.00.00..,artifact,external
oewn-sensational__5.00.00.impressive.00,circular,circular
oewn-sense__1.09.05..,artifact,background
oewn-sense__1.09.06..,artifact,background
oewn-sense__2.31.03..,artifact,background
oewn-sense__2.39.00..,artifact,background
oewn-sensible__3.00.04..,artifact,artifact
oewn-sensing__1.09.00..,artifact,artifact
oewn-sensitive__1.18.00..,artifact,artifact
oewn-sensitive__5.00.00.painful.00,artifact,artifact
oewn-sensitivity__1.09.00..,artifact,artifact
oewn-sensitivity__1.12.00..,artifact,artifact
oewn-sensitized__5.00.00.susceptible.00,artifact,artifact
oewn-sensory__5.00.00.afferent.00,artifact,artifact
oewn-sensual__5.00.00.physical.00,artifact,artifact
oewn-sensuality__1.12.00..,artifact,artifact
oewn-sent__1.23.00..,artifact,artifact
oewn-sent__3.00.00..,artifact,artifact
oewn-sentence__1.10.00..,closed,closed
oewn-sentence__1.28.00..,closed,closed
oewn-sentiment__1.09.00..,artifact,artifact
oewn-sentry__1.18.00..,artifact,artifact
oewn-separate__1.10.00..,artifact,artifact
oewn-separate__2.41.01..,artifact,artifact
oewn-separate__2.41.02..,artifact,artifact
oewn-separate__2.42.00..,artifact,artifact
oewn-separate__3.00.00..,artifact,artifact
oewn-separate__5.00.00.detached.00,artifact,artifact
oewn-separated__5.00.00.separate.00,background,background
oewn-separately__4.02.02..,closed,closed
oewn-separation__1.07.00..,artifact,artifact
oewn-separation__1.26.00..,artifact,artifact
oewn-septal__3.01.00..,artifact,artifact
oewn-septicemia__1.26.00..,artifact,artifact
oewn-septum__1.08.00..,artifact,artifact
oewn-sequence__1.07.00..,background,background
oewn-sequence__1.14.00..,background,background
oewn-sequence__2.31.00..,background,background
oewn-sequence__2.32.00..,background,background
oewn-sequential__5.00.00.ordered.00,external,external
oewn-sequestered__5.00.00.private.00,artifact,artifact
oewn-serene__5.00.00.composed.00,artifact,artifact
oewn-serenely__4.02.00..,artifact,artifact
oewn-serial__1.10.00..,artifact,background
oewn-series__1.09.00..,artifact,artifact
oewn-series__1.11.00..,artifact,artifact
oewn-series__1.14.00..,artifact,artifact
oewn-series__1.24.00..,artifact,artifact
oewn-serious__3.00.00..,artifact,artifact
oewn-serious__5.00.00.critical.03,artifact,artifact
oewn-serious__5.00.00.intellectual.00,artifact,artifact
oewn-seriously__4.02.00..,artifact,artifact
oewn-seriousness__1.12.00..,artifact,artifact
oewn-sermon__1.10.00..,artifact,artifact
oewn-serous__3.01.00..,artifact,artifact
oewn-serum__1.08.00..,artifact,artifact
oewn-servant__1.18.00..,artifact,artifact
oewn-serve__1.04.00..,artifact,artifact
oewn-serve__2.33.00..,artifact,artifact
oewn-serve__2.42.03..,artifact,artifact
oewn-service__1.04.01..,artifact,artifact
oewn-service__1.04.08..,background,background
oewn-service__1.04.09..,artifact,artifact
oewn-service__1.14.00..,artifact,artifact
oewn-service__2.30.00..,artifact,artifact
oewn-service__2.41.00..,artifact,artifact
oewn-services__1.04.00..,background,background
oewn-serving__1.13.00..,background,background
oewn-sesame__1.20.00..,background,background
oewn-sessile__3.00.02..,artifact,artifact
oewn-session__1.28.00..,artifact,background
oewn-setting__1.15.00..,artifact,artifact
oewn-setting__1.26.01..,artifact,background
oewn-settle__1.06.00..,background,background
oewn-settle__2.31.00..,background,background
oewn-settle__2.38.01..,background,background
oewn-settle__2.38.02..,background,background
oewn-settled__3.00.01..,artifact,artifact
oewn-settled__3.00.02..,artifact,artifact
oewn-settled__5.00.00.inhabited.00,closed,closed
oewn-settlement__1.14.00..,artifact,artifact
oewn-seventh__1.24.00..,artifact,artifact
oewn-seventh__5.00.00.ordinal.00,artifact,artifact
oewn-several__5.00.00.individual.00,background,background
oewn-several__5.00.00.some.00,background,background
oewn-severe__5.00.00.critical.03,background,background
oewn-severe__5.00.00.intense.00,background,background
oewn-severe__5.00.00.plain.01,background,background
oewn-severely__4.02.01..,artifact,artifact
oewn-severity__1.07.00..,artifact,artifact
oewn-severity__1.07.01..,artifact,artifact
oewn-sewage__1.27.00..,artifact,artifact
oewn-sewing__1.04.00..,artifact,external
oewn-sewing__1.06.00..,artifact,artifact
oewn-sextant__1.06.00..,artifact,artifact
oewn-sexual__3.00.00..,background,background
oewn-sexual__3.01.01..,background,background
oewn-sexual__5.00.00.sexy.00,background,background
oewn-sexuality__1.07.00..,background,background
oewn-sexually__4.02.00..,background,background
oewn-sexually__4.02.01..,artifact,artifact
oewn-shackle__1.06.01..,graph_data,graph_data
oewn-shade__1.06.00..,background,background
oewn-shade__1.07.00..,background,background
oewn-shade__1.26.00..,background,background
oewn-shadow__1.26.01..,background,background
oewn-shadowed__5.00.00.shaded.01,artifact,artifact
oewn-shady__5.00.00.concealed.00,external,external
oewn-shaft__1.06.00..,artifact,artifact
oewn-shaft__1.06.03..,artifact,artifact
oewn-shaft__1.10.00..,artifact,artifact
oewn-shaft__1.10.01..,artifact,artifact
oewn-shaggy__5.00.00.ungroomed.00,artifact,artifact
oewn-shakable__5.00.00.contestable.00,artifact,artifact
oewn-shake__1.27.00..,artifact,artifact
oewn-shake__2.38.00..,artifact,artifact
oewn-shaker__1.18.00..,artifact,artifact
oewn-shaking__1.04.00..,artifact,artifact
oewn-shaky__5.00.00.unstable.00,artifact,artifact
oewn-shallow__1.17.00..,closed,closed
oewn-shallow__2.30.00..,closed,closed
oewn-shallow__2.30.01..,closed,closed
oewn-shame__1.12.00..,background,background
oewn-shame__1.26.00..,background,background
oewn-shame__2.37.00..,background,background
oewn-shame__2.41.00..,background,background
oewn-shame__2.41.01..,background,background
oewn-shank__1.05.00..,artifact,artifact
oewn-shank__1.06.02..,artifact,artifact
oewn-shape__1.03.00..,closed,closed
oewn-shape__1.07.00..,closed,closed
oewn-shape__1.08.00..,closed,closed
oewn-shape__1.09.00..,closed,closed
oewn-shape__1.26.00..,closed,closed
oewn-shape__2.30.00..,closed,closed
oewn-shape__2.31.00..,closed,closed
oewn-shaped__3.01.00..,closed,closed
oewn-shaped__5.00.00.formed.00,closed,closed
oewn-shaping__1.22.00..,artifact,artifact
oewn-share__1.21.00..,closed,closed
oewn-share__2.40.00..,closed,closed
oewn-share__2.40.01..,closed,closed
oewn-share__2.42.00..,closed,closed
oewn-shared__3.00.00..,artifact,artifact
oewn-shared__5.00.00.distributed.00,artifact,artifact
oewn-sharing__1.24.00..,artifact,artifact
oewn-sharing__1.24.01..,artifact,artifact
oewn-shark__2.33.00..,background,background
oewn-shark__2.41.00..,background,background
oewn-sharp__1.10.00..,artifact,artifact
oewn-sharp__3.00.00..,artifact,artifact
oewn-sharp__3.00.04..,artifact,artifact
oewn-sharp__5.00.00.distinct.00,artifact,artifact
oewn-sharp__5.00.00.high.03,artifact,artifact
oewn-sharp__5.00.00.pointed.00,artifact,artifact
oewn-sharp__5.00.00.sudden.00,artifact,artifact
oewn-sharply__4.02.00..,artifact,artifact
oewn-sharply__4.02.02..,artifact,artifact
oewn-sharpness__1.09.01..,artifact,artifact
oewn-shave__1.04.00..,artifact,background
oewn-shave__2.29.00..,artifact,artifact
oewn-shaved__3.00.00..,artifact,artifact
oewn-shaving__1.04.00..,artifact,background
oewn-shear__1.19.00..,artifact,artifact
oewn-sheared__3.00.00..,artifact,artifact
oewn-shears__1.06.00..,artifact,artifact
oewn-sheath__1.06.00..,background,background
oewn-sheathed__3.00.00..,artifact,artifact
oewn-sheathing__1.06.00..,artifact,artifact
oewn-shed__1.06.00..,artifact,artifact
oewn-shed__2.35.01..,closed,closed
oewn-shedding__1.19.00..,artifact,artifact
oewn-shedding__1.22.00..,artifact,artifact
oewn-sheen__1.07.00..,artifact,artifact
oewn-sheep__1.05.00..,closed,closed
oewn-sheet__1.10.00..,artifact,artifact
oewn-sheet__1.17.00..,artifact,artifact
oewn-shell__1.06.00..,artifact,artifact
oewn-shell__1.06.01..,artifact,artifact
oewn-shell__1.27.00..,background,background
oewn-shell__2.35.09..,artifact,artifact
oewn-shellfish__1.13.00..,graph_data,graph_data
oewn-shelter__1.06.00..,artifact,artifact
oewn-shelter__1.06.01..,external,external
oewn-shelter__2.40.00..,artifact,artifact
oewn-shelter__2.42.00..,artifact,artifact
oewn-sheltered__5.00.00.invulnerable.00,artifact,artifact
oewn-shepherd__1.18.01..,background,background
oewn-shepherd__2.41.00..,background,background
oewn-shepherd__2.41.01..,background,background
oewn-sherry__1.13.00..,artifact,artifact
oewn-shield__1.06.02..,background,background
oewn-shield__2.33.00..,artifact,artifact
oewn-shielding__1.06.01..,artifact,artifact
oewn-shift__2.30.00..,closed,closed
oewn-shift__2.30.01..,background,background
oewn-shifting__1.04.00..,artifact,background
oewn-shine__1.07.00..,artifact,artifact
oewn-shine__2.35.00..,closed,closed
oewn-shine__2.43.01..,artifact,artifact
oewn-shingles__1.26.00..,artifact,artifact
oewn-shininess__1.07.00..,artifact,artifact
oewn-shining__1.04.00..,artifact,artifact
oewn-shining__5.00.00.superior.02,artifact,artifact
oewn-shining__5.00.01.bright.00,artifact,artifact
oewn-shining__5.00.02.polished.00,artifact,artifact
oewn-shiny__3.00.04..,artifact,artifact
oewn-shiny__5.00.00.bright.00,artifact,artifact
oewn-shiny__5.00.00.polished.00,artifact,artifact
oewn-ship__1.06.00..,artifact,artifact
oewn-ship__2.35.09..,closed,closed
oewn-ship__2.38.00..,artifact,artifact
oewn-ship__2.38.01..,artifact,artifact
oewn-shipboard__5.00.00.impermanent.00,artifact,artifact
oewn-shipbuilding__1.04.00..,artifact,external
oewn-shipping__1.06.00..,artifact,artifact
oewn-shirt__1.06.00..,artifact,artifact
oewn-shock__1.12.01..,artifact,artifact
oewn-shoe__1.06.00..,closed,closed
oewn-shoes__1.26.00..,background,background
oewn-shoot__1.20.00..,artifact,background
oewn-shoot__2.33.01..,artifact,background
oewn-shooting__1.04.00..,artifact,artifact
oewn-shop__1.06.00..,artifact,artifact
oewn-shopping__1.04.00..,artifact,artifact
oewn-shore__1.17.00..,closed,closed
oewn-shore__2.38.00..,closed,closed
oewn-shore__2.42.00..,closed,closed
oewn-shorebird__1.05.00..,artifact,artifact
oewn-shoreline__1.17.00..,artifact,artifact
oewn-short__1.06.00..,closed,closed
oewn-short__2.41.00..,closed,closed
oewn-short__3.00.02..,closed,closed
oewn-short__4.02.06..,closed,closed
oewn-short__4.02.07..,closed,closed
oewn-short__4.02.08..,closed,closed
oewn-short__5.00.00.insufficient.00,closed,closed
oewn-shortened__5.00.00.short.02,artifact,artifact
oewn-shortened__5.00.01.short.01,closed,closed
oewn-shortening__1.04.00..,artifact,artifact
oewn-shortening__1.13.00..,artifact,artifact
oewn-shortness__1.07.03..,background,background
oewn-shortstop__1.04.00..,artifact,artifact
oewn-shot__1.04.00..,artifact,artifact
oewn-shot__1.06.02..,artifact,artifact
oewn-shot__1.10.00..,artifact,artifact
oewn-shoulder__1.06.00..,background,background
oewn-shoulder__1.06.01..,background,background
oewn-shoulder__1.08.00..,background,background
oewn-shout__2.32.00..,artifact,artifact
oewn-shouting__1.10.00..,artifact,artifact
oewn-show__1.04.00..,artifact,artifact
oewn-show__2.32.00..,artifact,artifact
oewn-show__2.32.02..,artifact,artifact
oewn-show__2.32.04..,artifact,artifact
oewn-show__2.36.00..,background,background
oewn-show__2.39.00..,artifact,artifact
oewn-show__2.39.02..,artifact,artifact
oewn-shower__1.06.00..,artifact,artifact
oewn-shower__1.18.00..,artifact,artifact
oewn-showiness__1.07.00..,artifact,artifact
oewn-showing__1.04.00..,artifact,artifact
oewn-showing__1.10.01..,artifact,artifact
oewn-showy__5.00.00.ostentatious.00,artifact,artifact
oewn-shrewd__5.00.00.smart.00,artifact,artifact
oewn-shrewdly__4.02.00..,artifact,artifact
oewn-shrewdness__1.09.00..,artifact,artifact
oewn-shroud__2.35.01..,closed,closed
oewn-shroud__2.42.02..,closed,closed
oewn-shrub__1.20.00..,artifact,artifact
oewn-shrubby__3.01.00..,artifact,artifact
oewn-shunning__1.04.00..,artifact,artifact
oewn-shut__2.35.00..,artifact,artifact
oewn-shut__2.35.06..,background,background
oewn-shut__3.00.00..,closed,closed
oewn-shutter__1.06.01..,graph_data,graph_data
oewn-shuttlecock__1.06.00..,artifact,artifact
oewn-sick__2.29.00..,artifact,artifact
oewn-sickle__1.06.00..,artifact,artifact
oewn-sickness__1.26.00..,artifact,artifact
oewn-side__1.06.00..,artifact,background
oewn-side__1.08.00..,artifact,background
oewn-side__1.10.00..,artifact,background
oewn-side__1.11.00..,artifact,background
oewn-side__1.13.00..,artifact,background
oewn-side__1.15.00..,artifact,background
oewn-side__1.15.01..,artifact,background
oewn-side__1.15.02..,artifact,background
oewn-side__2.33.00..,artifact,background
oewn-side__3.00.00..,artifact,background
oewn-sidestroke__1.04.00..,artifact,artifact
oewn-sidewalk__1.06.00..,artifact,artifact
oewn-sideways__4.02.02..,artifact,background
oewn-siding__1.27.00..,artifact,artifact
oewn-siege__1.04.00..,artifact,artifact
oewn-sieve__1.06.00..,artifact,artifact
oewn-sifting__1.04.00..,artifact,background
oewn-sigh__2.29.00..,background,background
oewn-sigh__2.32.01..,background,background
oewn-sight__1.04.00..,artifact,artifact
oewn-sight__1.09.00..,artifact,background
oewn-sight__1.09.01..,artifact,artifact
oewn-sight__2.39.00..,external,external
oewn-sign__1.10.05..,closed,closed
oewn-sign__1.15.00..,closed,closed
oewn-sign__2.32.02..,closed,closed
oewn-sign__2.32.03..,closed,closed
oewn-signal__1.10.00..,artifact,artifact
oewn-signal__1.19.00..,artifact,artifact
oewn-signal__2.32.00..,artifact,artifact
oewn-signal__2.32.01..,artifact,artifact
oewn-signalling__1.10.01..,artifact,artifact
oewn-signature__1.10.00..,external,external
oewn-signed__3.00.00..,external,external
oewn-significance__1.07.00..,background,background
oewn-significance__1.09.01..,background,background
oewn-significant__3.00.00..,artifact,artifact
oewn-significant__5.00.00.considerable.00,artifact,background
oewn-signify__2.32.00..,artifact,artifact
oewn-signing__1.10.00..,artifact,artifact
oewn-silage__1.13.00..,background,background
oewn-silently__4.02.00..,artifact,artifact
oewn-silhouette__2.36.00..,background,background
oewn-silhouette__2.39.00..,background,background
oewn-silica__1.27.00..,background,background
oewn-silk__1.06.00..,artifact,artifact
oewn-silk__1.27.00..,artifact,artifact
oewn-silkweed__1.20.00..,artifact,artifact
oewn-silky__5.00.00.bright.00,artifact,artifact
oewn-silo__1.06.00..,artifact,artifact
oewn-silt__1.27.00..,artifact,artifact
oewn-silver__1.07.00..,closed,closed
oewn-silver__1.27.00..,closed,closed
oewn-silver__2.30.00..,closed,closed
oewn-silver__2.35.00..,closed,closed
oewn-silver__5.00.00.achromatic.00,closed,closed
oewn-silver__5.00.00.bright.00,closed,closed
oewn-silver__5.00.00.metallic.00,closed,closed
oewn-silverware__1.06.00..,artifact,artifact
oewn-silvery__5.00.00.euphonious.00,closed,closed
oewn-similarity__1.07.00..,artifact,artifact
oewn-similarity__1.09.00..,artifact,artifact
oewn-similarly__4.02.00..,closed,closed
oewn-simple__1.20.00..,closed,closed
oewn-simple__3.00.02..,closed,closed
oewn-simple__5.00.00.easy.01,closed,closed
oewn-simple__5.00.02.plain.01,closed,closed
oewn-simply__4.02.00..,artifact,artifact
oewn-simulation__1.06.00..,background,background
oewn-simultaneous__5.00.00.synchronous.00,artifact,artifact
oewn-simultaneously__4.02.00..,artifact,artifact
oewn-sincere__3.00.00..,external,external
oewn-sincere__5.00.00.serious.00,artifact,artifact
oewn-sincerely__4.02.00..,artifact,artifact
oewn-sincerity__1.12.00..,artifact,artifact
oewn-sinewy__5.00.00.tough.01,artifact,artifact
oewn-sinfulness__1.07.00..,artifact,artifact
oewn-sing__2.36.01..,artifact,artifact
oewn-singer__1.18.00..,closed,closed
oewn-singing__1.04.00..,artifact,artifact
oewn-singing__1.10.02..,artifact,artifact
oewn-single__1.04.00..,background,background
oewn-single__1.23.00..,background,background
oewn-single__2.35.00..,background,background
oewn-single__3.00.00..,background,background
oewn-single__3.00.04..,background,background
oewn-single__3.00.05..,background,background
oewn-single__5.00.00.concentrated.00,background,background
oewn-single__5.00.00.uniform.00,background,background
oewn-single__5.00.00.unshared.00,background,background
oewn-singles__1.04.00..,artifact,artifact
oewn-singleton__1.23.00..,artifact,artifact
oewn-singly__4.02.00..,background,background
oewn-singsong__2.32.00..,background,background
oewn-singsong__2.38.00..,background,background
oewn-singular__1.10.00..,artifact,artifact
oewn-singular__5.00.00.extraordinary.00,artifact,artifact
oewn-sinhalese__3.01.00..,closed,closed
oewn-sinhalese__3.01.01..,closed,closed
oewn-sinister__5.00.00.alarming.00,artifact,artifact
oewn-sink__1.06.00..,artifact,artifact
oewn-sink__2.38.00..,closed,closed
oewn-sink__2.38.01..,artifact,artifact
oewn-sink__2.38.07..,background,background
oewn-sinking__1.11.00..,artifact,artifact
oewn-sinuous__5.00.00.curved.00,background,background
oewn-sinuously__4.02.00..,external,external
oewn-sinus__1.08.03..,artifact,artifact
oewn-sinusoidal__5.00.00.curved.00,external,external
oewn-sinusoidally__4.02.00..,external,external
oewn-siphon__2.35.00..,background,background
oewn-siphon__2.38.00..,background,background
oewn-sirloin__1.13.00..,background,background
oewn-sister__1.18.00..,artifact,artifact
oewn-sister__1.18.01..,artifact,artifact
oewn-site__1.10.00..,artifact,artifact
oewn-site__1.15.00..,artifact,artifact
oewn-site__2.40.00..,background,background
oewn-sitting__1.04.01..,artifact,artifact
oewn-sitting__5.00.00.nonmoving.00,artifact,artifact
oewn-situated__5.00.00.settled.01,background,background
oewn-situation__1.04.00..,background,background
oewn-situation__1.26.00..,background,background
oewn-situation__1.26.01..,background,background
oewn-situation__1.26.02..,background,background
oewn-sixteenth__5.00.00.ordinal.00,artifact,artifact
oewn-sixth__5.00.00.ordinal.00,artifact,artifact
oewn-size__1.07.00..,closed,closed
oewn-size__1.07.01..,closed,closed
oewn-size__1.07.02..,closed,closed
oewn-size__2.30.00..,closed,closed
oewn-size__2.31.00..,closed,closed
oewn-size__2.35.00..,closed,closed
oewn-size__5.00.00.sized.00,closed,closed
oewn-sizeable__5.00.00.large.00,closed,closed
oewn-sized__3.00.00..,background,background
oewn-sizing__1.27.00..,artifact,artifact
oewn-skating__1.04.00..,artifact,artifact
oewn-skeleton__1.06.00..,artifact,artifact
oewn-skeleton__1.08.00..,background,background
oewn-skeleton__1.23.00..,external,external
oewn-sketch__1.06.00..,artifact,artifact
oewn-sketchy__5.00.00.incomplete.00,artifact,artifact
oewn-skill__1.09.01..,background,background
oewn-skilled__3.00.00..,artifact,artifact
oewn-skillful__5.00.00.skilled.00,artifact,artifact
oewn-skillfully__4.02.00..,background,background
oewn-skillfulness__1.09.00..,artifact,artifact
oewn-skim__2.35.00..,artifact,artifact
oewn-skin__1.05.01..,background,background
oewn-skin__1.06.01..,background,background
oewn-skin__1.08.00..,background,background
oewn-skin__1.13.00..,background,background
oewn-skin__1.18.00..,background,background
oewn-skin__1.18.01..,background,background
oewn-skin__2.35.02..,background,background
oewn-skin__2.38.00..,background,background
oewn-skinned__3.00.00..,background,background
oewn-skintight__5.00.00.tight.01,artifact,artifact
oewn-skirt__1.06.00..,artifact,artifact
oewn-skirt__1.06.01..,artifact,artifact
oewn-skull__1.08.00..,external,external
oewn-slab__1.06.00..,closed,closed
oewn-slack__1.27.00..,artifact,artifact
oewn-slain__1.14.00..,background,background
oewn-slain__5.00.01.dead.01,background,background
oewn-slang__1.10.01..,artifact,artifact
oewn-slant__1.09.00..,artifact,artifact
oewn-slanted__5.00.00.inclined.01,artifact,artifact
oewn-slanted__5.00.00.partial.01,artifact,background
oewn-slanting__5.00.00.inclined.01,artifact,artifact
oewn-slapstick__1.10.00..,artifact,artifact
oewn-slave__1.18.00..,artifact,artifact
oewn-slaying__1.04.00..,artifact,artifact
oewn-sled__1.06.00..,artifact,artifact
oewn-sleep__1.26.00..,closed,closed
oewn-sleep__1.26.02..,closed,closed
oewn-sleeper__1.18.00..,closed,closed
oewn-sleeping__1.09.00..,closed,closed
oewn-sleeplessness__1.26.00..,artifact,background
oewn-sleepy__5.00.00.asleep.00,artifact,artifact
oewn-sleet__1.19.00..,artifact,artifact
oewn-sleeve__1.06.00..,artifact,artifact
oewn-sleeveless__3.00.00..,artifact,background
oewn-slender__5.00.00.narrow.00,background,background
oewn-slender__5.00.00.small.00,background,background
oewn-slender__5.00.00.thin.01,background,background
oewn-slender__5.00.00.thin.03,background,background
oewn-slew__1.23.00..,artifact,artifact
oewn-slice__1.17.00..,artifact,artifact
oewn-slice__1.21.00..,closed,closed
oewn-slicing__1.04.00..,artifact,background
oewn-slickness__1.07.01..,artifact,artifact
oewn-slide__1.06.01..,artifact,artifact
oewn-slide__1.06.02..,artifact,artifact
oewn-sliding__5.00.00.slippery.00,background,background
oewn-slight__1.04.00..,artifact,artifact
oewn-slight__5.00.00.insignificant.00,artifact,artifact
oewn-slightly__4.02.01..,closed,closed
oewn-slime__1.27.00..,artifact,artifact
oewn-slimy__5.00.00.slippery.00,artifact,artifact
oewn-sling__1.13.00..,graph_data,graph_data
oewn-slingshot__1.06.00..,artifact,artifact
oewn-slip__1.04.02..,artifact,artifact
oewn-slippery__3.00.00..,artifact,artifact
oewn-slit__1.06.00..,background,background
oewn-slope__1.07.00..,background,background
oewn-slope__1.17.00..,artifact,artifact
oewn-sloping__5.00.00.inclined.01,artifact,artifact
oewn-slot__1.06.01..,artifact,artifact
oewn-slot__1.10.00..,artifact,artifact
oewn-slow__2.30.00..,artifact,artifact
oewn-slow__3.00.01..,artifact,artifact
oewn-slow__4.02.00..,artifact,artifact
oewn-slow__4.02.01..,artifact,artifact
oewn-slow__5.00.00.stupid.00,artifact,artifact
oewn-slow__5.00.00.uninteresting.00,artifact,artifact
oewn-slowly__4.02.01..,closed,closed
oewn-slowly__4.02.02..,artifact,artifact
oewn-sluice__1.06.00..,background,background
oewn-sluice__2.30.01..,background,background
oewn-sluice__2.43.00..,background,background
oewn-sluicegate__1.06.00..,artifact,artifact
oewn-slur__1.10.01..,artifact,artifact
oewn-small__1.07.00..,closed,closed
oewn-small__1.08.00..,closed,closed
oewn-small__3.00.00..,closed,closed
oewn-small__4.02.00..,closed,closed
oewn-small__5.00.00.fine.00,closed,closed
oewn-small__5.00.00.limited.00,closed,closed
oewn-small__5.00.00.little.03,closed,closed
oewn-smaller__5.00.00.small.00,background,background
oewn-smallness__1.07.00..,artifact,artifact
oewn-smaltite__1.27.00..,artifact,artifact
oewn-smart__3.00.00..,artifact,artifact
oewn-smear__2.35.02..,graph_data,graph_data
oewn-smear__2.35.03..,artifact,artifact
oewn-smell__1.09.02..,artifact,artifact
oewn-smelling__5.00.00.odorous.00,artifact,artifact
oewn-smelt__1.13.00..,artifact,artifact
oewn-smiler__1.08.00..,artifact,artifact
oewn-smiler__1.18.00..,closed,closed
oewn-smoke__1.19.00..,artifact,artifact
oewn-smoke__1.22.00..,artifact,artifact
oewn-smoke__2.34.00..,artifact,artifact
oewn-smoke__2.43.00..,artifact,artifact
oewn-smoked__5.00.00.preserved.02,artifact,artifact
oewn-smoker__1.18.00..,background,background
oewn-smoking__1.04.00..,artifact,background
oewn-smoking__1.22.00..,artifact,artifact
oewn-smooth__1.04.00..,closed,closed
oewn-smooth__2.35.00..,closed,closed
oewn-smooth__2.35.01..,closed,closed
oewn-smooth__3.00.00..,closed,closed
oewn-smooth__3.00.03..,closed,closed
oewn-smooth__3.00.04..,closed,closed
oewn-smooth__5.00.00.diplomatic.00,closed,closed
oewn-smoothed__5.00.00.ironed.00,artifact,artifact
oewn-smoothly__4.02.00..,artifact,background
oewn-smoothness__1.07.00..,artifact,artifact
oewn-smoothness__1.07.01..,artifact,artifact
oewn-snail__1.05.00..,graph_data,graph_data
oewn-snake__2.38.01..,closed,closed
oewn-snake__2.42.00..,closed,closed
oewn-snapdragon__1.20.00..,artifact,artifact
oewn-snare__1.06.01..,background,background
oewn-snare__1.06.02..,background,background
oewn-snare__2.35.00..,background,background
oewn-snarled__5.00.00.tangled.00,artifact,artifact
oewn-sneaky__5.00.00.crooked.02,artifact,artifact
oewn-sneering__5.00.00.uncomplimentary.00,artifact,artifact
oewn-snipe__1.05.00..,artifact,artifact
oewn-snout__1.05.00..,artifact,artifact
oewn-snow__1.18.00..,artifact,artifact
oewn-snow__1.19.00..,artifact,artifact
oewn-snow__1.27.00..,artifact,artifact
oewn-snowdrop__1.20.02..,graph_data,graph_data
oewn-snugly__4.02.00..,artifact,artifact
oewn-so__1.10.00..,closed,closed
oewn-so__4.02.02..,closed,closed
oewn-so__4.02.07..,closed,closed
oewn-soak__2.30.00..,artifact,artifact
oewn-soak__2.35.01..,background,background
oewn-soaked__5.00.00.intoxicated.00,artifact,artifact
oewn-soaking__1.22.00..,artifact,artifact
oewn-soap__1.06.00..,graph_data,graph_data
oewn-soapy__3.01.00..,graph_data,graph_data
oewn-soar__2.38.01..,external,external
oewn-soaring__1.04.00..,artifact,artifact
oewn-soccer__1.04.00..,artifact,artifact
oewn-sociability__1.07.00..,background,background
oewn-sociable__1.14.00..,artifact,artifact
oewn-sociable__5.00.00.congenial.00,artifact,artifact
oewn-social__1.14.00..,background,background
oewn-social__3.01.00..,background,background
oewn-social__5.00.00.sociable.00,background,background
oewn-socialism__1.09.00..,artifact,artifact
oewn-socialist__1.18.00..,artifact,artifact
oewn-socialization__1.04.02..,artifact,artifact
oewn-socially__4.02.00..,artifact,artifact
oewn-society__1.14.00..,artifact,artifact
oewn-sociological__3.01.00..,artifact,artifact
oewn-sociology__1.09.00..,artifact,artifact
oewn-sociopath__1.18.00..,artifact,artifact
oewn-sock__1.06.00..,artifact,artifact
oewn-sodom__1.15.00..,artifact,artifact
oewn-sofa__1.06.00..,background,background
oewn-soft__3.00.01..,closed,closed
oewn-soft__3.00.03..,closed,closed
oewn-soft__3.00.05..,closed,closed
oewn-soft__3.00.07..,closed,closed
oewn-soft__5.00.00.clement.02,closed,closed
oewn-soft__5.00.00.mild.00,closed,closed
oewn-soft__5.00.00.tender.02,closed,closed
oewn-softball__1.04.00..,artifact,artifact
oewn-soften__2.39.00..,closed,closed
oewn-softened__5.00.00.modulated.00,artifact,artifact
oewn-softening__1.22.00..,background,background
oewn-softly__4.02.00..,artifact,artifact
oewn-soggy__5.00.00.wet.01,artifact,artifact
oewn-soil__1.17.00..,artifact,artifact
oewn-soil__1.26.00..,artifact,background
oewn-soil__1.27.01..,artifact,artifact
oewn-soil__2.35.00..,artifact,artifact
oewn-soiled__3.00.04..,artifact,artifact
oewn-sojourn__1.04.00..,artifact,artifact
oewn-solanaceous__3.01.00..,artifact,artifact
oewn-solar__3.01.00..,background,background
oewn-sold__3.00.00..,closed,closed
oewn-soldier__1.18.00..,artifact,artifact
oewn-sole__1.06.00..,artifact,artifact
oewn-sole__1.08.00..,artifact,background
oewn-sole__2.30.00..,artifact,background
oewn-solely__4.02.00..,background,background
oewn-solemn__5.00.00.serious.00,artifact,artifact
oewn-solemnly__4.02.00..,artifact,artifact
oewn-solferino__1.04.00..,artifact,artifact
oewn-solferino__1.07.00..,artifact,artifact
oewn-solicitous__5.00.00.concerned.00,background,background
oewn-solicitude__1.12.00..,closed,closed
oewn-solid__1.25.00..,closed,closed
oewn-solid__1.26.00..,closed,closed
oewn-solid__1.27.04..,closed,closed
oewn-solid__3.00.01..,closed,closed
oewn-solid__5.00.00.good.01,closed,closed
oewn-solid__5.00.00.hard.01,closed,closed
oewn-solid__5.00.00.sound.01,closed,closed
oewn-solidification__1.22.00..,artifact,artifact
oewn-solidified__5.00.00.solid.01,artifact,artifact
oewn-solidity__1.07.02..,artifact,artifact
oewn-solidly__4.02.02..,artifact,artifact
oewn-solitary__1.26.00..,artifact,artifact
oewn-solitude__1.26.00..,artifact,artifact
oewn-solmization__1.10.00..,artifact,artifact
oewn-solo__1.04.01..,artifact,artifact
oewn-soluble__3.00.01..,artifact,artifact
oewn-solution__1.09.00..,background,background
oewn-solution__1.10.00..,background,background
oewn-solution__1.27.00..,background,background
oewn-solve__2.31.00..,circular,circular
oewn-solvent__1.10.00..,artifact,artifact
oewn-solvent__1.27.00..,artifact,artifact
oewn-solvent__3.00.00..,background,background
oewn-solving__1.04.00..,artifact,artifact
oewn-somber__5.00.00.depressing.00,artifact,artifact
oewn-someplace__4.02.00..,closed,closed
oewn-somewhat__4.02.01..,closed,closed
oewn-somewhere__1.15.00..,background,background
oewn-song__1.04.00..,artifact,artifact
oewn-song__1.10.00..,artifact,artifact
oewn-song__1.14.00..,artifact,artifact
oewn-sonnet__2.36.00..,background,background
oewn-sonnet__2.36.01..,background,background
oewn-sonogram__1.06.00..,background,background
oewn-sonorous__5.00.00.full.01,background,background
oewn-sonorously__4.02.00..,external,external
oewn-soon__4.02.00..,background,background
oewn-soothing__5.00.00.comfortable.00,artifact,artifact
oewn-sophisticated__3.00.00..,artifact,artifact
oewn-sophisticated__5.00.00.high-tech.00,artifact,artifact
oewn-sophistication__1.07.00..,artifact,artifact
oewn-sophistication__1.09.00..,artifact,artifact
oewn-soporific__1.06.00..,closed,closed
oewn-sorcery__1.09.00..,artifact,artifact
oewn-sore__1.26.00..,artifact,artifact
oewn-sorrow__1.09.00..,background,background
oewn-sorrow__1.12.00..,background,background
oewn-sought__3.44.00..,closed,closed
oewn-sought__5.00.00.wanted.00,closed,closed
oewn-soul__1.10.00..,artifact,artifact
oewn-soul__1.18.00..,artifact,artifact
oewn-sound__1.07.00..,closed,closed
oewn-sound__1.10.00..,closed,closed
oewn-sound__1.10.01..,closed,closed
oewn-sound__1.11.00..,closed,closed
oewn-sound__1.17.00..,closed,closed
oewn-sound__1.19.00..,closed,closed
oewn-sound__2.32.00..,closed,closed
oewn-sound__2.39.00..,closed,closed
oewn-sound__2.39.01..,closed,closed
oewn-sound__2.39.06..,closed,closed
oewn-sound__3.00.00..,closed,closed
oewn-sound__5.00.00.reasonable.00,closed,closed
oewn-sound__5.00.00.righteous.00,closed,closed
oewn-sounding__5.00.00.superficial.00,background,background
oewn-soundness__1.26.00..,background,background
oewn-sour__1.09.00..,closed,closed
oewn-sour__2.30.01..,closed,closed
oewn-sour__2.39.00..,closed,closed
oewn-sour__5.00.00.tasty.00,closed,closed
oewn-source__1.06.00..,artifact,artifact
oewn-source__1.09.00..,artifact,artifact
oewn-source__1.10.00..,artifact,artifact
oewn-source__1.15.00..,closed,closed
oewn-source__1.17.00..,artifact,artifact
oewn-source__1.18.00..,closed,closed
oewn-source__1.22.00..,artifact,artifact
oewn-source__2.40.00..,background,background
oewn-south__1.15.00..,background,background
oewn-south__1.15.01..,background,background
oewn-south__1.15.02..,artifact,background
oewn-south__1.24.00..,artifact,artifact
oewn-south__3.00.00..,artifact,artifact
oewn-southeast__1.15.00..,closed,closed
oewn-southeast__1.15.01..,closed,closed
oewn-southeast__1.24.00..,closed,closed
oewn-southeast__4.02.00..,closed,closed
oewn-southeast__5.00.01.south.00,closed,closed
oewn-southeast__5.00.02.south.00,closed,closed
oewn-southeastern__5.00.00.eastern.02,background,background
oewn-southeastern__5.00.00.south.00,background,background
oewn-southeastward__1.24.00..,artifact,artifact
oewn-southern__3.00.02..,background,background
oewn-southern__5.00.02.south.00,background,background
oewn-southernmost__5.00.00.south.00,artifact,artifact
oewn-southward__1.24.00..,artifact,artifact
oewn-southwest__1.15.00..,artifact,artifact
oewn-southwest__5.00.01.south.00,artifact,artifact
oewn-southwest__5.00.02.south.00,artifact,artifact
oewn-southwestern__1.10.00..,artifact,artifact
oewn-sovereign__1.18.00..,background,background
oewn-soviet__1.14.00..,artifact,artifact
oewn-space__1.03.00..,closed,closed
oewn-space__1.06.00..,closed,closed
oewn-space__1.10.01..,closed,closed
oewn-space__1.10.02..,closed,closed
oewn-space__1.15.00..,closed,closed
oewn-space__1.15.01..,closed,closed
oewn-space__1.25.00..,closed,closed
oewn-space__1.28.00..,closed,closed
oewn-space__2.38.00..,closed,closed
oewn-spaced__3.00.00..,circular,circular
oewn-spaced__5.00.00.distributed.00,closed,closed
oewn-spacing__1.28.00..,artifact,artifact
oewn-spadix__1.20.00..,background,background
oewn-span__1.28.00..,artifact,artifact
oewn-span__2.42.00..,external,external
oewn-spar__1.06.00..,artifact,artifact
oewn-spar__1.27.00..,artifact,artifact
oewn-spare__2.40.00..,artifact,artifact
oewn-sparingly__4.02.00..,artifact,artifact
oewn-spark__1.11.01..,artifact,artifact
oewn-spasm__1.26.00..,artifact,artifact
oewn-spasmodic__5.00.00.unsteady.00,artifact,artifact
oewn-spathe__1.20.00..,artifact,artifact
oewn-spatial__3.01.00..,closed,closed
oewn-spatially__4.02.00..,background,background
oewn-spattering__1.04.00..,background,background
oewn-spattering__1.11.00..,background,background
oewn-speak__2.32.00..,artifact,artifact
oewn-speak__2.32.02..,artifact,artifact
oewn-speaker__1.18.00..,artifact,artifact
oewn-speaking__1.10.01..,artifact,artifact
oewn-speaking__3.00.00..,artifact,artifact
oewn-speaking__5.00.01.articulate.00,artifact,artifact
oewn-spear__1.06.00..,background,background
oewn-spear__1.06.01..,background,background
oewn-spear__2.35.00..,background,background
oewn-spear__2.42.00..,background,background
oewn-special__1.10.00..,closed,closed
oewn-special__1.13.00..,closed,closed
oewn-special__5.00.00.extraordinary.00,closed,closed
oewn-special__5.00.00.specialized.00,closed,closed
oewn-special__5.00.00.specific.00,closed,closed
oewn-special__5.00.00.uncommon.00,closed,closed
oewn-special__5.00.01.specific.00,closed,closed
oewn-specialist__1.18.00..,artifact,artifact
oewn-specialization__1.22.00..,artifact,artifact
oewn-specialized__3.00.00..,artifact,artifact
oewn-specially__4.02.01..,closed,closed
oewn-specialty__1.07.02..,artifact,artifact
oewn-specie__1.21.00..,artifact,artifact
oewn-specific__1.06.00..,artifact,artifact
oewn-specific__1.09.00..,artifact,artifact
oewn-specific__3.00.00..,artifact,artifact
oewn-specific__3.00.02..,artifact,artifact
oewn-specific__5.00.00.specified.00,artifact,artifact
oewn-specifically__4.02.00..,background,background
oewn-specification__1.10.00..,artifact,artifact
oewn-specified__3.00.00..,background,background
oewn-specify__2.32.02..,artifact,artifact
oewn-specify__2.32.03..,artifact,artifact
oewn-specious__5.00.00.false.00,background,background
oewn-spectacles__1.06.00..,artifact,artifact
oewn-spectroscope__1.06.00..,artifact,artifact
oewn-spectrum__1.07.00..,background,background
oewn-speech__1.09.00..,background,background
oewn-speech__1.10.01..,background,background
oewn-speech__1.10.02..,background,background
oewn-speech__1.10.04..,background,background
oewn-speech__1.10.05..,background,background
oewn-speed__1.28.00..,background,background
oewn-speedwell__1.20.00..,closed,closed
oewn-spend__2.42.00..,artifact,artifact
oewn-spent__3.00.00..,artifact,artifact
oewn-sperm__1.08.00..,artifact,artifact
oewn-spermaceti__1.27.00..,artifact,artifact
oewn-spermatozoon__1.08.00..,artifact,artifact
oewn-sphalerite__1.27.00..,artifact,artifact
oewn-sphere__1.09.00..,artifact,artifact
oewn-sphere__1.15.01..,artifact,artifact
oewn-sphere__1.25.01..,external,external
oewn-sphere__1.26.00..,artifact,artifact
oewn-spherical__3.01.00..,artifact,artifact
oewn-spherical__5.00.00.round.00,artifact,artifact
oewn-spice__1.27.00..,graph_data,graph_data
oewn-spicy__5.00.01.tasty.00,artifact,artifact
oewn-spider__1.05.00..,artifact,artifact
oewn-spike__1.11.00..,artifact,artifact
oewn-spike__1.20.00..,artifact,artifact
oewn-spillikin__1.06.00..,artifact,artifact
oewn-spin__1.04.00..,artifact,external
oewn-spin__1.11.00..,artifact,artifact
oewn-spin__2.32.00..,background,background
oewn-spinach__1.20.00..,artifact,artifact
oewn-spine__1.05.00..,graph_data,graph_data
oewn-spine__1.08.00..,artifact,artifact
oewn-spinning__1.04.00..,closed,closed
oewn-spiny__3.00.00..,closed,closed
oewn-spiraea__1.20.01..,background,background
oewn-spiraea__1.20.02..,background,background
oewn-spiral__1.06.00..,background,background
oewn-spiral__1.25.00..,background,background
oewn-spiral__2.38.00..,background,background
oewn-spiral__2.38.01..,background,background
oewn-spirit__1.07.02..,background,background
oewn-spirit__1.18.01..,background,background
oewn-spirit__1.26.01..,background,background
oewn-spirits__1.13.00..,artifact,artifact
oewn-spiritual__1.10.00..,artifact,artifact
oewn-spiritual__5.00.00.sacred.00,artifact,artifact
oewn-spiritually__4.02.00..,artifact,artifact
oewn-spirochete__1.05.00..,artifact,artifact
oewn-spirometer__1.06.00..,background,background
oewn-spite__1.12.00..,artifact,external
oewn-splashing__1.04.00..,artifact,artifact
oewn-splashing__1.04.01..,artifact,artifact
oewn-spleen__1.08.00..,artifact,artifact
oewn-splendid__5.00.00.beautiful.00,artifact,artifact
oewn-splendor__1.07.00..,artifact,artifact
oewn-split__1.04.02..,artifact,artifact
oewn-split__1.06.00..,artifact,artifact
oewn-split__1.17.00..,artifact,artifact
oewn-split__2.41.03..,artifact,artifact
oewn-splitting__5.00.00.cacophonous.00,artifact,artifact
oewn-spoil__2.30.00..,artifact,artifact
oewn-spoil__2.41.02..,artifact,artifact
oewn-spoiled__5.00.00.ill-natured.00,artifact,artifact
oewn-spoiling__1.22.00..,artifact,artifact
oewn-spoke__1.06.00..,graph_data,graph_data
oewn-spoken__3.00.00..,background,background
oewn-sponge__1.27.00..,artifact,artifact
oewn-spongelike__5.00.00.soft.01,artifact,artifact
oewn-spongy__5.00.00.soft.01,artifact,artifact
oewn-spontaneity__1.07.00..,artifact,artifact
oewn-spontaneous__3.00.00..,background,background
oewn-spontaneous__5.00.00.unscripted.00,background,background
oewn-spontaneously__4.02.00..,background,background
oewn-spoof__2.32.00..,background,background
oewn-spoon__1.06.00..,graph_data,graph_data
oewn-sporadic__3.00.00..,artifact,artifact
oewn-sporadically__4.02.00..,artifact,artifact
oewn-sporophore__1.20.00..,graph_data,graph_data
oewn-sporophyte__1.20.00..,artifact,artifact
oewn-sporozoan__1.05.00..,artifact,artifact
oewn-sport__1.04.00..,artifact,artifact
oewn-sport__2.42.00..,artifact,artifact
oewn-sporting__5.00.00.fair.03,artifact,artifact
oewn-sportsmanship__1.07.00..,background,background
oewn-spot__1.15.01..,artifact,artifact
oewn-spots__1.26.00..,artifact,artifact
oewn-spotted__5.00.00.patterned.00,artifact,artifact
oewn-spotting__1.04.00..,background,background
oewn-spotting__1.04.01..,background,background
oewn-spotty__5.00.00.patterned.00,artifact,artifact
oewn-spouse__1.18.00..,closed,closed
oewn-spout__1.06.00..,artifact,artifact
oewn-sprain__1.26.00..,artifact,artifact
oewn-sprain__2.29.00..,artifact,artifact
oewn-spread__1.11.00..,artifact,artifact
oewn-spread__2.35.00..,external,external
oewn-spread__2.35.03..,background,background
oewn-spread__2.38.00..,background,background
oewn-spread__5.00.00.distributed.00,background,background
oewn-spreading__1.11.00..,artifact,artifact
oewn-spring__1.06.00..,artifact,artifact
oewn-spring__1.28.00..,artifact,artifact
oewn-springy__5.00.00.elastic.00,background,background
oewn-sprinkling__1.04.00..,background,background
oewn-sprinkling__1.04.02..,background,background
oewn-sprinkling__1.23.00..,background,background
oewn-sprout__1.20.00..,artifact,artifact
oewn-spruce__1.20.00..,artifact,artifact
oewn-spruce__1.20.02..,artifact,artifact
oewn-sprue__1.26.00..,artifact,artifact
oewn-spurring__1.10.00..,artifact,artifact
oewn-sputtering__1.11.00..,background,background
oewn-squab__1.05.00..,artifact,artifact
oewn-squab__1.13.00..,artifact,artifact
oewn-squadron__1.14.00..,artifact,artifact
oewn-squander__2.40.01..,artifact,artifact
oewn-square__1.06.00..,artifact,artifact
oewn-square__1.06.01..,artifact,artifact
oewn-square__1.25.00..,artifact,artifact
oewn-square__2.30.00..,closed,closed
oewn-square__2.31.00..,artifact,artifact
oewn-square__5.00.00.wholesome.00,background,background
oewn-squash__1.13.00..,graph_data,graph_data
oewn-squash__1.20.00..,artifact,artifact
oewn-squashed__3.44.00..,artifact,artifact
oewn-squeeze__2.35.01..,background,background
oewn-squeeze__2.35.03..,background,background
oewn-squeeze__2.35.05..,background,background
oewn-squeezing__1.04.00..,artifact,artifact
oewn-stab__2.35.00..,artifact,artifact
oewn-stab__2.35.02..,closed,closed
oewn-stabbing__5.00.00.sharp.04,artifact,artifact
oewn-stability__1.07.00..,artifact,artifact
oewn-stabilize__2.30.01..,artifact,artifact
oewn-stabilizer__1.27.00..,artifact,artifact
oewn-stabilizing__5.00.00.helpful.00,artifact,artifact
oewn-stable__1.06.00..,artifact,artifact
oewn-stable__2.41.00..,artifact,artifact
oewn-stable__5.00.00.sound.00,artifact,artifact
oewn-stably__4.02.01..,artifact,artifact
oewn-stack__1.14.00..,artifact,artifact
oewn-stack__2.35.01..,closed,closed
oewn-stacks__1.23.00..,artifact,artifact
oewn-stadium__1.06.00..,artifact,background
oewn-staff__1.10.00..,artifact,artifact
oewn-staff__1.14.01..,artifact,artifact
oewn-staff__2.33.00..,artifact,artifact
oewn-staff__2.33.01..,artifact,artifact
oewn-stage__1.06.00..,closed,closed
oewn-stage__1.10.00..,closed,closed
oewn-stage__1.26.00..,closed,closed
oewn-stage__1.28.00..,closed,closed
oewn-stage__2.36.00..,closed,closed
oewn-stage__2.36.01..,closed,closed
oewn-staging__1.10.00..,artifact,artifact
oewn-stain__1.04.00..,artifact,artifact
oewn-stain__1.07.00..,artifact,artifact
oewn-stain__1.27.00..,artifact,artifact
oewn-stain__2.35.05..,graph_data,graph_data
oewn-stained__3.00.00..,artifact,artifact
oewn-staining__1.04.00..,artifact,artifact
oewn-staining__1.04.01..,artifact,background
oewn-staircase__1.06.00..,artifact,artifact
oewn-stairs__1.06.00..,background,background
oewn-stairway__1.06.00..,artifact,artifact
oewn-stake__1.06.00..,artifact,artifact
oewn-stake__1.06.01..,artifact,artifact
oewn-stake__1.10.00..,artifact,artifact
oewn-stakes__1.21.00..,artifact,artifact
oewn-stale__2.29.00..,artifact,artifact
oewn-stalk__1.20.00..,artifact,artifact
oewn-stalk__1.27.00..,background,background
oewn-stalked__3.00.00..,artifact,artifact
oewn-stalls__1.06.00..,artifact,artifact
oewn-stamen__1.20.00..,artifact,artifact
oewn-stamina__1.07.00..,artifact,artifact
oewn-stamp__1.06.00..,artifact,artifact
oewn-stamp__1.06.02..,artifact,artifact
oewn-stamp__2.38.00..,artifact,artifact
oewn-stance__1.07.00..,artifact,artifact
oewn-stand__1.06.00..,artifact,artifact
oewn-stand__1.06.02..,artifact,artifact
oewn-stand__1.15.00..,circular,circular
oewn-stand__2.35.00..,artifact,artifact
oewn-standard__1.10.00..,background,background
oewn-standard__3.00.01..,background,background
oewn-standard__3.00.02..,background,background
oewn-standard__3.00.03..,background,background
oewn-standard__5.00.00.common.01,background,background
oewn-standardized__5.00.00.standard.02,background,background
oewn-standing__1.04.00..,artifact,artifact
oewn-standing__1.26.00..,artifact,artifact
oewn-standing__5.00.00.erect.00,artifact,artifact
oewn-stapes__1.08.00..,artifact,artifact
oewn-staple__1.06.00..,artifact,artifact
oewn-staple__1.06.02..,artifact,artifact
oewn-star__1.17.00..,closed,closed
oewn-star__1.17.01..,closed,closed
oewn-star__1.18.01..,closed,closed
oewn-star__2.36.00..,closed,closed
oewn-star__2.42.00..,closed,closed
oewn-star__5.00.00.major.06,closed,closed
oewn-starch__1.27.00..,background,background
oewn-starches__1.13.00..,artifact,artifact
oewn-starchy__3.00.00..,background,background
oewn-staring__5.00.00.open.08,artifact,artifact
oewn-start__1.10.00..,artifact,artifact
oewn-start__1.11.00..,closed,closed
oewn-start__2.30.00..,artifact,artifact
oewn-start__2.30.01..,artifact,background
oewn-starter__1.18.03..,artifact,artifact
oewn-starting__1.04.00..,artifact,artifact
oewn-starting__5.00.00.protrusive.00,artifact,external
oewn-starvation__1.26.00..,artifact,artifact
oewn-stated__5.00.00.explicit.00,background,background
oewn-stately__5.00.00.impressive.00,artifact,artifact
oewn-statement__1.10.00..,artifact,artifact
oewn-statement__1.10.02..,artifact,artifact
oewn-statement__1.10.03..,artifact,artifact
oewn-statement__1.10.06..,artifact,artifact
oewn-statesman__1.18.01..,artifact,artifact
oewn-static__1.11.00..,artifact,artifact
oewn-static__3.01.00..,artifact,artifact
oewn-station__1.06.00..,background,background
oewn-station__2.33.00..,background,background
oewn-stationary__5.00.00.nonmoving.00,artifact,artifact
oewn-statistic__1.09.00..,artifact,artifact
oewn-statistical__3.01.00..,background,background
oewn-statue__1.06.00..,closed,closed
oewn-stature__1.26.00..,artifact,artifact
oewn-status__1.26.00..,background,background
oewn-status__1.26.01..,background,background
oewn-statute__1.10.00..,artifact,artifact
oewn-stay__1.06.01..,artifact,artifact
oewn-stay__2.30.00..,background,background
oewn-stay__2.38.00..,background,background
oewn-stay__2.42.03..,artifact,artifact
oewn-stays__1.06.00..,artifact,artifact
oewn-steadfast__5.00.00.resolute.00,artifact,artifact
oewn-steadily__4.02.01..,artifact,artifact
oewn-steadiness__1.07.02..,artifact,artifact
oewn-steady__1.18.00..,closed,closed
oewn-steady__2.30.00..,closed,closed
oewn-steady__2.35.00..,closed,closed
oewn-steady__4.02.00..,closed,closed
oewn-steady__5.00.00.stable.00,closed,closed
oewn-steadying__5.00.00.helpful.00,background,background
oewn-steak__1.13.00..,artifact,artifact
oewn-stealing__1.04.00..,artifact,artifact
oewn-stealthily__4.02.00..,artifact,artifact
oewn-stealthy__5.00.00.concealed.00,artifact,artifact
oewn-steam__1.27.00..,artifact,artifact
oewn-steamroller__2.30.00..,closed,closed
oewn-steamroller__2.35.00..,closed,closed
oewn-steatorrhea__1.26.00..,graph_data,graph_data
oewn-steel__1.06.01..,background,background
oewn-steel__1.27.00..,background,background
oewn-steep__1.17.00..,artifact,artifact
oewn-steep__2.31.00..,artifact,artifact
oewn-steep__5.00.00.immoderate.00,artifact,artifact
oewn-steeplechase__1.11.02..,background,background
oewn-steer__1.10.00..,artifact,artifact
oewn-steerable__5.00.00.manageable.00,artifact,artifact
oewn-steering__1.04.01..,artifact,artifact
oewn-stem__1.06.02..,closed,closed
oewn-stem__1.10.01..,closed,closed
oewn-stem__1.20.00..,closed,closed
oewn-stencil__1.06.00..,artifact,artifact
oewn-step__1.04.02..,artifact,circular
oewn-step__1.11.00..,artifact,artifact
oewn-step__2.38.00..,artifact,external
oewn-step__2.38.01..,artifact,artifact
oewn-steps__1.06.00..,background,background
oewn-steps__1.17.00..,background,background
oewn-stereoscope__1.06.00..,background,background
oewn-stereoscopic__3.01.01..,background,background
oewn-sterile__3.00.00..,background,background
oewn-sterilization__1.04.00..,artifact,artifact
oewn-stern__1.06.00..,artifact,artifact
oewn-stern__5.00.00.demanding.01,artifact,artifact
oewn-stern__5.00.00.nonindulgent.00,artifact,artifact
oewn-sternness__1.07.01..,artifact,artifact
oewn-sternum__1.08.00..,artifact,circular
oewn-steroid__1.27.02..,artifact,artifact
oewn-stethoscope__1.06.00..,artifact,artifact
oewn-stevia__1.20.01..,background,background
oewn-stevia__1.20.02..,background,background
oewn-stew__1.13.00..,artifact,artifact
oewn-stewed__5.00.00.cooked.00,artifact,artifact
oewn-stewing__1.12.00..,artifact,artifact
oewn-stibnite__1.27.00..,artifact,artifact
oewn-stick__1.06.00..,artifact,artifact
oewn-stick__2.35.00..,artifact,artifact
oewn-stick__2.35.02..,artifact,artifact
oewn-sticking__5.00.00.protrusive.00,background,background
oewn-sticky__5.00.00.adhesive.00,artifact,artifact
oewn-sticky__5.00.01.adhesive.00,artifact,artifact
oewn-stiff__1.18.00..,artifact,artifact
oewn-stiff__5.00.01.inflexible.01,artifact,artifact
oewn-stiffen__2.30.00..,artifact,artifact
oewn-stiffening__1.04.00..,artifact,artifact
oewn-stiffness__1.07.00..,artifact,artifact
oewn-stiffness__1.07.01..,background,background
oewn-stigma__1.20.00..,background,background
oewn-still__1.06.01..,closed,closed
oewn-still__2.30.00..,closed,closed
oewn-still__2.37.00..,closed,closed
oewn-still__3.00.03..,closed,closed
oewn-still__5.00.01.nonmoving.00,closed,closed
oewn-stillborn__5.00.00.dead.01,artifact,artifact
oewn-stimulant__1.09.00..,artifact,artifact
oewn-stimulate__2.30.00..,artifact,artifact
oewn-stimulated__5.00.00.excited.00,background,background
oewn-stimulating__3.00.00..,artifact,artifact
oewn-stimulating__5.00.00.stimulative.00,closed,closed
oewn-stimulation__1.04.00..,artifact,background
oewn-stimulus__1.09.00..,artifact,artifact
oewn-stinger__1.06.00..,graph_data,graph_data
oewn-stinging__1.26.00..,artifact,artifact
oewn-stinkhorn__1.20.00..,artifact,artifact
oewn-stipulation__1.10.01..,artifact,artifact
oewn-stir__1.26.01..,background,background
oewn-stir__2.37.01..,background,background
oewn-stir__2.39.00..,background,background
oewn-stirring__1.04.00..,artifact,artifact
oewn-stirrup__1.08.00..,artifact,artifact
oewn-stitching__1.04.00..,artifact,external
oewn-stock__1.21.00..,background,background
oewn-stock__1.21.01..,background,background
oewn-stocking__1.06.00..,artifact,artifact
oewn-stocks__1.06.02..,artifact,external
oewn-stoic__1.18.01..,artifact,artifact
oewn-stole__1.06.00..,artifact,artifact
oewn-stoloniferous__3.01.00..,closed,closed
oewn-stomach__1.08.00..,artifact,artifact
oewn-stomach__1.12.00..,external,external
oewn-stomach__2.34.00..,artifact,artifact
oewn-stone__1.06.00..,artifact,artifact
oewn-stone__1.17.00..,artifact,artifact
oewn-stone__1.20.00..,artifact,artifact
oewn-stone__5.00.00.chromatic.00,artifact,artifact
oewn-stonelike__5.00.00.hard.01,artifact,artifact
oewn-stooge__2.29.00..,background,background
oewn-stooge__2.36.00..,background,background
oewn-stooped__5.00.00.unerect.00,artifact,artifact
oewn-stop__1.04.00..,artifact,background
oewn-stop__1.11.00..,artifact,background
oewn-stop__1.26.00..,artifact,background
oewn-stop__2.38.00..,artifact,background
oewn-stop__2.41.00..,artifact,background
oewn-stopped__5.00.00.obstructed.00,artifact,artifact
oewn-stopping__1.06.00..,artifact,artifact
oewn-storage__1.04.01..,artifact,background
oewn-storage__1.22.00..,artifact,artifact
oewn-store__1.06.00..,artifact,artifact
oewn-store__1.06.03..,artifact,artifact
oewn-store__2.40.00..,background,background
oewn-storehouse__1.06.00..,artifact,artifact
oewn-storm__1.19.00..,artifact,artifact
oewn-story__1.06.00..,background,background
oewn-story__1.10.00..,background,background
oewn-story__1.10.03..,background,background
oewn-story__1.10.04..,background,background
oewn-stout__1.13.00..,background,background
oewn-stove__1.06.01..,artifact,artifact
oewn-straggling__5.00.00.untidy.00,artifact,artifact
oewn-straight__1.14.00..,artifact,artifact
oewn-straight__1.18.00..,artifact,artifact
oewn-straight__3.00.01..,artifact,background
oewn-straight__3.00.05..,closed,closed
oewn-straight__5.00.00.continuous.01,external,external
oewn-straight__5.00.02.even.01,artifact,artifact
oewn-straighten__2.38.00..,background,background
oewn-straightforward__5.00.00.straight.04,artifact,artifact
oewn-strain__1.19.00..,artifact,artifact
oewn-strain__1.26.01..,artifact,artifact
oewn-strainer__1.06.00..,artifact,artifact
oewn-straining__1.04.01..,artifact,artifact
oewn-strait__1.17.00..,artifact,artifact
oewn-strand__1.09.00..,artifact,artifact
oewn-strange__3.00.00..,artifact,artifact
oewn-strap__1.06.00..,background,background
oewn-strategically__4.02.00..,artifact,artifact
oewn-strategy__1.09.00..,artifact,artifact
oewn-strategy__1.09.01..,artifact,artifact
oewn-stratosphere__1.17.00..,artifact,artifact
oewn-stratum__1.09.01..,artifact,artifact
oewn-straw__1.07.00..,background,background
oewn-straw__1.27.00..,background,background
oewn-straw__2.35.00..,background,background
oewn-straw__2.35.01..,background,background
oewn-straw__5.00.00.chromatic.00,background,background
oewn-streaked__5.00.00.patterned.00,artifact,artifact
oewn-stream__1.17.00..,background,background
oewn-stream__1.26.00..,background,background
oewn-stream__2.38.01..,background,background
oewn-streaming__1.19.00..,artifact,artifact
oewn-streaming__5.00.00.unprocessed.00,graph_data,graph_data
oewn-street__1.06.00..,artifact,artifact
oewn-streetlight__1.06.00..,artifact,artifact
oewn-strength__1.07.00..,artifact,artifact
oewn-strength__1.07.01..,artifact,artifact
oewn-strength__1.07.06..,artifact,artifact
oewn-strengthen__2.30.01..,closed,closed
oewn-strengthened__5.00.00.strong.00,artifact,artifact
oewn-strengthening__1.04.00..,artifact,artifact
oewn-strengthening__1.11.00..,background,background
oewn-streptomycin__1.06.00..,artifact,artifact
oewn-stress__1.10.01..,artifact,artifact
oewn-stress__1.19.00..,artifact,artifact
oewn-stress__1.26.01..,artifact,artifact
oewn-stress__1.26.02..,artifact,artifact
oewn-stress__2.32.00..,artifact,artifact
oewn-stress__2.32.01..,artifact,artifact
oewn-stretch__1.17.00..,artifact,artifact
oewn-stretch__1.28.00..,artifact,artifact
oewn-stretch__5.00.00.long.01,artifact,artifact
oewn-stretched__5.00.00.flexible.01,artifact,artifact
oewn-stretched__5.00.02.extended.00,artifact,artifact
oewn-stretching__1.04.00..,artifact,artifact
oewn-stretching__1.04.02..,artifact,background
oewn-strew__2.35.04..,background,background
oewn-striation__1.25.00..,artifact,artifact
oewn-strickle__2.35.00..,closed,closed
oewn-strickle__2.35.01..,closed,closed
oewn-strict__3.00.00..,artifact,artifact
oewn-strict__5.00.00.demanding.01,artifact,artifact
oewn-strict__5.00.00.exact.00,artifact,artifact
oewn-strict__5.00.00.invariable.00,artifact,artifact
oewn-strictly__4.02.00..,artifact,artifact
oewn-strictness__1.07.02..,artifact,artifact
oewn-stride__1.04.00..,artifact,artifact
oewn-strident__5.00.00.cacophonous.00,background,background
oewn-strife__1.26.00..,artifact,artifact
oewn-strike__1.04.00..,artifact,artifact
oewn-strike__1.04.01..,artifact,artifact
oewn-strike__2.35.00..,artifact,artifact
oewn-strikeout__1.04.00..,artifact,external
oewn-striker__1.18.02..,artifact,artifact
oewn-striking__1.04.00..,artifact,background
oewn-striking__1.11.00..,artifact,artifact
oewn-striking__5.00.00.impressive.00,artifact,artifact
oewn-strikingly__4.02.00..,artifact,artifact
oewn-string__1.06.00..,closed,closed
oewn-string__1.06.01..,closed,closed
oewn-string__1.10.00..,closed,closed
oewn-string__2.30.00..,closed,closed
oewn-string__2.35.02..,closed,closed
oewn-string__2.35.03..,closed,closed
oewn-string__2.35.04..,closed,closed
oewn-stringent__5.00.00.demanding.01,artifact,artifact
oewn-stringently__4.02.00..,artifact,artifact
oewn-strings__1.14.00..,artifact,artifact
oewn-stringy__5.00.00.thin.03,artifact,artifact
oewn-strip__1.06.00..,background,background
oewn-strip__1.06.03..,background,background
oewn-strip__1.17.00..,artifact,artifact
oewn-stripe__1.06.00..,artifact,artifact
oewn-striped__5.00.00.patterned.00,artifact,artifact
oewn-stripes__1.10.00..,artifact,artifact
oewn-stripped__5.00.00.minimal.00,artifact,artifact
oewn-striving__1.04.00..,artifact,artifact
oewn-stroke__1.04.00..,artifact,artifact
oewn-strong__3.00.00..,closed,closed
oewn-strong__5.00.00.alcoholic.00,closed,closed
oewn-strong__5.00.00.intense.00,closed,closed
oewn-strong__5.00.00.powerful.00,closed,closed
oewn-strong__5.00.00.sound.01,closed,closed
oewn-stronghold__1.06.00..,artifact,artifact
oewn-strongly__4.02.00..,artifact,artifact
oewn-strontianite__1.27.00..,artifact,artifact
oewn-struck__5.00.00.affected.00,artifact,artifact
oewn-structural__3.01.01..,artifact,artifact
oewn-structural__3.01.02..,artifact,artifact
oewn-structurally__4.02.00..,artifact,artifact
oewn-structure__1.06.00..,background,background
oewn-structure__1.08.00..,background,background
oewn-structure__1.09.00..,background,background
oewn-structure__1.14.00..,background,background
oewn-structured__3.00.00..,artifact,artifact
oewn-struggle__1.04.01..,artifact,artifact
oewn-stubborn__3.00.00..,artifact,artifact
oewn-stubbornly__4.02.00..,artifact,artifact
oewn-stucco__2.35.00..,closed,closed
oewn-stucco__2.36.00..,closed,closed
oewn-stuck__3.00.00..,artifact,artifact
oewn-stud__1.18.00..,artifact,artifact
oewn-student__1.18.00..,artifact,artifact
oewn-studied__3.00.00..,artifact,artifact
oewn-studio__1.06.00..,artifact,artifact
oewn-study__1.04.00..,artifact,artifact
oewn-study__1.09.02..,artifact,artifact
oewn-study__1.10.01..,artifact,artifact
oewn-study__2.31.02..,artifact,artifact
oewn-stuff__1.07.00..,artifact,artifact
oewn-stuff__1.27.00..,artifact,artifact
oewn-stuffing__1.13.00..,artifact,artifact
oewn-stung__5.00.00.displeased.00,artifact,artifact
oewn-stunned__5.00.00.surprised.00,artifact,artifact
oewn-stupefied__5.00.00.surprised.00,artifact,artifact
oewn-stupid__1.18.00..,background,background
oewn-stupidity__1.09.00..,artifact,artifact
oewn-stupidly__4.02.00..,external,external
oewn-stupor__1.12.00..,artifact,artifact
oewn-stuporous__5.00.00.lethargic.00,artifact,artifact
oewn-sturdy__3.00.00..,artifact,background
oewn-sturdy__5.00.00.robust.00,artifact,artifact
oewn-style__1.06.00..,artifact,artifact
oewn-style__1.07.00..,artifact,artifact
oewn-style__1.07.01..,artifact,artifact
oewn-style__1.10.00..,artifact,artifact
oewn-style__1.20.00..,artifact,artifact
oewn-style__2.32.00..,artifact,artifact
oewn-style__2.32.04..,artifact,artifact
oewn-style__2.36.00..,artifact,artifact
oewn-stylish__3.00.00..,artifact,artifact
oewn-stylized__5.00.00.artificial.00,artifact,artifact
oewn-stylus__1.06.01..,background,background
oewn-subarctic__3.01.00..,artifact,artifact
oewn-subclavian__3.01.00..,artifact,artifact
oewn-subcontinent__1.17.00..,artifact,artifact
oewn-subcortical__3.01.00..,artifact,artifact
oewn-subculture__1.14.00..,artifact,artifact
oewn-subdivide__2.30.01..,closed,closed
oewn-subdivision__1.15.00..,artifact,artifact
oewn-subdued__5.00.00.dark.01,artifact,artifact
oewn-subdued__5.00.00.soft.04,artifact,artifact
oewn-subject__1.09.00..,artifact,artifact
oewn-subject__1.09.01..,artifact,artifact
oewn-subject__1.10.00..,artifact,artifact
oewn-subject__1.10.01..,artifact,artifact
oewn-subject__1.10.02..,artifact,artifact
oewn-subject__1.18.01..,artifact,artifact
oewn-subject__2.39.03..,artifact,artifact
oewn-subject__5.00.00.susceptible.00,artifact,artifact
oewn-subjective__3.00.00..,artifact,artifact
oewn-submerge__2.38.00..,background,background
oewn-submerged__5.00.01.subsurface.00,background,background
oewn-submerged__5.00.02.aquatic.00,artifact,artifact
oewn-submissive__3.00.00..,artifact,artifact
oewn-submissive__5.00.00.servile.00,artifact,artifact
oewn-submissiveness__1.07.00..,artifact,artifact
oewn-submit__2.32.01..,background,background
oewn-subnormal__1.18.00..,external,external
oewn-subordinate__1.18.00..,artifact,artifact
oewn-subordinate__2.31.00..,artifact,artifact
oewn-subpopulation__1.09.00..,artifact,artifact
oewn-subscribe__2.40.01..,artifact,artifact
oewn-subsequent__3.00.00..,background,background
oewn-subsequently__4.02.00..,artifact,artifact
oewn-subside__2.30.00..,artifact,artifact
oewn-subsidiary__1.18.00..,artifact,artifact
oewn-subsist__2.42.00..,artifact,artifact
oewn-subsistence__1.26.01..,background,background
oewn-substance__1.03.00..,artifact,artifact
oewn-substance__1.03.01..,artifact,artifact
oewn-substance__1.07.00..,artifact,artifact
oewn-substance__1.09.01..,artifact,artifact
oewn-substance__1.10.00..,artifact,artifact
oewn-substance__1.21.00..,artifact,artifact
oewn-substance__1.27.00..,artifact,artifact
oewn-substantial__5.00.00.considerable.00,artifact,background
oewn-substantial__5.00.00.sound.01,artifact,artifact
oewn-substantive__1.10.00..,artifact,artifact
oewn-substitute__1.09.00..,artifact,background
oewn-substitute__2.40.00..,artifact,artifact
oewn-substitute__5.00.00.secondary.01,background,background
oewn-substitute__5.00.02.secondary.01,artifact,artifact
oewn-substituting__1.04.00..,artifact,artifact
oewn-substrate__1.15.01..,artifact,artifact
oewn-substrate__1.27.00..,artifact,artifact
oewn-subtle__5.00.00.impalpable.00,artifact,artifact
oewn-subtle__5.00.00.perceptive.00,background,background
oewn-subtlety__1.10.00..,artifact,artifact
oewn-subtly__4.02.00..,artifact,artifact
oewn-subtraction__1.04.01..,artifact,artifact
oewn-subtractive__3.00.00..,artifact,artifact
oewn-subtrahend__1.23.00..,background,background
oewn-subtropical__3.01.00..,artifact,artifact
oewn-subtropics__1.15.00..,artifact,artifact
oewn-succeed__2.41.00..,artifact,artifact
oewn-succeed__2.41.01..,external,external
oewn-succeeding__3.00.00..,artifact,artifact
oewn-success__1.04.00..,artifact,artifact
oewn-success__1.11.00..,artifact,artifact
oewn-successful__3.00.00..,background,background
oewn-successfully__4.02.00..,artifact,artifact
oewn-succession__1.04.01..,artifact,artifact
oewn-succession__1.07.00..,background,background
oewn-succession__1.14.00..,circular,circular
oewn-successive__5.00.00.ordered.00,external,external
oewn-successively__4.02.00..,background,background
oewn-successor__1.18.01..,background,background
oewn-succulent__1.20.00..,artifact,artifact
oewn-suck__1.04.00..,artifact,artifact
oewn-sucker__1.18.01..,artifact,artifact
oewn-sucking__1.04.00..,artifact,background
oewn-suckled__5.00.00.breast-fed.00,artifact,artifact
oewn-suction__1.19.00..,background,background
oewn-suction__2.29.00..,background,background
oewn-suction__2.38.00..,background,background
oewn-sudden__3.00.00..,background,background
oewn-suddenly__4.02.01..,artifact,artifact
oewn-suffer__2.39.01..,background,background
oewn-suffering__1.12.01..,artifact,artifact
oewn-suffering__1.12.02..,background,background
oewn-suffering__1.26.00..,artifact,artifact
oewn-suffering__5.00.00.troubled.00,artifact,artifact
oewn-sufficient__3.00.00..,background,background
oewn-sufficiently__4.02.00..,background,background
oewn-suffix__1.10.00..,artifact,artifact
oewn-sugar__1.13.00..,closed,closed
oewn-sugar__1.27.00..,closed,closed
oewn-sugar__2.39.00..,closed,closed
oewn-suggest__2.32.00..,artifact,artifact
oewn-suggest__2.32.02..,artifact,artifact
oewn-suggestive__5.00.00.connotative.00,background,background
oewn-suicide__1.04.00..,artifact,external
oewn-suit__1.04.00..,artifact,artifact
oewn-suit__1.06.01..,artifact,artifact
oewn-suit__2.42.05..,artifact,artifact
oewn-suitability__1.07.00..,artifact,artifact
oewn-suitable__5.00.00.eligible.00,background,background
oewn-suitable__5.00.00.fit.02,background,background
oewn-suitably__4.02.00..,artifact,artifact
oewn-suite__1.06.00..,artifact,artifact
oewn-suited__5.00.00.fit.02,artifact,artifact
oewn-sulfur__1.27.00..,background,background
oewn-sulky__5.00.00.ill-natured.00,artifact,artifact
oewn-sullen__5.00.00.ill-natured.00,artifact,artifact
oewn-sulphur__1.27.00..,background,background
oewn-sultan__1.18.00..,artifact,artifact
oewn-sultanate__1.15.00..,artifact,artifact
oewn-sumerian__1.18.00..,artifact,external
oewn-summary__1.10.00..,artifact,artifact
oewn-summer__1.28.00..,artifact,artifact
oewn-summit__1.15.00..,artifact,artifact
oewn-summon__2.35.02..,artifact,background
oewn-summoning__1.09.00..,artifact,artifact
oewn-sundial__1.06.00..,artifact,artifact
oewn-sunfish__1.05.01..,artifact,artifact
oewn-sunfish__1.13.00..,artifact,artifact
oewn-sunflower__1.20.00..,artifact,artifact
oewn-sunglasses__1.06.00..,artifact,artifact
oewn-sunlight__1.19.00..,closed,closed
oewn-sunrise__1.28.00..,artifact,background
oewn-sunset__1.28.00..,background,background
oewn-sunshine__1.19.00..,closed,closed
oewn-superficial__3.00.00..,artifact,artifact
oewn-superficial__5.00.00.insignificant.00,artifact,artifact
oewn-superficial__5.00.00.shallow.01,background,background
oewn-superficially__4.02.00..,artifact,artifact
oewn-superhuman__3.00.00..,artifact,artifact
oewn-superimposed__5.00.00.superjacent.00,circular,circular
oewn-superior__1.17.00..,artifact,artifact
oewn-superior__1.18.01..,artifact,artifact
oewn-superior__1.18.03..,artifact,artifact
oewn-superior__3.00.01..,background,background
oewn-superior__3.00.02..,artifact,artifact
oewn-superior__3.00.03..,artifact,artifact
oewn-superior__5.00.00.dominant.01,artifact,artifact
oewn-superiority__1.07.00..,artifact,artifact
oewn-superiority__1.07.02..,artifact,background
oewn-superlative__1.10.00..,artifact,artifact
oewn-superlative__1.10.01..,artifact,artifact
oewn-superlative__5.00.00.superior.02,artifact,artifact
oewn-superman__1.18.00..,closed,closed
oewn-supernatural__1.18.00..,background,background
oewn-supernatural__3.00.00..,background,background
oewn-supervise__2.41.00..,artifact,external
oewn-supervision__1.04.00..,artifact,artifact
oewn-supervisory__3.01.00..,artifact,artifact
oewn-supplement__2.35.00..,artifact,artifact
oewn-supplement__2.40.00..,artifact,artifact
oewn-supplementary__5.00.00.secondary.01,artifact,artifact
oewn-supply__1.22.00..,artifact,artifact
oewn-supply__1.23.00..,background,background
oewn-supply__2.34.00..,artifact,artifact
oewn-supply__2.40.00..,artifact,artifact
oewn-supplying__1.04.00..,artifact,artifact
oewn-support__1.04.03..,artifact,artifact
oewn-support__1.04.04..,artifact,artifact
oewn-support__1.06.00..,artifact,artifact
oewn-support__1.06.01..,artifact,artifact
oewn-support__1.10.01..,artifact,artifact
oewn-support__1.21.00..,artifact,artifact
oewn-support__2.31.00..,artifact,artifact
oewn-support__2.31.04..,artifact,artifact
oewn-support__2.35.00..,artifact,artifact
oewn-support__2.40.00..,artifact,artifact
oewn-support__2.41.00..,artifact,artifact
oewn-support__2.42.00..,artifact,artifact
oewn-supported__3.00.02..,background,background
oewn-supporter__1.18.00..,artifact,artifact
oewn-supporting__1.04.00..,artifact,artifact
oewn-supporting__5.00.00.supportive.00,artifact,artifact
oewn-supposed__5.00.00.obligated.00,background,background
oewn-supposed__5.00.00.theoretical.00,artifact,artifact
oewn-supposedly__4.02.00..,artifact,external
oewn-supposition__1.10.00..,artifact,artifact
oewn-suppressed__3.00.00..,background,background
oewn-suppression__1.22.00..,artifact,artifact
oewn-supremacy__1.26.00..,artifact,artifact
oewn-supreme__5.00.00.dominant.01,artifact,artifact
oewn-supreme__5.00.00.ultimate.00,artifact,background
oewn-supremely__4.02.00..,artifact,artifact
oewn-sure__3.00.00..,background,background
oewn-sure__4.02.00..,background,background
oewn-sure__5.00.00.careful.00,background,background
oewn-surety__1.07.00..,artifact,artifact
oewn-surface__1.06.00..,closed,closed
oewn-surface__1.06.01..,closed,closed
oewn-surface__1.09.00..,closed,closed
oewn-surface__1.15.00..,closed,closed
oewn-surface__1.17.00..,closed,closed
oewn-surface__2.30.00..,closed,closed
oewn-surface__2.35.00..,closed,closed
oewn-surface__2.38.00..,closed,closed
oewn-surface__3.00.00..,closed,closed
oewn-surfeit__1.26.01..,background,background
oewn-surge__1.11.00..,artifact,artifact
oewn-surgeon__1.18.00..,artifact,artifact
oewn-surgery__1.04.01..,graph_data,graph_data
oewn-surgery__1.06.01..,artifact,artifact
oewn-surgery__1.09.00..,artifact,artifact
oewn-surgical__3.01.00..,graph_data,graph_data
oewn-surgical__5.00.00.accurate.00,artifact,artifact
oewn-surly__5.00.00.ill-natured.00,artifact,background
oewn-surmise__1.10.00..,artifact,artifact
oewn-surmount__2.33.00..,artifact,artifact
oewn-surmounted__3.44.00..,closed,closed
oewn-surname__1.10.00..,artifact,artifact
oewn-surpass__2.42.00..,background,background
oewn-surpassing__5.00.00.extraordinary.00,artifact,external
oewn-surpassing__5.00.00.superior.02,artifact,artifact
oewn-surplus__1.07.00..,artifact,artifact
oewn-surprise__1.12.00..,artifact,artifact
oewn-surprising__3.00.00..,background,background
oewn-surrender__1.04.00..,artifact,background
oewn-surrender__2.33.00..,artifact,artifact
oewn-surrey__1.15.00..,artifact,artifact
oewn-surround__1.15.00..,background,background
oewn-surround__2.33.01..,background,background
oewn-surround__2.35.00..,background,background
oewn-surround__2.35.01..,background,background
oewn-surrounded__5.00.00.enclosed.00,artifact,background
oewn-surrounding__5.00.00.close.01,artifact,artifact
oewn-surroundings__1.26.00..,artifact,artifact
oewn-survey__2.31.00..,artifact,artifact
oewn-surviving__5.00.00.extant.00,background,background
oewn-susceptibility__1.26.00..,artifact,artifact
oewn-susceptible__3.00.00..,artifact,artifact
oewn-susceptible__5.00.00.impressionable.00,artifact,artifact
oewn-suspended__5.00.01.supported.00,artifact,artifact
oewn-suspense__1.12.02..,artifact,artifact
oewn-suspension__1.27.00..,artifact,artifact
oewn-suspicion__1.09.01..,artifact,artifact
oewn-suspicious__5.00.00.distrustful.00,artifact,artifact
oewn-sustain__2.35.00..,artifact,artifact
oewn-sustain__2.42.01..,artifact,artifact
oewn-sustained__5.00.00.continuous.01,artifact,artifact
oewn-sustenance__1.13.00..,background,background
oewn-sustentacular__3.01.00..,artifact,artifact
oewn-swallow__1.05.00..,artifact,artifact
oewn-swallow__1.13.00..,background,background
oewn-swamp__1.17.00..,artifact,artifact
oewn-sway__2.38.00..,artifact,artifact
oewn-sweat__1.08.00..,artifact,artifact
oewn-sweat__1.19.00..,artifact,artifact
oewn-sweat__1.26.01..,artifact,artifact
oewn-swedish__1.10.00..,artifact,artifact
oewn-sweep__2.35.00..,closed,closed
oewn-sweep__2.38.01..,background,background
oewn-sweep__2.42.03..,external,external
oewn-sweeping__1.04.00..,artifact,artifact
oewn-sweet__1.09.00..,artifact,background
oewn-sweet__1.13.01..,artifact,background
oewn-sweet__4.02.00..,artifact,background
oewn-sweet__5.00.00.lovable.00,artifact,background
oewn-sweet__5.00.00.melodious.00,artifact,background
oewn-sweeten__2.39.00..,closed,closed
oewn-sweetened__5.00.00.sugary.00,closed,closed
oewn-sweetener__1.13.00..,closed,closed
oewn-sweetening__1.13.00..,closed,closed
oewn-sweetly__4.02.00..,artifact,artifact
oewn-swell__2.30.02..,artifact,artifact
oewn-swelling__1.26.00..,artifact,artifact
oewn-swift__1.05.00..,artifact,artifact
oewn-swiftly__4.02.00..,artifact,artifact
oewn-swim__1.04.00..,artifact,external
oewn-swimmer__1.18.01..,artifact,external
oewn-swimming__1.04.00..,artifact,background
oewn-swimming__5.00.00.tearful.00,artifact,artifact
oewn-swine__1.05.00..,artifact,artifact
oewn-swing__1.26.01..,artifact,artifact
oewn-swing__2.38.02..,artifact,artifact
oewn-swinging__1.04.00..,artifact,artifact
oewn-swiss__1.18.00..,artifact,artifact
oewn-switch__2.30.03..,artifact,artifact
oewn-swollen__5.00.00.proud.00,artifact,artifact
oewn-swoon__1.11.00..,artifact,artifact
oewn-sword__1.06.00..,background,background
oewn-sworn__5.00.00.committed.00,artifact,artifact
oewn-sycamore__1.20.00..,artifact,artifact
oewn-syllabic__3.01.01..,closed,closed
oewn-syllable__1.10.00..,artifact,artifact
oewn-syllogism__1.09.00..,artifact,artifact
oewn-sylvite__1.27.00..,artifact,artifact
oewn-symbol__1.09.00..,background,background
oewn-symbol__1.10.00..,background,background
oewn-symbolic__3.01.00..,artifact,artifact
oewn-symbolic__5.00.00.representative.00,background,background
oewn-symmetrical__5.00.00.balanced.00,artifact,artifact
oewn-sympathetic__3.01.00..,background,background
oewn-sympathy__1.09.00..,artifact,artifact
oewn-sympathy__1.12.00..,artifact,artifact
oewn-sympetalous__5.00.00.petalous.00,artifact,artifact
oewn-symphony__1.10.00..,artifact,artifact
oewn-symptom__1.26.00..,artifact,artifact
oewn-synapsis__1.22.00..,artifact,artifact
oewn-syndicate__2.41.00..,artifact,artifact
oewn-syndicate__2.41.01..,artifact,artifact
oewn-syndrome__1.09.00..,artifact,artifact
oewn-synonymous__3.00.00..,artifact,artifact
oewn-synovia__1.08.00..,artifact,artifact
oewn-synovial__3.01.00..,artifact,artifact
oewn-synovium__1.08.00..,artifact,artifact
oewn-syntactic__3.01.00..,artifact,artifact
oewn-syntax__1.09.00..,external,external
oewn-syntax__1.09.01..,artifact,artifact
oewn-synthesis__1.09.00..,artifact,artifact
oewn-synthesis__1.22.00..,artifact,artifact
oewn-synthesize__2.31.00..,artifact,external
oewn-synthetic__1.27.00..,artifact,artifact
oewn-synthetic__3.00.03..,artifact,artifact
oewn-synthetically__4.02.00..,artifact,artifact
oewn-syphilis__1.26.00..,background,background
oewn-syringa__1.20.01..,artifact,artifact
oewn-syrup__1.13.00..,artifact,artifact
oewn-syrupy__5.00.00.sweet.02,artifact,external
oewn-system__1.06.00..,background,background
oewn-system__1.07.00..,background,background
oewn-system__1.08.00..,background,background
oewn-system__1.08.01..,background,background
oewn-system__1.09.00..,background,background
oewn-system__1.09.02..,background,background
oewn-system__1.14.00..,background,background
oewn-system__1.27.00..,background,background
oewn-systematic__3.00.00..,artifact,artifact
oewn-systemic__5.00.00.general.02,background,background
oewn-systole__1.11.00..,artifact,artifact
oewn-table__1.06.02..,artifact,artifact
oewn-table__1.14.00..,artifact,circular
oewn-table__1.14.01..,external,external
oewn-table__1.17.00..,artifact,artifact
oewn-tableland__1.17.00..,artifact,artifact
oewn-tablespoon__1.06.00..,graph_data,graph_data
oewn-tablet__1.06.00..,artifact,artifact
oewn-tableware__1.06.00..,background,background
oewn-tabular__3.01.00..,artifact,circular
oewn-tabulation__1.10.00..,artifact,artifact
oewn-tact__1.07.00..,artifact,artifact
oewn-tactic__1.09.00..,circular,circular
oewn-tactical__3.01.00..,circular,circular
oewn-tactics__1.09.00..,circular,circular
oewn-tactics__1.09.01..,artifact,artifact
oewn-tactile__3.01.00..,artifact,artifact
oewn-tactless__3.00.00..,artifact,artifact
oewn-tactual__3.01.00..,artifact,artifact
oewn-tail__1.05.00..,artifact,artifact
oewn-tail__1.06.01..,artifact,artifact
oewn-tail__1.06.02..,artifact,artifact
oewn-tailboard__1.06.00..,artifact,artifact
oewn-tailed__5.00.00.caudate.00,artifact,artifact
oewn-tailless__5.00.00.acaudate.00,artifact,artifact
oewn-tailplane__1.06.00..,artifact,artifact
oewn-tails__1.06.01..,artifact,artifact
oewn-tainted__5.00.00.stale.00,artifact,artifact
oewn-take__1.21.00..,artifact,background
oewn-take__2.30.01..,artifact,background
oewn-take__2.30.08..,artifact,background
oewn-take__2.31.03..,artifact,background
oewn-take__2.33.09..,artifact,background
oewn-take__2.35.00..,artifact,background
oewn-take__2.38.10..,artifact,background
oewn-take__2.38.11..,artifact,background
oewn-take__2.40.00..,artifact,background
oewn-take__2.40.01..,artifact,background
oewn-take__2.40.08..,artifact,background
oewn-take__2.41.04..,artifact,background
oewn-taken__5.00.00.understood.00,background,background
oewn-taking__1.04.00..,artifact,background
oewn-taking__5.00.00.attractive.01,artifact,external
oewn-talc__1.27.00..,background,background
oewn-talent__1.09.00..,artifact,artifact
oewn-talented__3.00.00..,artifact,artifact
oewn-talk__1.10.00..,artifact,artifact
oewn-talk__2.32.00..,artifact,artifact
oewn-talk__2.32.01..,closed,closed
oewn-talk__2.32.05..,artifact,artifact
oewn-talks__1.10.00..,artifact,artifact
oewn-tall__1.07.00..,background,background
oewn-tall__3.00.00..,artifact,artifact
oewn-tall__5.00.00.rhetorical.00,artifact,artifact
oewn-talus__1.08.00..,artifact,artifact
oewn-tamed__3.00.04..,artifact,artifact
oewn-tang__1.09.00..,artifact,artifact
oewn-tangible__3.00.00..,background,background
oewn-tangible__3.00.02..,background,background
oewn-tangible__5.00.00.concrete.00,background,background
oewn-tangled__3.00.00..,artifact,artifact
oewn-tangled__5.00.00.complex.00,artifact,artifact
oewn-tank__1.06.01..,artifact,artifact
oewn-tanning__1.04.00..,artifact,artifact
oewn-tanning__1.22.00..,artifact,artifact
oewn-tannish__5.00.00.chromatic.00,artifact,artifact
oewn-tantamount__5.00.00.equal.00,artifact,artifact
oewn-tapa__1.06.00..,graph_data,graph_data
oewn-tapa__1.20.00..,graph_data,graph_data
oewn-tape__1.06.00..,artifact,artifact
oewn-tape__1.06.04..,artifact,artifact
oewn-taper__1.25.00..,artifact,artifact
oewn-taper__2.30.00..,closed,closed
oewn-tapered__5.00.00.narrow.00,background,background
oewn-tapering__1.04.00..,artifact,external
oewn-tapering__5.00.00.narrow.00,background,background
oewn-tapestry__1.06.00..,background,background
oewn-tapioca__1.13.00..,artifact,artifact
oewn-tapping__1.11.00..,artifact,artifact
oewn-tarantism__1.26.00..,background,background
oewn-tarantula__1.05.02..,artifact,artifact
oewn-target__1.09.00..,artifact,artifact
oewn-target__1.10.00..,artifact,artifact
oewn-target__1.18.00..,artifact,artifact
oewn-tariff__1.21.00..,artifact,artifact
oewn-tarsal__1.08.00..,artifact,artifact
oewn-tarsus__1.08.00..,artifact,artifact
oewn-tart__1.18.00..,artifact,circular
oewn-tartan__1.06.00..,artifact,artifact
oewn-task__1.04.01..,artifact,artifact
oewn-task__2.34.00..,artifact,artifact
oewn-task__2.41.00..,background,background
oewn-taste__1.04.00..,closed,closed
oewn-taste__1.09.01..,closed,closed
oewn-taste__1.09.02..,closed,closed
oewn-taste__1.09.04..,closed,closed
oewn-taste__1.12.02..,closed,closed
oewn-taste__2.39.00..,closed,closed
oewn-taste__2.39.02..,closed,closed
oewn-tasteful__3.00.02..,artifact,artifact
oewn-tasteless__3.00.01..,artifact,artifact
oewn-tasteless__3.00.02..,artifact,artifact
oewn-tastelessly__4.02.00..,artifact,artifact
oewn-taut__5.00.00.tense.01,background,background
oewn-taut__5.00.00.tense.03,artifact,artifact
oewn-tawdry__5.00.00.tasteless.02,artifact,artifact
oewn-taxable__3.00.00..,artifact,artifact
oewn-taxation__1.21.00..,artifact,artifact
oewn-taxonomically__4.02.00..,artifact,external
oewn-taxonomy__1.14.00..,artifact,external
oewn-teaberry__1.20.00..,artifact,artifact
oewn-teach__2.32.00..,artifact,artifact
oewn-teacher__1.18.00..,background,background
oewn-teaching__1.04.00..,artifact,artifact
oewn-team__1.14.00..,closed,closed
oewn-team__1.14.01..,closed,closed
oewn-teammate__1.18.00..,artifact,artifact
oewn-tearing__5.00.00.intense.00,artifact,artifact
oewn-tears__1.04.00..,artifact,artifact
oewn-teasel__1.20.00..,artifact,artifact
oewn-teasing__1.04.00..,artifact,artifact
oewn-teaspoon__1.06.00..,graph_data,graph_data
oewn-teat__1.08.00..,artifact,artifact
oewn-technical__1.06.00..,artifact,artifact
oewn-technically__4.02.01..,artifact,artifact
oewn-technique__1.09.00..,artifact,artifact
oewn-technological__5.00.00.scientific.00,artifact,artifact
oewn-technology__1.04.00..,artifact,artifact
oewn-tedious__5.00.00.uninteresting.00,artifact,artifact
oewn-tediously__4.02.00..,artifact,artifact
oewn-teenager__1.18.00..,artifact,artifact
oewn-teeth__1.08.00..,artifact,artifact
oewn-telegraph__1.06.00..,artifact,artifact
oewn-telegraphy__1.10.00..,artifact,external
oewn-telephone__1.06.00..,artifact,artifact
oewn-telephone__1.10.00..,artifact,external
oewn-telephone__2.32.00..,artifact,external
oewn-telephony__1.10.00..,artifact,external
oewn-telescope__1.06.00..,artifact,artifact
oewn-television__1.06.01..,background,background
oewn-television__1.10.00..,background,background
oewn-tell__1.18.00..,artifact,background
oewn-tell__2.32.04..,artifact,background
oewn-telling__1.10.01..,artifact,artifact
oewn-telugu__1.10.00..,background,background
oewn-telugu__1.18.00..,background,background
oewn-temper__2.30.04..,background,background
oewn-temperament__1.07.00..,artifact,artifact
oewn-temperamental__3.01.00..,artifact,artifact
oewn-temperate__3.00.01..,artifact,artifact
oewn-temperature__1.07.00..,artifact,artifact
oewn-temperature__1.09.00..,artifact,artifact
oewn-template__1.09.00..,artifact,artifact
oewn-temple__1.06.00..,artifact,artifact
oewn-tempo__1.28.01..,artifact,artifact
oewn-temporal__1.10.00..,artifact,artifact
oewn-temporal__3.00.00..,artifact,artifact
oewn-temporal__3.01.01..,artifact,artifact
oewn-temporally__4.02.00..,artifact,artifact
oewn-temporarily__4.02.00..,artifact,artifact
oewn-temporary__1.18.00..,background,background
oewn-temporary__3.00.00..,background,background
oewn-tempter__1.18.00..,closed,closed
oewn-tempting__5.00.00.seductive.00,artifact,artifact
oewn-tenacious__3.00.00..,artifact,external
oewn-tenaciously__4.02.00..,artifact,artifact
oewn-tenant__1.18.00..,artifact,artifact
oewn-tenant__1.18.01..,artifact,artifact
oewn-tenant__1.18.02..,artifact,artifact
oewn-tend__2.42.01..,artifact,external
oewn-tendency__1.07.00..,artifact,artifact
oewn-tendency__1.09.00..,artifact,external
oewn-tendency__1.15.00..,background,background
oewn-tender__1.21.00..,closed,closed
oewn-tender__2.30.00..,closed,closed
oewn-tender__2.40.00..,closed,closed
oewn-tender__5.00.00.painful.00,closed,closed
oewn-tenderizer__1.27.00..,artifact,artifact
oewn-tenderloin__1.13.00..,artifact,artifact
oewn-tending__1.04.00..,artifact,artifact
oewn-tending__5.00.00.inclined.02,artifact,artifact
oewn-tendon__1.08.00..,artifact,artifact
oewn-tenge__1.23.00..,artifact,artifact
oewn-tenge__1.23.01..,artifact,artifact
oewn-tennis__1.04.00..,artifact,artifact
oewn-tenon__1.06.00..,artifact,artifact
oewn-tenor__5.00.02.high.03,artifact,artifact
oewn-tenpins__1.04.00..,artifact,artifact
oewn-tense__1.10.00..,background,background
oewn-tense__2.29.00..,background,background
oewn-tense__2.29.01..,background,background
oewn-tense__2.30.00..,background,background
oewn-tense__2.35.00..,background,background
oewn-tense__3.00.03..,background,background
oewn-tension__1.19.00..,artifact,artifact
oewn-tension__1.26.00..,artifact,artifact
oewn-tension__1.26.03..,artifact,artifact
oewn-tent__1.06.00..,artifact,artifact
oewn-tentative__5.00.00.conditional.00,artifact,artifact
oewn-tentatively__4.02.00..,artifact,artifact
oewn-tenth__1.23.00..,background,background
oewn-tenth__5.00.00.ordinal.00,background,background
oewn-terebinth__1.20.00..,graph_data,graph_data
oewn-term__1.06.00..,artifact,artifact
oewn-term__1.10.00..,artifact,artifact
oewn-term__1.10.01..,artifact,artifact
oewn-term__1.10.02..,artifact,artifact
oewn-term__1.28.01..,artifact,artifact
oewn-term__2.32.00..,artifact,artifact
oewn-terminal__1.06.00..,artifact,artifact
oewn-terminal__1.06.01..,artifact,artifact
oewn-terminal__1.06.02..,artifact,artifact
oewn-terminate__2.30.01..,artifact,artifact
oewn-terminate__2.41.01..,artifact,artifact
oewn-termination__1.28.00..,artifact,artifact
oewn-terms__1.21.00..,background,background
oewn-terms__1.26.00..,background,background
oewn-terrestrial__3.01.00..,artifact,artifact
oewn-terrestrial__5.00.00.worldly.00,artifact,artifact
oewn-terrifying__5.00.00.alarming.00,artifact,artifact
oewn-territorial__1.14.00..,background,background
oewn-territorial__1.18.00..,background,background
oewn-territory__1.15.00..,artifact,artifact
oewn-terror__1.04.00..,artifact,artifact
oewn-terror__1.12.00..,artifact,external
oewn-test__1.09.02..,artifact,artifact
oewn-test__2.41.00..,artifact,artifact
oewn-test__2.41.01..,artifact,artifact
oewn-testa__1.20.00..,artifact,artifact
oewn-testacean__1.05.00..,artifact,artifact
oewn-testament__1.09.00..,artifact,artifact
oewn-testament__1.10.00..,artifact,external
oewn-tested__5.00.00.proved.00,background,background
oewn-tested__5.00.00.reliable.00,background,background
oewn-testimony__1.10.00..,artifact,artifact
oewn-testing__1.04.00..,artifact,artifact
oewn-testing__1.04.02..,artifact,artifact
oewn-testis__1.08.00..,artifact,artifact
oewn-tethered__5.00.00.bound.01,artifact,artifact
oewn-tetramerous__5.00.00.multilateral.00,background,background
oewn-tetrameter__1.10.00..,artifact,artifact
oewn-tetrametric__3.01.00..,artifact,artifact
oewn-tetravalent__3.01.00..,artifact,artifact
oewn-teutonic__3.01.00..,artifact,external
oewn-text__1.10.00..,artifact,background
oewn-text__1.10.01..,background,background
oewn-text__1.10.02..,artifact,background
oewn-text__1.10.03..,artifact,artifact
oewn-text__2.32.01..,artifact,artifact
oewn-textbook__1.10.00..,artifact,background
oewn-textbook__5.00.00.standard.01,artifact,artifact
oewn-textile__1.06.00..,artifact,artifact
oewn-textual__3.01.00..,artifact,artifact
oewn-texture__1.07.00..,background,background
oewn-texture__1.07.01..,artifact,artifact
oewn-texture__1.07.03..,artifact,artifact
oewn-thallus__1.20.00..,artifact,artifact
oewn-thankfulness__1.12.00..,artifact,artifact
oewn-thanks__1.10.00..,artifact,artifact
oewn-thanksgiving__1.10.00..,artifact,artifact
oewn-thatch__1.08.00..,background,background
oewn-theater__1.06.00..,artifact,artifact
oewn-theatre__1.06.00..,artifact,artifact
oewn-theatrical__1.10.00..,artifact,artifact
oewn-theme__1.09.01..,artifact,artifact
oewn-then__1.28.00..,external,external
oewn-theocracy__1.14.00..,artifact,artifact
oewn-theocratic__3.01.00..,artifact,artifact
oewn-theologian__1.18.00..,artifact,artifact
oewn-theology__1.04.00..,artifact,artifact
oewn-theology__1.09.01..,artifact,artifact
oewn-theorem__1.10.00..,artifact,artifact
oewn-theoretical__3.00.00..,artifact,artifact
oewn-theoretically__4.02.00..,artifact,artifact
oewn-therapeutic__1.06.00..,artifact,artifact
oewn-therefore__4.02.00..,artifact,artifact
oewn-thermal__1.19.00..,artifact,artifact
oewn-thermodynamic__3.01.00..,artifact,artifact
oewn-thermometer__1.06.00..,artifact,artifact
oewn-thermonuclear__5.00.00.nuclear.00,artifact,artifact
oewn-thermoplastic__1.27.00..,artifact,artifact
oewn-thermosphere__1.17.00..,artifact,artifact
oewn-thiamine__1.27.00..,artifact,artifact
oewn-thick__1.15.00..,closed,closed
oewn-thick__5.00.00.concentrated.00,closed,closed
oewn-thicken__2.30.01..,closed,closed
oewn-thickened__5.00.00.thick.01,closed,closed
oewn-thickening__1.27.00..,closed,closed
oewn-thickness__1.07.01..,artifact,artifact
oewn-thigh__1.08.00..,artifact,artifact
oewn-thin__2.30.00..,background,background
oewn-thin__2.30.01..,background,background
oewn-thin__3.00.01..,background,background
oewn-thin__5.00.00.narrow.00,background,background
oewn-thin__5.00.01.insignificant.00,background,background
oewn-thing__1.07.00..,closed,closed
oewn-thing__1.09.02..,closed,closed
oewn-thing__1.10.00..,closed,closed
oewn-thing__1.12.00..,closed,closed
oewn-thing__1.26.00..,closed,closed
oewn-things__1.21.00..,background,background
oewn-think__1.09.00..,artifact,artifact
oewn-think__2.31.01..,external,external
oewn-think__2.31.13..,artifact,artifact
oewn-thinking__1.09.00..,artifact,artifact
oewn-thinking__5.00.00.rational.00,artifact,artifact
oewn-thinner__1.27.00..,background,background
oewn-third__1.04.00..,artifact,artifact
oewn-third__1.23.00..,artifact,artifact
oewn-third__1.24.00..,artifact,artifact
oewn-third__5.00.00.ordinal.00,artifact,artifact
oewn-thirteen__1.23.00..,artifact,artifact
oewn-thirteenth__5.00.00.ordinal.00,artifact,artifact
oewn-thistle__1.20.00..,artifact,artifact
oewn-thistlelike__5.00.00.armed.02,artifact,artifact
oewn-thoracic__3.01.00..,artifact,artifact
oewn-thorax__1.08.01..,artifact,artifact
oewn-thorax__1.08.02..,background,background
oewn-thorn__1.20.00..,graph_data,graph_data
oewn-thorny__5.00.00.difficult.00,closed,closed
oewn-thorough__5.00.00.careful.00,artifact,artifact
oewn-thorough__5.00.00.unmitigated.00,artifact,artifact
oewn-thoroughfare__1.06.00..,background,background
oewn-thoroughgoing__5.00.00.complete.00,artifact,artifact
oewn-thoroughly__4.02.00..,artifact,artifact
oewn-thoroughly__4.02.01..,artifact,artifact
oewn-thoroughness__1.07.01..,artifact,artifact
oewn-thortveitite__1.27.00..,artifact,artifact
oewn-though__4.02.01..,artifact,artifact
oewn-thought__1.09.00..,closed,closed
oewn-thought__1.09.01..,closed,closed
oewn-thoughtful__3.00.00..,background,background
oewn-thoughtful__3.00.04..,artifact,artifact
oewn-thoughtful__5.00.00.profound.00,artifact,artifact
oewn-thoughtless__3.00.00..,artifact,artifact
oewn-thoughtlessly__4.02.01..,artifact,artifact
oewn-thousand__1.23.00..,artifact,artifact
oewn-thousandth__1.23.00..,artifact,artifact
oewn-thread__1.06.00..,closed,closed
oewn-thread__1.17.00..,closed,closed
oewn-thread__2.35.01..,closed,closed
oewn-thread__2.35.07..,closed,closed
oewn-threaded__3.01.00..,artifact,artifact
oewn-threadlike__5.00.00.thin.01,background,background
oewn-threads__1.06.00..,artifact,artifact
oewn-threat__1.26.00..,closed,closed
oewn-threatening__5.00.00.alarming.00,artifact,artifact
oewn-threatening__5.00.00.cloudy.00,artifact,artifact
oewn-thrilling__5.00.00.exciting.00,artifact,artifact
oewn-thrive__2.30.00..,artifact,artifact
oewn-throat__1.08.00..,artifact,artifact
oewn-throb__2.39.00..,artifact,artifact
oewn-thrombin__1.27.00..,artifact,artifact
oewn-throne__1.06.00..,background,background
oewn-throne__2.41.00..,background,background
oewn-throne__2.41.01..,background,background
oewn-through__4.02.01..,closed,closed
oewn-through__4.02.03..,closed,closed
oewn-through__5.00.00.direct.00,closed,closed
oewn-through__5.00.00.finished.01,closed,closed
oewn-throughout__4.02.00..,background,background
oewn-throw__1.04.00..,closed,closed
oewn-throw__2.35.00..,closed,closed
oewn-throw__2.35.07..,closed,closed
oewn-thrown__5.00.00.down.00,artifact,background
oewn-thrust__1.19.00..,artifact,artifact
oewn-thrust__2.42.00..,artifact,artifact
oewn-thumb__1.08.00..,artifact,artifact
oewn-thunder__1.11.00..,artifact,artifact
oewn-thunder__1.11.01..,artifact,artifact
oewn-thunderbolt__1.19.00..,artifact,artifact
oewn-thus__1.27.00..,artifact,artifact
oewn-thwart__2.41.00..,external,external
oewn-thyme__1.20.00..,background,background
oewn-thymus__1.08.00..,artifact,artifact
oewn-thymus__1.20.00..,background,background
oewn-tibia__1.08.00..,artifact,artifact
oewn-tick__1.11.00..,artifact,artifact
oewn-tidal__3.01.00..,closed,closed
oewn-tide__1.11.00..,artifact,artifact
oewn-tidy__3.00.00..,artifact,artifact
oewn-tied__5.00.00.bound.01,artifact,artifact
oewn-tight__3.00.01..,closed,closed
oewn-tight__4.02.00..,closed,closed
oewn-tight__5.00.00.invulnerable.00,closed,closed
oewn-tight__5.00.00.tense.01,closed,closed
oewn-tightly__4.02.02..,background,background
oewn-tights__1.06.00..,artifact,artifact
oewn-tilling__1.04.00..,artifact,artifact
oewn-tilt__1.07.00..,background,background
oewn-timber__1.27.00..,artifact,background
oewn-timbre__1.07.00..,artifact,artifact
oewn-time__1.03.00..,background,background
oewn-time__1.07.01..,background,background
oewn-time__1.11.00..,background,background
oewn-time__1.11.01..,background,background
oewn-time__1.28.00..,background,background
oewn-time__1.28.01..,background,background
oewn-time__1.28.03..,background,background
oewn-time__1.28.04..,background,background
oewn-time__1.28.05..,background,background
oewn-time__1.28.06..,background,background
oewn-time__2.30.00..,background,background
oewn-time__2.30.06..,background,background
oewn-time__2.31.00..,background,background
oewn-timekeeping__1.28.00..,artifact,background
oewn-timepiece__1.06.00..,artifact,artifact
oewn-times__1.28.01..,background,background
oewn-timid__3.00.09..,artifact,artifact
oewn-ting__2.39.00..,background,background
oewn-ting__2.39.01..,background,background
oewn-tinge__1.07.00..,artifact,artifact
oewn-tinge__1.23.00..,artifact,artifact
oewn-tinnitus__1.26.00..,artifact,artifact
oewn-tint__1.07.00..,artifact,artifact
oewn-tiny__5.00.00.small.00,closed,closed
oewn-tipped__3.00.00..,artifact,artifact
oewn-tipped__5.00.00.inclined.01,background,background
oewn-tire__1.06.00..,artifact,artifact
oewn-tired__5.00.00.unoriginal.00,artifact,artifact
oewn-tireless__5.00.00.energetic.00,background,background
oewn-tiresomely__4.02.00..,artifact,artifact
oewn-tissue__1.08.00..,background,background
oewn-tissue__1.27.02..,background,background
oewn-tissue__2.36.00..,background,background
oewn-titan__1.18.00..,artifact,artifact
oewn-titer__1.07.00..,background,background
oewn-tithe__2.40.00..,background,background
oewn-tithe__2.40.01..,background,background
oewn-title__1.10.02..,closed,closed
oewn-title__1.10.04..,closed,closed
oewn-title__1.10.05..,closed,closed
oewn-title__2.32.00..,closed,closed
oewn-title__2.32.02..,closed,closed
oewn-titled__5.00.00.noble.02,artifact,artifact
oewn-tiyin__1.23.00..,background,background
oewn-tiyin__1.23.01..,background,background
oewn-toadflax__1.20.00..,artifact,artifact
oewn-toadstool__1.20.00..,artifact,artifact
oewn-tobacco__1.06.00..,background,background
oewn-toboggan__1.06.00..,artifact,artifact
oewn-toboggan__2.38.00..,background,background
oewn-today__1.28.00..,background,background
oewn-today__1.28.01..,background,background
oewn-today__4.02.00..,background,background
oewn-toed__3.00.00..,artifact,artifact
oewn-toenail__1.08.00..,artifact,artifact
oewn-tofu__1.13.00..,artifact,artifact
oewn-together__4.02.02..,closed,closed
oewn-together__4.02.03..,closed,closed
oewn-together__4.02.05..,closed,closed
oewn-together__4.02.10..,closed,closed
oewn-together__5.00.00.unneurotic.00,closed,closed
oewn-toggle__2.35.00..,closed,closed
oewn-toggle__2.40.00..,closed,closed
oewn-toilet__1.06.00..,artifact,artifact
oewn-toiletry__1.06.00..,artifact,artifact
oewn-token__1.10.00..,external,external
oewn-tolerance__1.07.03..,background,background
oewn-tolerant__3.00.00..,artifact,artifact
oewn-tolerate__2.31.00..,external,external
oewn-tolerate__2.39.00..,artifact,artifact
oewn-tomahawk__2.35.00..,background,background
oewn-tomahawk__2.35.01..,background,background
oewn-tomato__1.13.00..,graph_data,graph_data
oewn-tombstone__1.06.00..,artifact,artifact
oewn-tomorrow__1.28.01..,artifact,background
oewn-tomorrow__4.02.00..,artifact,artifact
oewn-tonal__3.00.00..,artifact,artifact
oewn-tonal__3.01.00..,artifact,artifact
oewn-tone__1.07.01..,artifact,artifact
oewn-tone__1.07.02..,artifact,artifact
oewn-tone__1.10.01..,artifact,artifact
oewn-tone__1.26.02..,artifact,artifact
oewn-tone__2.32.02..,artifact,artifact
oewn-toned__5.00.00.tonal.00,artifact,artifact
oewn-tongue__1.06.01..,artifact,artifact
oewn-tongue__1.08.00..,artifact,artifact
oewn-tongueless__3.00.00..,artifact,artifact
oewn-tonic__1.10.00..,artifact,artifact
oewn-tonic__3.01.02..,artifact,artifact
oewn-tonicity__1.26.00..,artifact,artifact
oewn-tonsillectomy__1.04.00..,artifact,artifact
oewn-tonus__1.26.00..,artifact,artifact
oewn-tool__1.06.00..,closed,closed
oewn-tooth__1.05.02..,artifact,artifact
oewn-tooth__1.06.01..,closed,closed
oewn-tooth__1.08.00..,artifact,artifact
oewn-toothed__3.00.00..,artifact,artifact
oewn-toothed__5.00.01.rough.02,artifact,artifact
oewn-toothed__5.00.02.rough.02,artifact,artifact
oewn-toothlike__5.00.00.toothed.00,closed,closed
oewn-topaz__1.07.00..,background,background
oewn-topaz__1.27.01..,background,background
oewn-topgallant__1.06.02..,graph_data,graph_data
oewn-topic__1.10.00..,artifact,artifact
oewn-topmast__1.06.00..,artifact,artifact
oewn-topmost__5.00.00.top.00,background,background
oewn-topography__1.07.00..,artifact,artifact
oewn-topography__1.09.00..,artifact,artifact
oewn-topped__3.00.00..,background,background
oewn-topping__1.13.00..,artifact,artifact
oewn-topple__2.38.00..,background,background
oewn-topple__2.38.01..,background,background
oewn-torment__1.12.01..,artifact,artifact
oewn-torment__2.37.00..,background,background
oewn-torment__2.37.01..,artifact,external
oewn-tormented__5.00.00.sorrowful.00,background,background
oewn-torn__5.00.00.injured.00,artifact,artifact
oewn-torpedo__1.18.00..,artifact,artifact
oewn-torpid__5.00.00.inactive.01,artifact,artifact
oewn-torque__1.19.00..,artifact,artifact
oewn-torso__1.08.00..,closed,closed
oewn-torture__1.12.02..,artifact,artifact
oewn-torture__2.37.00..,background,background
oewn-toss__2.35.04..,background,background
oewn-toss__2.38.00..,artifact,background
oewn-total__1.06.00..,background,background
oewn-total__2.32.00..,artifact,external
oewn-total__5.00.00.whole.00,artifact,artifact
oewn-totality__1.26.00..,artifact,artifact
oewn-totem__1.14.00..,background,background
oewn-totemic__3.01.00..,artifact,artifact
oewn-totemism__1.09.00..,artifact,artifact
oewn-touch__1.09.01..,background,background
oewn-touch__1.11.00..,artifact,artifact
oewn-touch__2.35.00..,artifact,artifact
oewn-touchdown__1.04.00..,artifact,artifact
oewn-touched__3.00.00..,background,background
oewn-touched__5.00.00.insane.00,artifact,artifact
oewn-touching__1.04.00..,artifact,artifact
oewn-touching__1.11.00..,artifact,artifact
oewn-touching__5.00.00.moving.01,artifact,artifact
oewn-tough__1.18.02..,background,background
oewn-tough__5.00.00.uncomfortable.00,background,background
oewn-tough__5.00.01.difficult.00,background,background
oewn-toughness__1.07.01..,artifact,artifact
oewn-tourism__1.04.00..,background,background
oewn-tourist__1.18.00..,background,background
oewn-tournament__1.11.00..,artifact,artifact
oewn-towel__1.06.00..,artifact,artifact
oewn-tower__1.06.00..,artifact,artifact
oewn-tower__1.06.01..,artifact,artifact
oewn-tower__1.25.00..,closed,closed
oewn-town__1.14.00..,artifact,background
oewn-town__1.15.00..,artifact,background
oewn-toxic__3.00.00..,artifact,artifact
oewn-toxicity__1.23.00..,external,external
oewn-toxin__1.27.00..,artifact,artifact
oewn-toyon__1.20.00..,graph_data,graph_data
oewn-trace__1.23.00..,background,background
oewn-trachea__1.08.01..,graph_data,graph_data
oewn-tracing__1.04.00..,artifact,artifact
oewn-track__1.04.00..,artifact,artifact
oewn-track__1.06.01..,artifact,artifact
oewn-track__1.06.02..,artifact,artifact
oewn-track__1.17.00..,artifact,artifact
oewn-tracking__1.04.00..,artifact,artifact
oewn-tract__1.15.00..,artifact,artifact
oewn-trade__1.04.05..,artifact,artifact
oewn-trademark__1.07.00..,background,background
oewn-trademark__2.32.00..,background,background
oewn-trademark__2.35.00..,background,background
oewn-trading__1.04.00..,artifact,artifact
oewn-tradition__1.09.01..,artifact,artifact
oewn-traditional__3.00.00..,artifact,artifact
oewn-traditional__5.00.00.orthodox.00,artifact,artifact
oewn-traditionally__4.02.00..,artifact,artifact
oewn-traffic__1.14.00..,artifact,artifact
oewn-tragic__5.00.00.sad.00,artifact,external
oewn-trail__2.35.05..,artifact,artifact
oewn-trailer__1.18.00..,artifact,background
oewn-trailing__1.04.00..,artifact,artifact
oewn-train__1.06.00..,artifact,artifact
oewn-train__1.06.01..,artifact,artifact
oewn-train__2.31.01..,artifact,artifact
oewn-train__2.38.00..,artifact,artifact
oewn-trained__3.00.00..,artifact,artifact
oewn-trainer__1.18.00..,closed,closed
oewn-training__1.04.00..,artifact,artifact
oewn-training__1.07.00..,artifact,artifact
oewn-trait__1.07.00..,background,background
oewn-transactions__1.10.00..,artifact,artifact
oewn-transducer__1.06.00..,artifact,artifact
oewn-transfer__1.04.00..,artifact,artifact
oewn-transfer__1.09.02..,artifact,artifact
oewn-transfer__2.38.01..,artifact,artifact
oewn-transfer__2.41.00..,artifact,artifact
oewn-transform__2.30.02..,artifact,artifact
oewn-transformation__1.11.00..,artifact,artifact
oewn-transformation__1.24.00..,artifact,artifact
oewn-transformed__5.00.00.changed.00,artifact,artifact
oewn-transformer__1.06.00..,artifact,artifact
oewn-transgression__1.04.00..,artifact,artifact
oewn-transient__1.11.00..,artifact,artifact
oewn-transient__1.18.00..,artifact,artifact
oewn-transit__2.38.00..,artifact,artifact
oewn-transition__1.04.00..,artifact,artifact
oewn-transition__2.30.00..,artifact,artifact
oewn-transition__2.30.01..,artifact,artifact
oewn-translation__1.10.00..,artifact,artifact
oewn-translucent__5.00.00.clear.02,background,background
oewn-transmission__1.04.01..,artifact,external
oewn-transmission__1.23.00..,artifact,artifact
oewn-transmit__2.32.00..,external,external
oewn-transmit__2.40.10..,artifact,artifact
oewn-transmitted__5.00.01.inheritable.00,background,background
oewn-transmitter__1.18.00..,closed,closed
oewn-transmitting__1.04.00..,artifact,external
oewn-transparency__1.06.01..,artifact,artifact
oewn-transparent__5.00.00.clear.02,background,background
oewn-transparent__5.00.00.thin.01,background,background
oewn-transpiration__1.22.00..,artifact,artifact
oewn-transport__1.04.00..,artifact,artifact
oewn-transport__1.06.00..,artifact,artifact
oewn-transport__1.06.01..,artifact,artifact
oewn-transport__2.35.01..,closed,closed
oewn-transport__2.38.00..,artifact,external
oewn-transport__2.38.01..,artifact,artifact
oewn-transportable__5.00.00.mobile.00,background,background
oewn-transportation__1.06.00..,artifact,artifact
oewn-transportation__1.14.00..,artifact,artifact
oewn-transportation__1.21.00..,artifact,artifact
oewn-transuranic__3.01.00..,artifact,artifact
oewn-transverse__5.00.00.crosswise.00,artifact,artifact
oewn-transversely__4.02.00..,artifact,artifact
oewn-trap__2.35.00..,background,background
oewn-trap__2.35.01..,background,background
oewn-trap__2.41.00..,background,background
oewn-trapping__1.06.01..,artifact,artifact
oewn-travel__1.04.00..,background,background
oewn-travel__1.11.00..,background,background
oewn-travel__2.38.00..,background,background
oewn-travel__2.38.02..,background,background
oewn-travel__2.38.05..,background,background
oewn-traveled__3.00.00..,artifact,artifact
oewn-traveled__5.00.00.cosmopolitan.02,artifact,artifact
oewn-traveler__1.18.00..,closed,closed
oewn-traveling__1.04.00..,artifact,background
oewn-travelled__5.00.00.cosmopolitan.02,artifact,artifact
oewn-travelling__1.04.00..,artifact,background
oewn-treacherous__5.00.00.dangerous.00,artifact,artifact
oewn-tread__1.04.00..,artifact,artifact
oewn-treasure__1.21.01..,artifact,artifact
oewn-treat__1.13.00..,artifact,artifact
oewn-treat__2.31.00..,artifact,artifact
oewn-treat__2.41.00..,artifact,background
oewn-treated__3.00.00..,background,background
oewn-treatment__1.04.00..,artifact,artifact
oewn-treatment__1.04.02..,artifact,artifact
oewn-treaty__1.10.00..,artifact,artifact
oewn-tree__1.18.00..,artifact,artifact
oewn-tree__1.20.00..,artifact,artifact
oewn-tree__1.25.00..,artifact,artifact
oewn-treelike__5.00.00.branchy.00,artifact,artifact
oewn-trefoil__1.20.02..,artifact,artifact
oewn-trembling__1.26.00..,artifact,artifact
oewn-trench__1.06.00..,artifact,artifact
oewn-trench__1.06.01..,artifact,artifact
oewn-trend__1.15.02..,background,background
oewn-treponema__1.05.00..,artifact,artifact
oewn-triad__1.23.00..,artifact,artifact
oewn-trial__1.04.00..,artifact,artifact
oewn-trial__1.04.02..,artifact,artifact
oewn-triangle__1.06.00..,closed,closed
oewn-triangle__1.06.01..,closed,closed
oewn-triangle__1.25.01..,closed,closed
oewn-triangular__5.00.00.angular.00,closed,closed
oewn-triangular__5.00.00.multilateral.00,closed,closed
oewn-tribe__1.14.02..,background,background
oewn-tribunal__1.14.00..,artifact,artifact
oewn-tributary__1.17.00..,background,background
oewn-trick__1.04.01..,artifact,artifact
oewn-trickery__1.10.00..,artifact,artifact
oewn-trickster__1.18.00..,artifact,artifact
oewn-tridymite__1.27.00..,background,background
oewn-tried__5.00.00.proved.00,artifact,artifact
oewn-trifoliate__5.00.00.compound.00,artifact,background
oewn-trigger__1.06.00..,artifact,artifact
oewn-trihydroxy__3.01.00..,graph_data,graph_data
oewn-trill__1.10.00..,artifact,artifact
oewn-trimmed__3.00.00..,artifact,artifact
oewn-trimming__1.04.00..,artifact,artifact
oewn-trinity__1.14.00..,artifact,artifact
oewn-trinity__1.18.00..,artifact,artifact
oewn-trioxide__1.27.00..,artifact,artifact
oewn-trip__2.38.00..,artifact,artifact
oewn-triquetral__1.08.00..,artifact,artifact
oewn-trivalent__3.01.00..,artifact,artifact
oewn-trivial__5.00.00.unimportant.00,background,background
oewn-trojan__1.10.00..,artifact,artifact
oewn-troops__1.14.00..,artifact,artifact
oewn-trope__1.10.00..,artifact,artifact
oewn-tropical__5.00.00.equatorial.00,background,background
oewn-tropical__5.00.00.figurative.00,background,background
oewn-tropical__5.00.00.hot.01,background,background
oewn-tropics__1.15.00..,artifact,artifact
oewn-troposphere__1.17.00..,artifact,artifact
oewn-trouble__1.04.02..,artifact,artifact
oewn-trouble__1.09.00..,background,background
oewn-trouble__1.11.00..,artifact,artifact
oewn-trouble__1.12.03..,background,background
oewn-troubled__3.00.00..,artifact,artifact
oewn-troubled__5.00.00.unquiet.00,artifact,artifact
oewn-troublesome__5.00.00.difficult.00,artifact,artifact
oewn-troubling__5.00.00.heavy.02,artifact,artifact
oewn-trough__1.17.00..,artifact,artifact
oewn-trousers__1.06.00..,artifact,artifact
oewn-troy__1.15.00..,artifact,artifact
oewn-troy__1.23.00..,artifact,artifact
oewn-truck__1.06.00..,artifact,artifact
oewn-truck__1.06.01..,artifact,artifact
oewn-true__1.07.00..,closed,closed
oewn-true__2.30.00..,closed,closed
oewn-true__3.00.00..,closed,closed
oewn-true__5.00.00.accurate.00,closed,closed
oewn-true__5.00.00.geographic.00,closed,closed
oewn-true__5.00.00.trustworthy.00,closed,closed
oewn-trumpet__1.06.00..,artifact,artifact
oewn-trumpet__2.32.00..,artifact,artifact
oewn-trumpet__2.36.00..,artifact,artifact
oewn-trunk__1.06.00..,artifact,artifact
oewn-trunk__1.08.00..,closed,closed
oewn-trunk__1.20.00..,artifact,artifact
oewn-trust__1.09.00..,background,background
oewn-trust__1.21.03..,artifact,artifact
oewn-trustee__1.18.00..,artifact,artifact
oewn-trustworthy__3.00.00..,artifact,artifact
oewn-truth__1.07.01..,closed,closed
oewn-truth__1.09.00..,closed,closed
oewn-truth__1.10.00..,closed,closed
oewn-truth__1.26.00..,closed,closed
oewn-truthful__3.00.00..,background,background
oewn-trying__5.00.00.difficult.00,external,external
oewn-trypsin__1.27.00..,artifact,artifact
oewn-trypsinogen__1.27.00..,artifact,artifact
oewn-tube__1.06.00..,background,background
oewn-tube__1.06.02..,background,background
oewn-tube__1.08.00..,background,background
oewn-tube__1.25.00..,background,background
oewn-tube__2.38.00..,background,background
oewn-tube__2.40.00..,background,background
oewn-tubelike__5.00.00.hollow.00,artifact,artifact
oewn-tuber__1.20.00..,artifact,artifact
oewn-tubercle__1.20.00..,artifact,artifact
oewn-tuberous__3.01.00..,artifact,artifact
oewn-tubular__5.00.00.hollow.00,artifact,artifact
oewn-tubule__1.08.00..,background,background
oewn-tudor__1.14.00..,artifact,artifact
oewn-tufted__5.00.00.ungregarious.01,artifact,artifact
oewn-tumble__2.38.00..,artifact,artifact
oewn-tumble__2.38.06..,artifact,artifact
oewn-tumor__1.26.00..,artifact,artifact
oewn-tumult__1.26.00..,artifact,artifact
oewn-tuna__1.05.01..,graph_data,graph_data
oewn-tuna__1.20.00..,artifact,artifact
oewn-tunic__1.08.00..,artifact,artifact
oewn-tunicate__1.05.00..,background,background
oewn-tunnel__1.06.00..,artifact,artifact
oewn-turbulence__1.19.00..,artifact,artifact
oewn-turbulent__5.00.00.unquiet.00,background,background
oewn-turkey__1.05.00..,graph_data,graph_data
oewn-turkic__1.10.00..,artifact,artifact
oewn-turmoil__1.26.00..,artifact,artifact
oewn-turn__1.10.00..,background,background
oewn-turn__1.25.00..,background,background
oewn-turn__1.28.00..,background,background
oewn-turn__1.28.01..,background,background
oewn-turn__2.29.00..,background,background
oewn-turn__2.30.01..,background,background
oewn-turn__2.35.06..,background,background
oewn-turn__2.35.11..,background,background
oewn-turn__2.38.00..,background,background
oewn-turned__3.00.00..,artifact,artifact
oewn-turned__5.00.00.soured.00,background,background
oewn-turning__1.04.00..,artifact,background
oewn-turpentine__1.27.00..,artifact,artifact
oewn-tusk__2.30.00..,closed,closed
oewn-tusk__2.35.00..,artifact,artifact
oewn-tutsi__1.18.00..,artifact,artifact
oewn-twang__2.39.00..,closed,closed
oewn-twang__2.39.01..,closed,closed
oewn-tweed__1.06.00..,background,background
oewn-tweed__1.06.03..,background,background
oewn-twelfth__1.23.00..,background,background
oewn-twelfth__1.24.00..,background,background
oewn-twelfth__5.00.00.ordinal.00,background,background
oewn-twelve__1.23.00..,artifact,artifact
oewn-twilight__1.28.00..,artifact,artifact
oewn-twilight__5.00.00.dark.01,artifact,artifact
oewn-twin__1.18.00..,artifact,artifact
oewn-twins__1.15.00..,artifact,artifact
oewn-twist__1.11.00..,closed,closed
oewn-twist__2.29.00..,closed,closed
oewn-twist__2.35.02..,closed,closed
oewn-twist__2.35.06..,closed,closed
oewn-twist__2.42.00..,closed,closed
oewn-twisted__5.00.00.disingenuous.00,artifact,artifact
oewn-twisting__1.04.00..,artifact,artifact
oewn-twitching__1.26.00..,artifact,artifact
oewn-tying__1.04.00..,artifact,external
oewn-typeface__1.10.00..,artifact,artifact
oewn-typeset__2.36.00..,artifact,background
oewn-typewriter__1.06.00..,artifact,artifact
oewn-typical__3.00.00..,artifact,artifact
oewn-typical__5.00.00.characteristic.00,artifact,artifact
oewn-tyrannical__5.00.00.domineering.00,artifact,artifact
oewn-tyranny__1.14.00..,artifact,artifact
oewn-tyrant__1.18.00..,artifact,artifact
oewn-udder__1.05.00..,artifact,artifact
oewn-ugly__5.00.00.ill-natured.00,artifact,background
oewn-ulceration__1.26.00..,artifact,artifact
oewn-ulna__1.08.00..,artifact,artifact
oewn-ulnar__3.01.00..,artifact,artifact
oewn-ultimate__1.07.00..,artifact,artifact
oewn-ultimate__5.00.00.last.00,artifact,artifact
oewn-ultramicroscope__1.06.00..,artifact,artifact
oewn-ultramicroscopic__3.01.00..,artifact,artifact
oewn-ultrasonography__1.04.00..,artifact,artifact
oewn-ultraviolet__1.19.00..,artifact,artifact
oewn-ultraviolet__5.00.00.invisible.00,artifact,artifact
oewn-umbrella__1.06.00..,artifact,artifact
oewn-umbrella__5.00.00.comprehensive.00,artifact,artifact
oewn-umpire__1.18.00..,artifact,artifact
oewn-umpire__2.33.00..,background,background
oewn-unable__3.00.00..,background,background
oewn-unable__5.00.00.incapable.00,background,background
oewn-unaccented__5.00.00.unstressed.00,artifact,artifact
oewn-unacceptable__5.00.00.unsatisfactory.00,artifact,artifact
oewn-unaided__5.00.00.unassisted.00,artifact,artifact
oewn-unaltered__3.00.00..,artifact,artifact
oewn-unauthorized__3.00.00..,artifact,artifact
oewn-unavailability__1.07.00..,artifact,artifact
oewn-unavailable__3.00.00..,external,external
oewn-unavoidable__5.00.00.inevitable.00,artifact,artifact
oewn-unavoidably__4.02.00..,background,background
oewn-unaware__3.00.00..,background,background
oewn-unbalanced__3.00.00..,artifact,artifact
oewn-unborn__3.00.00..,artifact,external
oewn-unbound__3.00.02..,closed,closed
oewn-unbounded__5.00.00.infinite.00,artifact,external
oewn-unbranched__5.00.00.branchless.00,closed,closed
oewn-unbroken__3.00.02..,artifact,artifact
oewn-uncastrated__3.00.00..,artifact,artifact
oewn-uncertainty__1.07.00..,artifact,artifact
oewn-unchanged__3.00.00..,closed,closed
oewn-unchanging__5.00.00.consistent.00,artifact,artifact
oewn-unchanging__5.00.00.unchangeable.00,artifact,artifact
oewn-uncivil__3.00.00..,artifact,artifact
oewn-uncle__1.18.00..,artifact,artifact
oewn-unclean__3.00.04..,background,background
oewn-unclear__3.00.04..,artifact,artifact
oewn-unclouded__5.00.00.pure.02,closed,closed
oewn-uncomfortable__3.00.01..,artifact,artifact
oewn-uncommitted__3.00.00..,artifact,artifact
oewn-uncommon__3.00.00..,artifact,artifact
oewn-uncommon__5.00.00.extraordinary.00,artifact,artifact
oewn-uncommonness__1.07.01..,artifact,artifact
oewn-uncommunicative__3.00.00..,artifact,artifact
oewn-uncompromising__3.00.00..,artifact,background
oewn-unconcern__1.07.01..,artifact,artifact
oewn-unconditional__5.00.00.unqualified.02,artifact,artifact
oewn-unconditionally__4.02.02..,artifact,artifact
oewn-unconfined__3.00.00..,background,background
oewn-unconscious__1.09.00..,artifact,artifact
oewn-unconsciously__4.02.00..,external,external
oewn-unconsciousness__1.09.00..,artifact,artifact
oewn-unconstrained__5.00.00.free.00,artifact,artifact
oewn-uncontrollable__5.00.00.intractable.00,artifact,artifact
oewn-uncontrollably__4.02.00..,artifact,external
oewn-uncontrolled__3.00.00..,artifact,background
oewn-unconventional__3.00.00..,artifact,artifact
oewn-uncultivated__3.00.00..,artifact,artifact
oewn-uncurl__2.38.00..,artifact,circular
oewn-under__4.02.03..,closed,closed
oewn-under__4.02.05..,closed,closed
oewn-under__4.02.07..,closed,closed
oewn-under__5.00.00.low.01,closed,closed
oewn-under__5.00.00.subordinate.01,closed,closed
oewn-undercoat__1.05.00..,artifact,artifact
oewn-undercoat__1.06.02..,artifact,artifact
oewn-underfur__1.05.00..,artifact,artifact
oewn-undergarment__1.06.00..,background,background
oewn-undergraduate__1.18.00..,artifact,artifact
oewn-underground__1.06.00..,artifact,artifact
oewn-underground__1.14.00..,artifact,artifact
oewn-underhand__3.00.00..,background,background
oewn-underhanded__5.00.00.crooked.02,artifact,artifact
oewn-underlying__5.00.00.implicit.00,artifact,artifact
oewn-underneath__4.02.01..,artifact,background
oewn-underpants__1.06.00..,artifact,external
oewn-undersea__5.00.00.subsurface.00,artifact,artifact
oewn-underside__1.15.00..,artifact,background
oewn-understand__2.31.00..,background,background
oewn-understand__2.31.01..,background,background
oewn-understand__2.31.03..,background,background
oewn-understandable__5.00.00.comprehensible.00,background,background
oewn-understanding__1.09.01..,external,external
oewn-understanding__5.00.00.perceptive.00,artifact,artifact
oewn-understate__2.32.00..,artifact,artifact
oewn-understood__3.00.00..,background,background
oewn-understood__5.00.00.implicit.00,closed,closed
oewn-understudy__1.18.00..,artifact,artifact
oewn-understudy__2.31.00..,closed,closed
oewn-undertake__2.36.00..,artifact,artifact
oewn-undertaking__1.04.00..,artifact,artifact
oewn-underwater__5.00.00.subsurface.00,background,background
oewn-underwear__1.06.00..,background,background
oewn-underworld__1.09.00..,artifact,external
oewn-underworld__1.14.00..,artifact,artifact
oewn-undeserving__5.00.00.unworthy.00,background,background
oewn-undesirable__1.18.00..,background,background
oewn-undesirable__3.00.00..,circular,circular
oewn-undesired__5.00.00.unwanted.00,circular,circular
oewn-undifferentiated__3.00.00..,artifact,artifact
oewn-undiluted__3.00.00..,background,background
oewn-undisciplined__5.00.00.untrained.00,external,external
oewn-undisputed__5.00.00.uncontroversial.00,artifact,artifact
oewn-undissolved__5.00.00.unmelted.00,closed,closed
oewn-undisturbed__5.00.00.untroubled.00,artifact,artifact
oewn-undiversified__3.00.00..,artifact,artifact
oewn-undivided__5.00.00.united.00,artifact,artifact
oewn-undo__2.35.00..,artifact,artifact
oewn-undoing__1.04.00..,artifact,artifact
oewn-undone__5.00.00.unfinished.01,background,background
oewn-undue__3.00.00..,artifact,artifact
oewn-undue__5.00.00.unreasonable.00,artifact,artifact
oewn-unduly__4.02.00..,artifact,artifact
oewn-unearned__3.00.00..,artifact,artifact
oewn-uneasiness__1.12.02..,artifact,artifact
oewn-uneasy__3.00.00..,artifact,artifact
oewn-uneasy__5.00.00.troubled.00,artifact,artifact
oewn-unedited__5.00.00.unaltered.00,artifact,artifact
oewn-unelaborated__5.00.00.incomplete.00,artifact,artifact
oewn-unemotional__5.00.00.undemonstrative.00,background,background
oewn-unemployed__1.14.00..,artifact,artifact
oewn-unemployment__1.26.00..,artifact,artifact
oewn-unenlightened__5.00.00.uninformed.00,artifact,artifact
oewn-unequal__3.00.00..,artifact,artifact
oewn-unethical__3.00.00..,artifact,artifact
oewn-uneven__3.00.00..,artifact,artifact
oewn-uneven__5.00.00.unequal.00,artifact,artifact
oewn-unexpected__3.00.00..,artifact,artifact
oewn-unexpectedly__4.02.00..,artifact,artifact
oewn-unexpectedly__4.02.01..,artifact,artifact
oewn-unexplored__5.00.00.unknown.00,artifact,artifact
oewn-unfair__3.00.00..,artifact,artifact
oewn-unfamiliar__3.00.00..,external,external
oewn-unfastened__3.00.00..,background,background
oewn-unfavorable__3.00.02..,artifact,artifact
oewn-unfavorably__4.02.00..,artifact,artifact
oewn-unfeeling__5.00.00.uncompassionate.00,artifact,artifact
oewn-unfit__2.30.00..,artifact,artifact
oewn-unfit__3.00.02..,artifact,artifact
oewn-unfit__5.00.00.unhealthy.00,artifact,artifact
oewn-unfitness__1.26.00..,artifact,artifact
oewn-unflagging__5.00.00.constant.00,background,background
oewn-unflagging__5.00.00.energetic.00,artifact,artifact
oewn-unfledged__3.00.00..,artifact,artifact
oewn-unfolding__1.22.00..,artifact,artifact
oewn-unforeseen__5.00.00.unexpected.00,artifact,artifact
oewn-unforested__5.00.00.unwooded.00,artifact,artifact
oewn-unfortunate__1.18.00..,background,background
oewn-unfortunate__5.00.00.infelicitous.00,artifact,artifact
oewn-unfretted__3.01.00..,closed,closed
oewn-unfriendly__3.00.02..,artifact,artifact
oewn-unfriendly__5.00.00.inhospitable.00,artifact,artifact
oewn-unfulfilled__5.00.00.unsuccessful.00,artifact,artifact
oewn-ungulate__1.05.00..,artifact,artifact
oewn-unhappiness__1.12.00..,background,background
oewn-unhappy__3.00.00..,artifact,artifact
oewn-unhatched__5.00.00.unborn.00,artifact,artifact
oewn-unhurried__3.00.00..,artifact,artifact
oewn-unicellular__3.01.00..,artifact,artifact
oewn-unidimensional__3.00.00..,artifact,artifact
oewn-unified__5.00.00.united.00,artifact,artifact
oewn-uniform__1.06.00..,artifact,artifact
oewn-uniform__3.00.00..,artifact,artifact
oewn-uniform__5.00.00.homogeneous.00,artifact,artifact
oewn-uniformity__1.07.00..,artifact,artifact
oewn-uniformly__4.02.00..,artifact,artifact
oewn-unifying__5.00.00.integrative.00,artifact,artifact
oewn-unilateral__3.00.00..,artifact,background
oewn-unimpressive__3.00.00..,background,background
oewn-uninflected__3.00.00..,artifact,artifact
oewn-uninflected__3.00.04..,artifact,artifact
oewn-uninfluenced__5.00.00.unaffected.00,closed,closed
oewn-uninhabited__3.00.00..,closed,closed
oewn-unintelligible__3.00.00..,artifact,artifact
oewn-unintentional__3.00.00..,artifact,artifact
oewn-unintentionally__4.02.00..,artifact,artifact
oewn-uninterrupted__3.00.00..,artifact,artifact
oewn-uninterrupted__5.00.00.unbroken.02,artifact,artifact
oewn-uninvited__5.00.00.unwelcome.00,artifact,artifact
oewn-uninviting__5.00.00.unseductive.00,artifact,artifact
oewn-union__1.04.02..,artifact,artifact
oewn-union__1.11.00..,artifact,artifact
oewn-union__1.14.01..,artifact,artifact
oewn-union__1.14.02..,artifact,artifact
oewn-union__1.15.00..,artifact,artifact
oewn-union__5.00.00.northern.02,artifact,artifact
oewn-uniovulate__3.01.00..,artifact,artifact
oewn-unique__5.00.00.incomparable.00,artifact,artifact
oewn-unique__5.00.00.specific.00,artifact,artifact
oewn-unisexual__5.00.00.sexual.00,artifact,external
oewn-unit__1.14.00..,artifact,artifact
oewn-unit__1.23.00..,artifact,artifact
oewn-unit__1.24.00..,artifact,artifact
oewn-unitary__3.01.02..,artifact,artifact
oewn-unite__2.30.02..,artifact,artifact
oewn-unite__2.41.00..,artifact,artifact
oewn-unite__2.41.04..,artifact,artifact
oewn-united__3.00.00..,artifact,artifact
oewn-united__5.00.00.married.00,closed,closed
oewn-uniting__1.04.01..,artifact,artifact
oewn-unity__1.23.00..,artifact,artifact
oewn-unity__1.26.00..,artifact,artifact
oewn-univalent__3.00.02..,background,background
oewn-universal__1.10.01..,artifact,artifact
oewn-universe__1.17.00..,artifact,background
oewn-university__1.06.00..,closed,closed
oewn-university__1.14.00..,closed,closed
oewn-university__1.14.01..,closed,closed
oewn-unjust__3.00.04..,artifact,artifact
oewn-unjustly__4.02.00..,artifact,artifact
oewn-unkind__3.00.00..,artifact,artifact
oewn-unkind__5.00.00.inhumane.00,artifact,artifact
oewn-unknowingly__4.02.00..,artifact,artifact
oewn-unknown__1.15.00..,background,background
oewn-unknown__1.18.00..,background,background
oewn-unknown__5.00.00.anonymous.00,background,background
oewn-unknown__5.00.00.unsuspected.00,background,background
oewn-unlawful__5.00.00.irregular.00,artifact,artifact
oewn-unlearned__3.00.02..,artifact,artifact
oewn-unlike__3.00.00..,artifact,artifact
oewn-unlikely__5.00.00.implausible.00,artifact,artifact
oewn-unlimited__3.00.00..,artifact,artifact
oewn-unlimited__5.00.00.unqualified.02,artifact,artifact
oewn-unload__2.35.00..,artifact,artifact
oewn-unmalted__3.44.00..,artifact,artifact
oewn-unmarked__3.00.00..,artifact,artifact
oewn-unmarried__3.00.00..,background,background
oewn-unmatched__5.00.00.mismatched.00,artifact,artifact
oewn-unmistakably__4.02.00..,artifact,artifact
oewn-unmixed__5.00.00.pure.02,artifact,artifact
oewn-unmoving__3.00.02..,background,background
oewn-unmyelinated__3.01.00..,artifact,artifact
oewn-unnamed__5.00.00.anonymous.00,background,background
oewn-unnatural__3.00.00..,artifact,artifact
oewn-unnatural__3.00.04..,artifact,artifact
oewn-unnecessary__3.00.00..,background,background
oewn-unobstructed__3.00.00..,artifact,artifact
oewn-unofficial__3.00.00..,artifact,artifact
oewn-unpaired__5.00.00.mismatched.00,artifact,artifact
oewn-unpalatable__3.00.00..,background,background
oewn-unpaved__3.00.00..,artifact,artifact
oewn-unpleasant__3.00.00..,background,background
oewn-unpleasantly__4.02.00..,background,background
oewn-unpleasantness__1.12.00..,external,external
oewn-unpolished__3.00.00..,artifact,artifact
oewn-unpredictable__3.00.00..,background,background
oewn-unpredictable__5.00.00.indeterminable.00,artifact,artifact
oewn-unprocessed__5.00.00.fresh.02,background,background
oewn-unqualified__3.00.02..,artifact,artifact
oewn-unqualified__5.00.00.ineligible.00,artifact,artifact
oewn-unquestioning__5.00.00.credulous.00,artifact,artifact
oewn-unrealistic__3.00.00..,artifact,artifact
oewn-unrealistically__4.02.00..,artifact,artifact
oewn-unrefined__3.00.02..,artifact,artifact
oewn-unregenerate__3.00.01..,artifact,artifact
oewn-unremitting__5.00.00.continuous.01,artifact,artifact
oewn-unresolved__5.00.00.inharmonious.00,artifact,artifact
oewn-unresolved__5.00.00.unsettled.02,artifact,artifact
oewn-unrest__1.26.00..,artifact,artifact
oewn-unrestrained__5.00.00.wild.02,artifact,artifact
oewn-unripe__3.00.00..,artifact,artifact
oewn-unripe__5.00.00.unready.00,background,background
oewn-unruly__5.00.00.disorderly.00,artifact,artifact
oewn-unsaid__5.00.00.implicit.00,background,background
oewn-unsatisfactory__3.00.00..,artifact,artifact
oewn-unsatisfied__5.00.00.insatiate.00,artifact,artifact
oewn-unsaturated__3.00.01..,artifact,artifact
oewn-unsegmented__5.00.00.united.00,artifact,artifact
oewn-unselfish__3.00.00..,artifact,artifact
oewn-unsettled__3.00.02..,background,background
oewn-unshakable__5.00.00.incontestable.00,closed,closed
oewn-unskillfulness__1.09.00..,external,external
oewn-unsound__5.00.00.invalid.00,artifact,artifact
oewn-unsound__5.00.00.unhealthy.00,artifact,artifact
oewn-unspecified__3.00.00..,artifact,artifact
oewn-unstable__3.00.00..,artifact,artifact
oewn-unstable__5.00.00.reactive.00,artifact,artifact
oewn-unsteadily__4.02.00..,artifact,artifact
oewn-unsteady__3.00.00..,artifact,artifact
oewn-unstintingly__4.02.00..,external,external
oewn-unsuccessful__3.00.00..,artifact,artifact
oewn-unsuccessfully__4.02.00..,artifact,artifact
oewn-unsuitable__5.00.00.unfit.02,artifact,artifact
oewn-unsullied__5.00.00.unblemished.00,artifact,artifact
oewn-unsure__3.00.07..,artifact,artifact
oewn-unsurpassed__5.00.00.best.00,artifact,artifact
oewn-unsworn__3.00.00..,artifact,artifact
oewn-untanned__3.00.00..,artifact,artifact
oewn-unthinking__5.00.00.thoughtless.00,background,background
oewn-untouched__5.00.00.full.00,closed,closed
oewn-untroubled__5.00.00.quiet.02,artifact,artifact
oewn-untrue__5.00.00.false.00,artifact,artifact
oewn-unused__5.00.00.clean.01,artifact,artifact
oewn-unusual__3.00.00..,background,background
oewn-unusual__3.00.02..,background,background
oewn-unusual__5.00.00.uncommon.00,background,background
oewn-unusually__4.02.00..,artifact,artifact
oewn-unvarying__3.00.00..,artifact,artifact
oewn-unvarying__5.00.00.invariable.00,closed,closed
oewn-unwanted__3.00.00..,circular,circular
oewn-unwarranted__5.00.00.inexcusable.00,artifact,external
oewn-unwavering__5.00.00.resolute.00,artifact,artifact
oewn-unwelcome__5.00.00.unwanted.00,closed,closed
oewn-unwilling__3.00.00..,artifact,closed
oewn-unwilling__5.00.00.involuntary.01,artifact,artifact
oewn-unwillingness__1.07.00..,artifact,background
oewn-unwittingly__4.02.00..,artifact,artifact
oewn-unworthy__5.00.01.unworthy.00,background,background
oewn-unwritten__3.00.00..,artifact,artifact
oewn-up__2.30.00..,closed,closed
oewn-up__3.00.00..,closed,closed
oewn-up__4.02.01..,closed,closed
oewn-up__5.00.00.awake.00,closed,closed
oewn-upbringing__1.07.00..,artifact,artifact
oewn-upcurved__5.00.00.curved.00,background,background
oewn-upfield__5.00.00.up.00,artifact,artifact
oewn-upholder__1.18.00..,closed,closed
oewn-upholstery__1.06.00..,artifact,artifact
oewn-upland__1.17.00..,artifact,artifact
oewn-uplifting__1.11.00..,artifact,artifact
oewn-upper__1.06.00..,artifact,artifact
oewn-upper__1.06.01..,artifact,artifact
oewn-upper__1.06.02..,artifact,artifact
oewn-upper__5.00.00.high.01,artifact,artifact
oewn-uppermost__4.02.00..,circular,circular
oewn-uppermost__4.02.01..,artifact,artifact
oewn-upright__1.06.01..,background,background
oewn-upright__3.00.02..,background,background
oewn-upright__5.00.00.vertical.00,background,background
oewn-uproarious__5.00.00.noisy.00,artifact,artifact
oewn-upset__5.00.00.troubled.00,artifact,artifact
oewn-upward__4.02.00..,background,background
oewn-upward__5.00.00.ascending.00,background,background
oewn-upward__5.00.00.up.00,background,background
oewn-upwards__4.02.00..,background,background
oewn-ureter__1.08.00..,graph_data,graph_data
oewn-urethra__1.08.00..,artifact,artifact
oewn-urge__1.16.00..,background,background
oewn-urge__2.32.00..,background,background
oewn-urgency__1.26.00..,artifact,artifact
oewn-urgent__5.00.00.imperative.00,background,background
oewn-urgently__4.02.00..,artifact,artifact
oewn-urinate__2.29.01..,background,background
oewn-urination__1.22.00..,artifact,artifact
oewn-urochord__1.05.00..,graph_data,graph_data
oewn-urochord__1.05.02..,artifact,artifact
oewn-usable__5.00.00.useful.00,background,background
oewn-usage__1.04.00..,artifact,background
oewn-usage__1.04.01..,artifact,artifact
oewn-usage__1.10.00..,artifact,artifact
oewn-useful__3.00.00..,artifact,artifact
oewn-useful__5.00.00.functional.00,closed,closed
oewn-usefully__4.02.00..,artifact,artifact
oewn-usefulness__1.07.00..,artifact,artifact
oewn-useless__3.00.00..,artifact,artifact
oewn-user__1.18.00..,closed,closed
oewn-usual__3.00.00..,background,background
oewn-usual__5.00.00.familiar.02,background,background
oewn-utensil__1.06.00..,artifact,artifact
oewn-uterus__1.08.00..,background,background
oewn-utilitarianism__1.09.00..,artifact,artifact
oewn-utility__1.07.00..,artifact,artifact
oewn-utility__1.14.00..,artifact,artifact
oewn-utilization__1.04.00..,artifact,background
oewn-utmost__5.00.00.intense.00,artifact,artifact
oewn-utopia__1.09.00..,artifact,artifact
oewn-utter__2.32.00..,background,background
oewn-utter__2.32.01..,background,background
oewn-utter__2.38.00..,background,background
oewn-utter__5.00.00.unmitigated.00,background,background
oewn-utterance__1.10.00..,artifact,artifact
oewn-uttered__5.00.00.spoken.00,artifact,background
oewn-vacant__5.00.01.empty.00,artifact,artifact
oewn-vaccine__1.06.00..,artifact,artifact
oewn-vacuum__1.26.00..,background,background
oewn-vagina__1.08.00..,artifact,artifact
oewn-vague__3.00.04..,artifact,artifact
oewn-vague__5.00.00.unclear.00,artifact,artifact
oewn-vaguely__4.02.00..,artifact,artifact
oewn-vain__5.00.00.proud.00,artifact,artifact
oewn-valid__3.00.00..,artifact,artifact
oewn-valid__5.00.00.unexpired.00,artifact,artifact
oewn-validity__1.07.00..,artifact,artifact
oewn-validity__1.07.01..,artifact,artifact
oewn-valley__1.17.00..,artifact,artifact
oewn-valuable__1.21.00..,artifact,artifact
oewn-valuable__5.00.00.worthy.00,artifact,artifact
oewn-value__1.07.00..,artifact,artifact
oewn-value__1.09.00..,artifact,artifact
oewn-value__1.09.01..,artifact,artifact
oewn-value__1.21.00..,artifact,artifact
oewn-value__1.28.00..,artifact,artifact
oewn-value__2.31.00..,artifact,artifact
oewn-value__2.31.01..,artifact,artifact
oewn-value__2.31.03..,artifact,artifact
oewn-value__2.40.00..,artifact,artifact
oewn-valued__5.00.00.quantitative.00,artifact,artifact
oewn-valued__5.00.00.worthy.00,artifact,artifact
oewn-values__1.09.00..,background,background
oewn-valve__1.06.00..,artifact,artifact
oewn-valve__1.06.01..,artifact,artifact
oewn-valve__1.08.00..,artifact,artifact
oewn-vanadinite__1.27.00..,graph_data,graph_data
oewn-vanilla__1.09.00..,background,background
oewn-vanilla__1.20.00..,background,background
oewn-vanity__1.12.00..,artifact,artifact
oewn-vapor__1.27.01..,background,background
oewn-vaporous__5.00.00.thin.01,artifact,artifact
oewn-vapors__1.26.00..,artifact,artifact
oewn-vaquero__1.18.00..,artifact,artifact
oewn-variable__1.09.00..,artifact,artifact
oewn-variable__1.10.00..,artifact,artifact
oewn-variable__1.17.00..,artifact,artifact
oewn-variable__3.00.00..,artifact,artifact
oewn-variable__5.00.00.varied.00,artifact,artifact
oewn-variant__1.09.01..,closed,closed
oewn-variant__1.11.00..,background,background
oewn-variant__5.00.00.different.00,artifact,artifact
oewn-variation__1.04.00..,artifact,artifact
oewn-variation__1.06.00..,artifact,artifact
oewn-variation__1.11.01..,artifact,artifact
oewn-variation__1.18.00..,artifact,artifact
oewn-variation__1.19.00..,artifact,artifact
oewn-varied__3.00.00..,artifact,artifact
oewn-varied__5.00.00.diversified.00,closed,closed
oewn-variegated__5.00.00.varied.00,artifact,artifact
oewn-variety__1.07.00..,artifact,artifact
oewn-variety__1.09.01..,artifact,artifact
oewn-variety__1.14.01..,artifact,artifact
oewn-various__5.00.00.individual.00,background,background
oewn-various__5.00.02.different.00,background,background
oewn-various__5.00.02.varied.00,background,background
oewn-variously__4.02.00..,background,background
oewn-varnish__1.06.00..,artifact,artifact
oewn-varnished__5.00.00.painted.00,artifact,artifact
oewn-vary__2.30.01..,artifact,artifact
oewn-vary__2.42.01..,artifact,artifact
oewn-varying__5.00.00.varied.00,artifact,artifact
oewn-vascular__3.01.00..,artifact,artifact
oewn-vase__1.06.00..,artifact,artifact
oewn-vasodilator__1.06.00..,artifact,artifact
oewn-vault__1.06.01..,artifact,artifact
oewn-vaulted__5.00.00.rounded.00,artifact,artifact
oewn-vaulting__1.06.00..,artifact,artifact
oewn-vector__1.09.00..,artifact,artifact
oewn-vector__1.17.00..,artifact,artifact
oewn-vega__1.17.00..,artifact,artifact
oewn-vegetable__1.13.00..,graph_data,graph_data
oewn-vegetable__1.20.00..,graph_data,graph_data
oewn-vegetation__1.14.00..,artifact,artifact
oewn-vegetation__1.22.00..,artifact,artifact
oewn-vegetative__3.01.00..,artifact,artifact
oewn-vehement__5.00.00.intense.00,artifact,artifact
oewn-vehicle__1.06.00..,artifact,artifact
oewn-vehicle__1.17.00..,artifact,artifact
oewn-vein__1.08.00..,artifact,artifact
oewn-vein__1.20.00..,artifact,artifact
oewn-veined__5.00.00.patterned.00,artifact,artifact
oewn-velocity__1.28.00..,artifact,artifact
oewn-velvet__1.06.00..,artifact,artifact
oewn-vendee__1.18.00..,closed,closed
oewn-vendor__1.18.00..,background,background
oewn-venerate__2.37.00..,artifact,artifact
oewn-veneration__1.04.00..,artifact,artifact
oewn-veneration__1.12.00..,artifact,artifact
oewn-venezuelan__1.18.00..,artifact,artifact
oewn-venom__1.27.00..,artifact,artifact
oewn-ventricle__1.08.02..,artifact,artifact
oewn-venture__1.04.01..,artifact,artifact
oewn-verb__1.10.00..,background,background
oewn-verb__1.10.01..,background,background
oewn-verbal__3.01.01..,artifact,artifact
oewn-verbal__5.00.00.communicative.00,artifact,background
oewn-verbalization__1.10.00..,artifact,artifact
oewn-verbalization__1.10.01..,artifact,artifact
oewn-verbally__4.02.00..,background,background
oewn-verification__1.09.00..,artifact,artifact
oewn-verified__5.00.00.proved.00,artifact,artifact
oewn-vernal__5.00.00.young.00,artifact,artifact
oewn-veronica__1.20.00..,closed,closed
oewn-verse__1.10.02..,artifact,artifact
oewn-versed__1.06.00..,graph_data,graph_data
oewn-versed__5.00.00.experienced.00,artifact,artifact
oewn-versicle__1.10.00..,artifact,artifact
oewn-versification__1.10.00..,artifact,artifact
oewn-versification__1.10.02..,artifact,artifact
oewn-version__1.10.00..,artifact,artifact
oewn-version__1.10.01..,circular,circular
oewn-version__1.10.02..,artifact,artifact
oewn-vertebrate__1.05.00..,artifact,artifact
oewn-vertex__1.09.00..,artifact,artifact
oewn-vertical__1.06.00..,background,background
oewn-vertical__1.24.00..,background,background
oewn-vertical__3.00.00..,background,background
oewn-vertical__3.00.02..,background,background
oewn-vertical__5.00.00.hierarchical.00,background,background
oewn-vertically__4.02.00..,background,background
oewn-very__4.02.00..,closed,closed
oewn-very__5.00.00.precise.00,closed,closed
oewn-vesiculovirus__1.05.00..,artifact,artifact
oewn-vessel__1.06.00..,background,background
oewn-vessel__1.06.01..,background,background
oewn-vessel__1.08.00..,background,background
oewn-vest__1.06.01..,artifact,external
oewn-vestibular__3.01.00..,artifact,artifact
oewn-vetchling__1.20.00..,artifact,artifact
oewn-vibrate__2.38.00..,artifact,artifact
oewn-vibration__1.11.00..,artifact,artifact
oewn-vibrator__1.06.01..,artifact,artifact
oewn-vice__1.07.00..,artifact,artifact
oewn-victim__1.18.00..,artifact,artifact
oewn-victorious__5.00.00.successful.00,artifact,artifact
oewn-victory__1.11.00..,artifact,artifact
oewn-vicuna__1.06.00..,background,background
oewn-vicuna__1.27.00..,background,background
oewn-video__1.10.00..,artifact,external
oewn-video__1.10.02..,artifact,artifact
oewn-view__1.04.00..,closed,closed
oewn-view__1.09.02..,closed,closed
oewn-view__2.31.00..,closed,closed
oewn-view__2.39.02..,closed,closed
oewn-viewer__1.18.01..,artifact,external
oewn-viewing__1.10.00..,artifact,artifact
oewn-viewpoint__1.09.00..,circular,circular
oewn-vigor__1.07.00..,artifact,artifact
oewn-vigor__1.07.02..,artifact,artifact
oewn-vigorous__5.00.00.energetic.00,background,background
oewn-vigorous__5.00.00.robust.00,background,background
oewn-vigorously__4.02.00..,artifact,artifact
oewn-vile__5.00.00.evil.00,artifact,artifact
oewn-village__1.14.00..,artifact,background
oewn-villainous__5.00.00.wicked.00,artifact,artifact
oewn-vinaigrette__1.13.00..,artifact,artifact
oewn-violate__2.41.00..,artifact,artifact
oewn-violated__5.00.00.desecrated.00,artifact,artifact
oewn-violation__1.04.00..,artifact,artifact
oewn-violence__1.04.01..,artifact,artifact
oewn-violence__1.26.00..,background,background
oewn-violent__3.00.00..,artifact,artifact
oewn-violent__5.00.00.bloody.00,artifact,artifact
oewn-violent__5.00.00.unnatural.00,artifact,artifact
oewn-violent__5.00.01.intense.00,artifact,artifact
oewn-violently__4.02.00..,artifact,artifact
oewn-violet__1.20.00..,artifact,artifact
oewn-violet__5.00.00.chromatic.00,artifact,artifact
oewn-viral__3.01.00..,background,background
oewn-virgin__1.18.00..,artifact,artifact
oewn-virile__5.00.00.masculine.01,artifact,background
oewn-virology__1.09.00..,artifact,artifact
oewn-virtue__1.07.01..,background,background
oewn-virulent__5.00.00.toxic.00,artifact,artifact
oewn-virus__1.05.00..,background,background
oewn-viscera__1.08.00..,artifact,artifact
oewn-viscid__5.00.00.adhesive.00,artifact,artifact
oewn-viscosity__1.07.00..,artifact,artifact
oewn-viscount__1.18.00..,artifact,artifact
oewn-viscous__5.00.00.thick.02,artifact,artifact
oewn-visibility__1.07.00..,artifact,artifact
oewn-visible__3.00.00..,background,background
oewn-visible__5.00.00.overt.00,background,background
oewn-visibly__4.02.00..,background,background
oewn-vision__1.09.01..,background,background
oewn-vision__1.09.03..,background,background
oewn-visionary__1.18.01..,artifact,artifact
oewn-visitor__1.18.00..,closed,closed
oewn-visual__3.01.04..,background,background
oewn-visually__4.02.00..,artifact,artifact
oewn-vital__5.00.00.essential.00,background,background
oewn-vital__5.00.00.indispensable.00,background,background
oewn-vitality__1.07.01..,artifact,artifact
oewn-vitally__4.02.00..,background,background
oewn-vitreous__3.01.01..,artifact,artifact
oewn-vituperative__5.00.00.critical.01,artifact,artifact
oewn-vivacity__1.07.00..,artifact,artifact
oewn-vivid__5.00.00.colorful.00,artifact,artifact
oewn-vivid__5.00.00.realistic.00,closed,closed
oewn-vividly__4.02.00..,closed,closed
oewn-vocabulary__1.10.00..,artifact,artifact
oewn-vocal__1.10.00..,artifact,artifact
oewn-vocal__1.10.01..,artifact,artifact
oewn-vocal__3.01.02..,artifact,artifact
oewn-vocal__5.00.00.communicative.00,external,external
oewn-vocally__4.02.00..,artifact,artifact
oewn-vocation__1.04.00..,artifact,artifact
oewn-voice__1.07.00..,artifact,artifact
oewn-voice__1.10.02..,circular,circular
oewn-voice__1.24.00..,artifact,artifact
oewn-voice__2.32.01..,artifact,artifact
oewn-void__2.41.00..,artifact,artifact
oewn-volatile__1.27.00..,artifact,artifact
oewn-volatile__3.00.00..,background,background
oewn-volcanic__3.01.00..,closed,closed
oewn-volcano__1.17.01..,artifact,artifact
oewn-volition__1.04.00..,artifact,background
oewn-volition__1.09.00..,artifact,artifact
oewn-volley__1.04.00..,artifact,artifact
oewn-voltage__1.19.01..,artifact,artifact
oewn-voltage__1.19.02..,artifact,artifact
oewn-voltaic__1.10.00..,artifact,artifact
oewn-volume__1.06.00..,artifact,artifact
oewn-volume__1.07.02..,artifact,artifact
oewn-volume__1.23.00..,artifact,artifact
oewn-voluntarily__4.02.00..,artifact,artifact
oewn-voluntary__1.18.00..,artifact,artifact
oewn-vomiting__1.04.00..,artifact,artifact
oewn-voracious__5.00.00.acquisitive.00,artifact,artifact
oewn-vote__1.04.00..,background,background
oewn-vote__2.41.10..,background,background
oewn-vote__2.41.13..,background,background
oewn-voting__1.04.00..,artifact,artifact
oewn-vowel__1.10.00..,artifact,artifact
oewn-voyage__1.04.01..,artifact,external
oewn-vulgar__5.00.00.unrefined.01,artifact,artifact
oewn-vulgar__5.00.01.informal.02,artifact,artifact
oewn-vulnerability__1.26.00..,artifact,artifact
oewn-vulnerable__3.00.00..,artifact,artifact
oewn-vulva__1.08.00..,artifact,background
oewn-wade__1.18.00..,artifact,artifact
oewn-wading__1.04.00..,artifact,artifact
oewn-waffle__1.13.00..,background,background
oewn-wage__1.21.00..,closed,closed
oewn-wage__2.41.00..,artifact,artifact
oewn-wages__1.11.00..,background,background
oewn-waist__1.06.00..,artifact,artifact
oewn-waist__1.08.00..,external,external
oewn-waking__1.09.00..,artifact,external
oewn-wale__1.06.00..,artifact,artifact
oewn-walk__1.04.00..,artifact,external
oewn-walk__1.04.04..,background,background
oewn-walk__2.38.00..,artifact,artifact
oewn-walking__1.04.00..,artifact,external
oewn-wall__1.06.00..,background,background
oewn-wall__1.06.01..,background,background
oewn-wall__1.06.02..,background,background
oewn-wall__1.08.00..,background,background
oewn-wall__1.17.01..,background,background
oewn-wall__2.33.00..,background,background
oewn-walnut__1.13.00..,background,background
oewn-walnut__1.20.02..,background,background
oewn-wandering__1.04.00..,artifact,artifact
oewn-waning__1.11.00..,artifact,artifact
oewn-want__1.26.00..,closed,closed
oewn-want__2.34.00..,closed,closed
oewn-want__2.37.00..,closed,closed
oewn-wanted__3.00.00..,circular,circular
oewn-wanted__5.00.00.loved.00,artifact,artifact
oewn-wanting__5.00.00.nonexistent.00,artifact,artifact
oewn-wanton__1.18.00..,artifact,artifact
oewn-warehouse__1.06.00..,artifact,artifact
oewn-warfare__1.04.00..,background,background
oewn-warhorse__1.05.00..,closed,closed
oewn-warlike__5.00.00.unpeaceful.00,artifact,background
oewn-warm__2.30.00..,closed,closed
oewn-warm__2.30.01..,closed,closed
oewn-warm__3.00.01..,closed,closed
oewn-warm__3.00.02..,closed,closed
oewn-warm__5.00.00.fresh.01,closed,closed
oewn-warm__5.00.00.near.00,closed,closed
oewn-warmed__5.00.00.warm.01,closed,closed
oewn-warmer__1.06.00..,artifact,artifact
oewn-warmhearted__3.00.00..,background,background
oewn-warmth__1.07.00..,artifact,artifact
oewn-warmth__1.09.00..,artifact,artifact
oewn-warmth__1.12.00..,background,background
oewn-warn__2.32.00..,artifact,artifact
oewn-warning__1.10.00..,artifact,artifact
oewn-warning__5.00.00.dissuasive.00,artifact,artifact
oewn-warp__1.06.00..,background,background
oewn-warp__1.26.00..,background,background
oewn-warrior__1.18.00..,artifact,artifact
oewn-wartlike__5.00.00.rough.00,artifact,artifact
oewn-warty__5.00.00.rough.00,artifact,artifact
oewn-wash__1.06.02..,artifact,artifact
oewn-wash__2.35.02..,closed,closed
oewn-washbasin__1.06.02..,artifact,artifact
oewn-washed__5.00.00.clean.01,background,background
oewn-washed__5.00.00.wet.01,artifact,artifact
oewn-washing__1.04.00..,artifact,artifact
oewn-washing__1.06.00..,artifact,artifact
oewn-waste__1.27.00..,artifact,artifact
oewn-waste__2.35.00..,artifact,artifact
oewn-waste__2.38.00..,background,background
oewn-wasteful__3.00.00..,artifact,artifact
oewn-wasteland__1.15.00..,artifact,artifact
oewn-wasting__1.26.01..,artifact,artifact
oewn-watch__1.06.00..,artifact,artifact
oewn-watch__1.18.00..,artifact,artifact
oewn-watch__2.39.00..,external,external
oewn-watchfulness__1.09.00..,artifact,artifact
oewn-water__1.06.00..,background,background
oewn-water__1.13.00..,background,background
oewn-water__1.17.00..,background,background
oewn-water__1.27.00..,background,background
oewn-water__1.27.01..,background,background
oewn-water__2.29.00..,background,background
oewn-water__2.30.00..,background,background
oewn-water__2.30.04..,background,background
oewn-water__2.40.00..,background,background
oewn-waterfall__1.17.00..,artifact,artifact
oewn-waterfront__1.15.00..,artifact,artifact
oewn-waterleaf__1.20.00..,artifact,artifact
oewn-waterproof__1.06.02..,artifact,artifact
oewn-waters__1.08.00..,graph_data,graph_data
oewn-watery__5.00.02.wet.01,artifact,artifact
oewn-watt__1.23.00..,artifact,artifact
oewn-wattle__2.35.00..,background,background
oewn-wattle__2.36.00..,background,background
oewn-wave__1.11.00..,artifact,artifact
oewn-wave__1.11.01..,artifact,artifact
oewn-wave__1.18.00..,artifact,artifact
oewn-wave__2.32.00..,artifact,artifact
oewn-wavelength__1.07.00..,artifact,artifact
oewn-wavelike__5.00.00.uneven.00,artifact,artifact
oewn-wavering__1.09.00..,artifact,external
oewn-waxed__3.00.00..,artifact,artifact
oewn-waxing__1.04.00..,artifact,artifact
oewn-waxy__3.01.00..,artifact,artifact
oewn-ways__1.06.00..,background,background
oewn-weak__3.00.00..,artifact,artifact
oewn-weak__5.00.00.diluted.00,artifact,artifact
oewn-weak__5.00.00.frail.00,artifact,artifact
oewn-weak__5.00.00.unstressed.00,artifact,artifact
oewn-weakened__5.00.00.impaired.00,artifact,artifact
oewn-weakening__1.11.00..,background,background
oewn-weakening__5.00.00.debilitating.00,artifact,artifact
oewn-weakly__4.02.01..,artifact,artifact
oewn-weakness__1.26.00..,artifact,artifact
oewn-wealth__1.21.00..,artifact,artifact
oewn-wealth__1.21.02..,artifact,artifact
oewn-wealth__1.26.00..,artifact,artifact
oewn-weapon__1.06.00..,closed,closed
oewn-weaponry__1.06.00..,artifact,artifact
oewn-wear__1.26.00..,artifact,artifact
oewn-wear__2.29.00..,artifact,artifact
oewn-wear__2.29.01..,artifact,artifact
oewn-wearer__1.18.00..,artifact,artifact
oewn-wearing__1.04.00..,artifact,artifact
oewn-wearing__1.22.00..,artifact,artifact
oewn-wearing__5.00.00.effortful.00,artifact,artifact
oewn-weasel__1.18.00..,artifact,artifact
oewn-weather__1.19.00..,background,background
oewn-weather__5.00.00.windward.00,background,background
oewn-weatherproof__2.30.00..,artifact,artifact
oewn-weave__1.06.00..,external,external
oewn-weaving__1.04.00..,background,background
oewn-webbed__3.00.00..,artifact,artifact
oewn-webbing__1.06.00..,artifact,artifact
oewn-webworm__1.05.00..,artifact,artifact
oewn-wedding__1.11.00..,external,external
oewn-wedge__2.35.00..,background,background
oewn-wedge__2.35.01..,artifact,artifact
oewn-weed__1.06.00..,artifact,artifact
oewn-weed__1.20.00..,background,background
oewn-weeds__1.06.00..,artifact,artifact
oewn-weedy__3.00.00..,artifact,artifact
oewn-week__1.28.00..,artifact,artifact
oewn-weekly__1.10.00..,artifact,artifact
oewn-weft__1.06.00..,artifact,artifact
oewn-weigh__2.42.01..,closed,closed
oewn-weighing__1.09.00..,background,background
oewn-weight__1.06.01..,closed,closed
oewn-weight__1.07.00..,closed,closed
oewn-weight__1.23.00..,closed,closed
oewn-weight__1.23.02..,closed,closed
oewn-weight__2.35.00..,closed,closed
oewn-weighted__5.00.00.adjusted.00,artifact,artifact
oewn-weighted__5.00.00.heavy.02,artifact,artifact
oewn-weightlift__1.04.00..,artifact,artifact
oewn-weightlifting__1.04.00..,artifact,artifact
oewn-weird__5.00.00.strange.00,artifact,artifact
oewn-welcome__1.10.00..,artifact,artifact
oewn-welcome__1.26.00..,closed,closed
oewn-welcoming__5.00.01.hospitable.02,artifact,artifact
oewn-welfare__1.04.00..,artifact,artifact
oewn-well__1.06.00..,background,background
oewn-well__2.38.00..,background,background
oewn-well__3.00.01..,background,background
oewn-well__4.02.00..,background,background
oewn-well__4.02.05..,background,background
oewn-well__5.00.00.advisable.00,background,background
oewn-well__5.00.00.fortunate.00,background,background
oewn-wellbeing__1.26.00..,artifact,artifact
oewn-welterweight__1.14.01..,artifact,artifact
oewn-west__1.15.00..,closed,closed
oewn-west__1.15.01..,closed,closed
oewn-west__1.18.00..,closed,closed
oewn-west__1.18.01..,closed,closed
oewn-west__3.00.00..,closed,closed
oewn-west__4.02.00..,closed,closed
oewn-western__1.10.00..,artifact,artifact
oewn-western__5.00.00.west.00,artifact,artifact
oewn-westward__1.24.00..,artifact,artifact
oewn-wetness__1.26.00..,artifact,artifact
oewn-whale__1.18.00..,artifact,artifact
oewn-wharf__2.40.00..,background,background
oewn-wharf__2.40.01..,background,background
oewn-wheat__1.13.00..,artifact,artifact
oewn-wheat__1.20.00..,artifact,artifact
oewn-wheatgrass__1.20.00..,artifact,artifact
oewn-wheel__1.06.00..,closed,closed
oewn-wheel__1.06.03..,closed,closed
oewn-wheel__1.06.06..,closed,closed
oewn-wheel__2.38.00..,closed,closed
oewn-wheeled__3.00.00..,artifact,artifact
oewn-wheelwork__1.06.00..,artifact,artifact
oewn-wheezing__5.00.00.unhealthy.00,artifact,artifact
oewn-while__1.28.00..,background,background
oewn-whip__1.06.00..,closed,closed
oewn-whip__2.35.01..,closed,closed
oewn-whip__2.35.02..,closed,closed
oewn-whiplike__3.01.00..,external,external
oewn-whipping__1.04.00..,artifact,artifact
oewn-whirling__1.04.00..,artifact,artifact
oewn-whirlpool__1.11.00..,artifact,artifact
oewn-whisk__2.35.00..,closed,closed
oewn-whisk__2.38.00..,external,external
oewn-whiskey__1.13.00..,artifact,artifact
oewn-whistle__1.06.02..,background,background
oewn-whistle__1.10.00..,background,background
oewn-whistling__1.10.00..,artifact,artifact
oewn-whistling__1.11.00..,artifact,artifact
oewn-white__1.06.03..,background,background
oewn-white__1.07.00..,background,background
oewn-white__1.13.00..,background,background
oewn-white__1.17.00..,background,background
oewn-white__1.18.00..,background,background
oewn-white__3.00.01..,background,background
oewn-white__5.00.00.pure.01,background,background
oewn-white__5.00.02.colorless.02,background,background
oewn-whitish__5.00.00.opaque.00,artifact,artifact
oewn-whole__1.03.00..,closed,closed
oewn-whole__1.09.00..,closed,closed
oewn-whole__3.00.00..,closed,closed
oewn-whole__4.02.00..,closed,closed
oewn-whole__5.00.00.undiversified.00,closed,closed
oewn-whole__5.00.00.uninjured.00,closed,closed
oewn-wholehearted__5.00.00.sincere.00,artifact,artifact
oewn-whorl__1.25.00..,artifact,artifact
oewn-wicked__3.00.00..,artifact,artifact
oewn-wicked__5.00.00.intense.00,artifact,artifact
oewn-wickedness__1.04.00..,artifact,artifact
oewn-wickedness__1.07.01..,artifact,artifact
oewn-wide__3.00.00..,artifact,background
oewn-wide__4.02.00..,artifact,background
oewn-wide__4.02.01..,background,background
oewn-wide__4.02.02..,artifact,artifact
oewn-wide__5.00.00.comprehensive.00,artifact,artifact
oewn-wide__5.00.00.open.08,artifact,artifact
oewn-widely__4.02.00..,closed,closed
oewn-widely__4.02.01..,closed,closed
oewn-widely__4.02.02..,closed,closed
oewn-widening__1.04.00..,artifact,background
oewn-widespread__5.00.00.general.00,background,background
oewn-widow__1.18.00..,artifact,external
oewn-widower__1.18.00..,artifact,external
oewn-width__1.07.00..,artifact,background
oewn-wife__1.18.00..,closed,closed
oewn-wild__1.15.00..,background,background
oewn-wild__1.26.00..,background,background
oewn-wilderness__1.15.00..,artifact,artifact
oewn-wildness__1.12.00..,artifact,artifact
oewn-will__1.09.00..,background,background
oewn-will__1.10.00..,background,background
oewn-will__2.32.00..,background,background
oewn-will__2.40.00..,background,background
oewn-willful__5.00.00.voluntary.01,background,background
oewn-willfully__4.02.00..,external,external
oewn-willing__1.04.00..,artifact,background
oewn-willing__3.00.00..,artifact,external
oewn-willing__5.00.00.voluntary.01,artifact,artifact
oewn-willingly__4.02.00..,artifact,background
oewn-willingness__1.07.00..,artifact,artifact
oewn-willow__1.20.00..,artifact,artifact
oewn-wind__1.04.00..,closed,closed
oewn-wind__1.19.00..,closed,closed
oewn-wind__2.35.06..,closed,closed
oewn-wind__2.38.00..,closed,closed
oewn-wind__2.42.00..,closed,closed
oewn-winding__1.04.00..,artifact,artifact
oewn-winding__5.00.00.crooked.01,artifact,artifact
oewn-window__1.06.00..,artifact,artifact
oewn-window__1.06.03..,artifact,artifact
oewn-window__1.06.04..,artifact,artifact
oewn-window__1.17.00..,artifact,artifact
oewn-windowpane__1.06.00..,graph_data,graph_data
oewn-wine__1.13.00..,closed,closed
oewn-wine__2.34.00..,closed,closed
oewn-wine__2.34.01..,closed,closed
oewn-wing__1.05.00..,artifact,artifact
oewn-winged__3.00.00..,artifact,artifact
oewn-wingless__3.00.00..,artifact,artifact
oewn-wings__1.04.00..,artifact,artifact
oewn-wings__1.10.00..,artifact,artifact
oewn-winner__1.18.00..,background,background
oewn-winning__1.04.00..,artifact,artifact
oewn-winning__5.00.01.successful.00,artifact,artifact
oewn-winter__1.28.00..,artifact,artifact
oewn-wire__1.06.00..,closed,closed
oewn-wire__1.06.01..,closed,closed
oewn-wire__2.40.00..,closed,closed
oewn-wired__5.00.00.tense.03,artifact,artifact
oewn-wiry__5.00.00.thin.03,artifact,artifact
oewn-wisdom__1.07.01..,artifact,artifact
oewn-wisdom__1.09.02..,artifact,artifact
oewn-wisdom__1.10.00..,graph_data,graph_data
oewn-wise__3.00.00..,artifact,artifact
oewn-wise__5.00.00.prudent.00,artifact,artifact
oewn-wish__2.37.02..,artifact,artifact
oewn-withdraw__2.38.00..,external,external
oewn-withdraw__2.41.01..,artifact,artifact
oewn-withdrawal__1.10.00..,artifact,artifact
oewn-withdrawn__5.00.00.reserved.01,artifact,artifact
oewn-withdrawn__5.00.00.unsocial.00,artifact,artifact
oewn-withering__1.11.00..,artifact,artifact
oewn-within__4.02.00..,closed,closed
oewn-withstand__2.42.00..,artifact,artifact
oewn-witness__1.10.00..,artifact,artifact
oewn-witness__1.18.00..,background,background
oewn-witness__1.18.03..,artifact,artifact
oewn-woad__1.20.00..,background,background
oewn-wolf__1.05.00..,artifact,artifact
oewn-woman__1.18.00..,artifact,background
oewn-woman__1.18.01..,artifact,artifact
oewn-wonder__1.12.00..,artifact,artifact
oewn-wonderfully__4.02.00..,artifact,artifact
oewn-wood__1.06.01..,closed,closed
oewn-wood__1.06.02..,closed,closed
oewn-wood__1.14.00..,closed,closed
oewn-wood__1.18.03..,closed,closed
oewn-wood__1.27.00..,closed,closed
oewn-wooded__3.00.00..,artifact,artifact
oewn-wooden__5.00.00.woody.00,artifact,artifact
oewn-woodland__1.17.00..,artifact,artifact
oewn-woodruff__1.20.02..,artifact,artifact
oewn-woods__1.14.00..,artifact,artifact
oewn-woodwork__1.06.00..,background,background
oewn-woodworker__1.18.00..,background,background
oewn-woody__3.00.00..,closed,closed
oewn-woody__5.00.00.hard.01,artifact,artifact
oewn-woody__5.00.00.wooded.00,artifact,artifact
oewn-woof__1.06.00..,artifact,artifact
oewn-wool__1.06.00..,background,background
oewn-wool__1.27.00..,graph_data,graph_data
oewn-woolen__1.06.00..,background,background
oewn-woolly__5.00.00.soft.01,artifact,artifact
oewn-word__1.10.00..,artifact,background
oewn-word__1.10.02..,artifact,background
oewn-word__1.10.05..,artifact,background
oewn-word__1.10.07..,artifact,background
oewn-word__1.18.00..,artifact,background
oewn-word__1.23.00..,artifact,background
oewn-word__2.32.00..,artifact,background
oewn-wording__1.10.00..,artifact,external
oewn-words__1.10.00..,artifact,background
oewn-words__1.10.02..,artifact,background
oewn-words__1.10.03..,artifact,background
oewn-words__1.10.04..,artifact,background
oewn-work__1.04.00..,closed,closed
oewn-work__1.04.01..,closed,closed
oewn-work__1.06.00..,closed,closed
oewn-work__1.06.01..,closed,closed
oewn-work__1.09.00..,closed,closed
oewn-work__1.19.00..,closed,closed
oewn-work__2.36.01..,closed,closed
oewn-work__2.41.00..,closed,closed
oewn-work__2.41.02..,closed,closed
oewn-work__2.41.04..,closed,closed
oewn-work__2.41.05..,closed,closed
oewn-worker__1.05.01..,artifact,artifact
oewn-worker__1.18.00..,artifact,artifact
oewn-working__1.06.00..,artifact,background
oewn-working__5.00.00.employed.00,artifact,background
oewn-workpiece__1.06.00..,closed,closed
oewn-workplace__1.06.00..,background,background
oewn-works__1.06.00..,artifact,artifact
oewn-works__1.06.02..,artifact,artifact
oewn-workspace__1.15.00..,closed,closed
oewn-world__1.09.01..,artifact,artifact
oewn-world__1.17.01..,artifact,background
oewn-world__5.00.00.international.00,artifact,artifact
oewn-worldliness__1.07.00..,artifact,artifact
oewn-worldly__3.00.00..,artifact,artifact
oewn-worldly__5.00.00.sophisticated.00,artifact,artifact
oewn-worldwide__5.00.00.intercontinental.00,artifact,artifact
oewn-worm__1.06.00..,background,background
oewn-wormlike__5.00.00.submissive.00,artifact,artifact
oewn-worn__3.00.00..,background,background
oewn-worried__5.00.00.troubled.00,artifact,artifact
oewn-worry__1.09.00..,background,background
oewn-worry__1.12.00..,background,background
oewn-worse__1.07.00..,artifact,artifact
oewn-worship__1.04.00..,artifact,artifact
oewn-worshipped__5.00.00.loved.00,artifact,artifact
oewn-worst__1.11.00..,background,background
oewn-worst__3.00.00..,artifact,artifact
oewn-worth__1.18.00..,artifact,background
oewn-worth__1.23.00..,artifact,background
oewn-worth__5.00.00.valuable.00,artifact,background
oewn-worth__5.00.00.worthy.00,artifact,background
oewn-worthless__3.00.00..,artifact,artifact
oewn-worthwhile__5.00.00.worthy.00,artifact,artifact
oewn-worthy__1.18.00..,background,background
oewn-worthy__3.00.00..,background,background
oewn-worthy__5.00.00.eligible.00,background,background
oewn-worthy__5.00.00.fit.02,background,background
oewn-wound__1.04.00..,artifact,background
oewn-wound__1.11.00..,artifact,artifact
oewn-wound__1.26.00..,artifact,background
oewn-wound__2.29.00..,artifact,artifact
oewn-wounded__1.14.00..,closed,closed
oewn-wounded__5.00.01.injured.00,artifact,artifact
oewn-wounding__1.04.00..,artifact,external
oewn-wounding__5.00.00.harmful.00,artifact,artifact
oewn-woven__3.00.00..,artifact,artifact
oewn-wrap__1.06.00..,background,background
oewn-wrap__2.35.00..,background,background
oewn-wrapped__3.00.00..,artifact,artifact
oewn-wrapped__5.00.00.covered.00,artifact,artifact
oewn-wrapping__1.06.00..,artifact,artifact
oewn-wrecked__5.00.01.destroyed.00,artifact,artifact
oewn-wrenching__5.00.00.painful.00,artifact,artifact
oewn-wrest__2.35.01..,artifact,artifact
oewn-wrick__1.26.00..,artifact,artifact
oewn-wrick__2.29.00..,artifact,artifact
oewn-wrinkle__2.35.01..,artifact,artifact
oewn-wrinkled__3.00.00..,artifact,artifact
oewn-wrist__1.08.00..,closed,closed
oewn-wristwatch__1.06.00..,artifact,artifact
oewn-write__2.32.03..,artifact,background
oewn-write__2.36.00..,artifact,background
oewn-write__2.36.03..,artifact,background
oewn-write__2.36.10..,artifact,background
oewn-writer__1.18.00..,artifact,artifact
oewn-writing__1.04.01..,artifact,artifact
oewn-writing__1.04.02..,artifact,artifact
oewn-writing__1.10.00..,artifact,artifact
oewn-writing__1.10.01..,artifact,artifact
oewn-written__3.00.00..,background,background
oewn-written__3.00.04..,background,background
oewn-wrong__1.04.00..,closed,closed
oewn-wrong__1.07.01..,closed,closed
oewn-wrong__2.41.00..,closed,closed
oewn-wrong__3.00.02..,closed,closed
oewn-wrong__3.00.04..,closed,closed
oewn-wrong__5.00.00.inappropriate.00,closed,closed
oewn-wrongdoing__1.07.00..,artifact,artifact
oewn-wrought__5.00.00.formed.00,artifact,artifact
oewn-wurtzite__1.27.00..,artifact,artifact
oewn-xeric__3.00.00..,artifact,artifact
oewn-xerophyte__1.20.00..,artifact,artifact
oewn-xerophytic__5.00.00.xeric.00,artifact,artifact
oewn-xerox__1.06.00..,artifact,artifact
oewn-xerox__1.06.01..,background,background
oewn-xylem__1.20.00..,artifact,artifact
oewn-yard__1.06.01..,graph_data,graph_data
oewn-yard__1.06.02..,artifact,artifact
oewn-yard__1.23.00..,artifact,artifact
oewn-yarn__1.06.00..,background,background
oewn-yarn__1.10.00..,background,background
oewn-yawl__1.06.00..,artifact,artifact
oewn-yaws__1.26.00..,artifact,artifact
oewn-year__1.28.01..,closed,closed
oewn-year__1.28.02..,closed,closed
oewn-years__1.28.00..,artifact,background
oewn-years__1.28.01..,artifact,artifact
oewn-years__1.28.02..,artifact,background
oewn-yeast__1.20.00..,background,background
oewn-yeast__1.27.00..,background,background
oewn-yellow__1.07.00..,closed,closed
oewn-yellow__5.00.00.chromatic.00,closed,closed
oewn-yellow__5.00.00.cowardly.00,closed,closed
oewn-yellowish__5.00.00.chromatic.00,artifact,artifact
oewn-yesterday__1.28.01..,artifact,artifact
oewn-yesterday__4.02.00..,artifact,background
oewn-yield__1.04.00..,artifact,artifact
oewn-yield__1.06.00..,background,background
oewn-yield__2.40.00..,artifact,background
oewn-yielding__1.10.00..,artifact,background
oewn-yielding__1.10.01..,artifact,artifact
oewn-yielding__5.00.00.docile.00,artifact,artifact
oewn-yielding__5.00.00.soft.01,artifact,artifact
oewn-yoke__2.35.01..,artifact,artifact
oewn-yoke__2.35.02..,artifact,artifact
oewn-yolk__1.13.00..,artifact,artifact
oewn-young__1.05.00..,artifact,background
oewn-young__1.18.04..,artifact,background
oewn-young__5.00.00.early.02,artifact,background
oewn-younger__5.00.00.junior.00,artifact,background
oewn-youngness__1.07.00..,background,background
oewn-youth__1.18.00..,artifact,artifact
oewn-youthful__5.00.00.young.00,artifact,artifact
oewn-zeal__1.07.00..,artifact,artifact
oewn-zealous__5.00.00.enthusiastic.00,artifact,artifact
oewn-zenith__1.15.01..,artifact,artifact
oewn-zero__1.09.00..,artifact,artifact
oewn-zero__1.23.02..,artifact,artifact
oewn-zero__2.30.00..,artifact,artifact
oewn-zero__2.30.01..,artifact,artifact
oewn-zero__3.01.00..,artifact,artifact
oewn-zest__1.12.00..,artifact,artifact
oewn-zigzag__2.38.00..,background,background
oewn-zigzag__4.02.00..,background,background
oewn-zinc__1.27.00..,background,background
oewn-zinnia__1.20.00..,external,external
oewn-zodiac__1.15.00..,background,background
oewn-zodiacal__3.01.00..,background,background
oewn-zone__1.15.00..,artifact,artifact
oewn-zoroastrian__1.18.00..,artifact,artifact
