lemma,surface_word,seed_node_count,source_node_ids,parts_of_speech,max_degree_score,best_frequency,earliest_age_of_acquisition,mean_concreteness
s,s,1,s::n,n,271,7.316033195866643,,
do,do,2,do::n;do::v,n;v,210,6.787261912174824,3.6,2.46
no,no,2,no::a;no::n,a;n,498,6.7754927459819,2.715564,2.45
can,can,2,can::n;can::v,n;v,1795,6.719354331308571,4.32,4.55
all,all,1,all::a,a,70,6.712212420338913,4.239515000000001,2.27
get,get,1,get::n,n,74,6.66062849230587,3.17,2.38
here,here,1,here::a,a,2,6.655049247524397,3.738636,3.13
so,so,1,so::n,n,414,6.627197751579461,5.14536,1.42
right,right,2,right::a;right::n,a;n,297,6.602376646359637,4.346085,3.47
like,like,1,like::v,v,101,6.601353592943822,3.6853510000000003,1.89
out,out,3,out::a;out::n;out::v,a;n;v,414,6.586591270205694,3.280385,2.73
go,go,1,go::v,v,80,6.578393896124764,3.37,3.15
up,up,1,up::a,a,74,6.564072702809289,2.918047,3.83
come,come,1,come::v,v,81,6.496472254640901,3.32,2.72
well,well,2,well::n;well::r,n;r,237,6.475172328433664,6.157775000000001,3.33
want,want,1,want::v,v,6,6.4401868823515045,4.16,1.93
good,good,2,good::a;good::r,a;r,90,6.4160709261850934,3.55,1.64
let,let,1,let::n,n,18,6.383085947944817,4.53,2.26
will,will,1,will::n,n,318,6.326490668604775,7.53,2.64
back,back,2,back::a;back::n,a;n,481,6.302422401748658,5.3052150000000005,4.33
time,time,2,time::n;time::v,n;v,852,6.29136050297892,5.16,3.07
look,look,1,look::v,v,63,6.288835870185782,4.05,2.96
take,take,1,take::v,v,171,6.276109356519957,4.37,3.06
tell,tell,1,tell::n,n,32,6.23606998593794,4.26,2.9
down,down,2,down::a;down::n,a;n,282,6.172676305490812,4.93222,3.52
make,make,2,make::n;make::v,n;v,1043,6.141720156407864,4.68,2.67
over,over,1,over::n,n,748,6.121067135292526,5.571640000000001,2.46
more,more,3,more::a;more::n;more::r,a;n;r,700,6.112882339773854,3.781264,2.37
need,need,1,need::n,n,64,6.111647782919253,3.56,1.69
mean,mean,1,mean::v,v,6,6.094224698597197,4.0,2.5
very,very,1,very::a,a,183,6.093272155268496,4.900249000000001,1.43
give,give,2,give::n;give::v,n;v,217,6.066788831224598,4.28,2.83
sure,sure,1,sure::r,r,11,6.040735067507489,4.85,1.73
thing,thing,1,thing::n,n,174,6.036307065878121,4.58,3.17
help,help,1,help::v,v,17,5.963728665708805,3.65,2.56
god,god,1,god::n,n,357,5.955176933134951,4.346085,2.07
night,night,1,night::n,n,147,5.936951708951002,3.61,4.52
talk,talk,1,talk::v,v,61,5.931380392596807,3.68,4.07
first,first,1,first::n,n,1068,5.9239876256550925,4.388713,2.76
put,put,1,put::v,v,175,5.917681413262269,3.72,2.5
great,great,2,great::a;great::n,a;n,262,5.913685237688773,5.05,1.81
thought,thought,1,thought::n,n,234,5.907079076170835,5.891350000000001,1.97
day,day,1,day::n,n,319,5.903493734796248,3.5,3.92
work,work,2,work::n;work::v,n;v,553,5.90142855136968,5.86,3.48
life,life,1,life::n,n,504,5.9006809644708715,5.89,2.69
before,before,1,before::r,r,575,5.899310611470681,5.454413000000001,1.96
better,better,1,better::r,r,10,5.899235545446485,5.017476,1.91
again,again,1,again::r,r,214,5.898527141458522,5.784780000000001,2.0
still,still,1,still::v,v,12,5.896340991412325,5.262587000000001,3.46
home,home,2,home::r;home::v,r;v,16,5.888343270486459,3.8665200000000004,4.11
around,around,1,around::r,r,668,5.866721573179559,5.944635000000001,1.96
stop,stop,1,stop::v,v,49,5.849004364442974,2.89,3.68
keep,keep,1,keep::v,v,48,5.846286957993113,4.42,2.37
must,must,1,must::n,n,129,5.844039837815181,4.58,2.13
things,things,1,things::n,n,446,5.840076108550553,,
after,after,1,after::a,a,121,5.833575592240191,5.997920000000001,2.12
long,long,1,long::a,a,93,5.828821617275062,4.239515000000001,3.18
name,name,1,name::n,n,298,5.806859754176526,3.68,3.5
money,money,1,money::n,n,658,5.806116190004838,5.11,4.54
place,place,2,place::n;place::v,n;v,493,5.779495619263105,4.95,3.48
fine,fine,2,fine::n;fine::v,n;v,155,5.776176696880547,7.44,2.61
lot,lot,1,lot::n,n,16,5.755234352770113,6.2643450000000005,3.7
father,father,1,father::n,n,185,5.743313547269322,4.11,4.52
through,through,1,through::a,a,107,5.739410755667382,5.816751,2.9
bad,bad,3,bad::a;bad::n;bad::r,a;n;r,46,5.735957041557379,2.79,1.68
boy,boy,1,boy::n,n,72,5.723551631790473,3.67,4.76
coming,coming,2,coming::a;coming::n,a;n,105,5.721247249436944,4.772365000000001,2.07
wrong,wrong,2,wrong::n;wrong::v,n;v,41,5.7180036891797865,4.22,1.83
stay,stay,1,stay::v,v,20,5.7117733772221015,4.22,2.15
may,may,1,may::n,n,280,5.708158381280873,5.65,3.0
enough,enough,1,enough::n,n,101,5.699547885306721,6.957050000000001,1.33
show,show,1,show::v,v,56,5.688155562900258,6.21,3.97
course,course,1,course::n,n,156,5.687143058223048,7.340702000000001,3.82
done,done,1,done::a,a,186,5.685198727329462,,2.0
mind,mind,2,mind::n;mind::v,n;v,85,5.684812328687,5.37,2.5
left,left,2,left::n;left::r,n;r,209,5.684671734810117,5.571640000000001,3.7
understand,understand,1,understand::v,v,81,5.682875161815588,6.17,2.28
mother,mother,2,mother::n;mother::v,n;v,148,5.680592329993564,2.63,4.6
try,try,1,try::n,n,49,5.677708416048656,3.44,2.22
hell,hell,1,hell::n,n,25,5.6722805630118245,5.11,2.41
move,move,2,move::n;move::v,n;v,285,5.620743547015648,4.62,3.25
job,job,1,job::n,n,72,5.615374988242472,5.39,3.19
saw,saw,1,saw::v,v,3,5.604180781175313,5.3585,4.46
found,found,2,found::n;found::v,n;v,1079,5.5971210076205855,5.14536,2.53
whole,whole,2,whole::a;whole::n,a;n,141,5.585439745337278,6.89,3.25
together,together,1,together::a,a,84,5.583069752993248,5.944635000000001,2.74
head,head,1,head::n,n,669,5.569397518200379,3.42,4.75
matter,matter,1,matter::n,n,216,5.568318924253844,7.56,3.54
excuse,excuse,1,excuse::v,v,6,5.565390955674297,6.33,2.29
many,many,1,many::a,a,989,5.555043990717209,4.601853000000001,2.37
idea,idea,1,idea::n,n,89,5.5545699218109466,5.95,1.61
play,play,1,play::n,n,217,5.549080607051831,4.1,3.24
most,most,1,most::a,a,52,5.5444444827118335,,2.38
run,run,1,run::n,n,79,5.544177366524545,4.47,4.31
while,while,1,while::n,n,351,5.542790581476353,7.06362,1.55
school,school,2,school::n;school::v,n;v,205,5.522027521013506,3.89,4.79
business,business,1,business::n,n,321,5.5059358781176915,7.47,3.28
hope,hope,1,hope::v,v,20,5.5054315788918196,4.89,1.25
open,open,3,open::a;open::n;open::v,a;n;v,359,5.505139348307253,5.0,3.2099999999999995
sit,sit,1,sit::v,v,59,5.492684640235538,3.47,4.8
cause,cause,2,cause::n;cause::v,n;v,462,5.49084841307908,5.84,2.43
hard,hard,1,hard::a,a,54,5.487761455741685,4.39,3.76
honey,honey,2,honey::a;honey::v,a;v,9,5.477262963365128,5.44,4.88
face,face,1,face::n,n,261,5.4605672710785385,3.75,4.87
second,second,2,second::n;second::r,n;r,342,5.4536212608899834,4.68,3.3
hand,hand,1,hand::n,n,235,5.4460450243514344,2.74,4.72
hit,hit,1,hit::n,n,54,5.438767976707224,4.75,4.11
end,end,2,end::n;end::v,n;v,476,5.4240938316755045,4.28,3.14
easy,easy,2,easy::a;easy::r,a;r,24,5.423837535131092,5.43,2.07
shut,shut,1,shut::v,v,10,5.4207501205982975,4.89,3.38
part,part,1,part::n,n,1354,5.416924855227094,5.11,3.29
true,true,2,true::n;true::v,n;v,247,5.40316387884861,4.644481000000001,1.7
working,working,1,working::n,n,92,5.398229045274887,,3.48
town,town,1,town::n,n,326,5.393752975824883,5.11,4.64
young,young,1,young::n,n,408,5.385360885844134,4.61,3.16
chance,chance,2,chance::a;chance::v,a;v,23,5.3818804646018155,7.78,1.64
read,read,1,read::n,n,89,5.3818451661516065,4.11,3.56
number,number,2,number::n;number::v,n;v,481,5.381350686369281,3.94,3.3
change,change,2,change::n;change::v,n;v,232,5.380289187188625,4.26,2.89
married,married,1,married::n,n,77,5.376910553616554,5.156017,2.82
point,point,1,point::n,n,419,5.373325470670158,4.55,3.39
word,word,1,word::n,n,276,5.371521769755796,4.42,3.56
game,game,1,game::n,n,298,5.368365361398272,4.26,4.5
party,party,1,party::v,v,8,5.367052521255996,4.58,3.89
set,set,1,set::n,n,337,5.3639369210296355,6.0,3.41
cut,cut,2,cut::n;cut::v,n;v,201,5.360724696402396,4.43,4.55
water,water,2,water::n;water::v,n;v,1095,5.351738198028865,2.37,5.0
making,making,1,making::n,n,671,5.346830003673602,,2.34
eyes,eyes,1,eyes::n,n,262,5.344912585627879,3.4434819999999995,4.85
story,story,1,story::n,n,98,5.343411100617,3.89,3.3
far,far,1,far::n,n,87,5.343372532659787,4.878935,2.71
times,times,1,times::n,n,231,5.341904406511898,6.7,2.07
close,close,1,close::n,n,165,5.340741843628232,4.5,3.2
means,means,1,means::n,n,398,5.3386023618052985,8.289175,1.93
death,death,1,death::n,n,342,5.335275018388934,5.37,3.73
gun,gun,2,gun::n;gun::v,n;v,94,5.328223470810152,5.58,4.83
inside,inside,1,inside::n,n,160,5.324291724859389,4.772365000000001,3.67
waiting,waiting,1,waiting::n,n,24,5.3239691890243614,,2.7
different,different,1,different::a,a,451,5.320689951534904,5.5,1.97
captain,captain,1,captain::v,v,3,5.318081323622233,6.06,4.19
important,important,1,important::a,a,549,5.31664807477377,5.79,2.14
also,also,1,also::r,r,335,5.314221267830899,6.637340000000001,1.83
line,line,2,line::n;line::v,n;v,407,5.313684719578784,4.85,4.5
fight,fight,1,fight::v,v,16,5.302812154319202,5.47,4.2
side,side,2,side::a;side::n,a;n,493,5.30247325888109,4.72,3.68
half,half,1,half::r,r,7,5.298599594596453,5.454413000000001,3.27
cool,cool,1,cool::v,v,6,5.291443101115878,4.58,3.53
body,body,2,body::n;body::v,n;v,1260,5.290659961184746,4.28,4.79
high,high,1,high::n,n,549,5.289482597040666,4.58,3.46
john,john,1,john::n,n,17,5.286503163969989,,3.48
reason,reason,1,reason::n,n,55,5.2856670087584465,7.84,1.93
truth,truth,1,truth::n,n,88,5.28314884032107,4.42,1.96
bed,bed,1,bed::v,v,9,5.271564572806746,2.89,5.0
blood,blood,2,blood::n;blood::v,n;v,790,5.269237623017895,4.89,4.86
along,along,1,along::r,r,508,5.261762331572577,5.411785000000001,2.14
front,front,2,front::a;front::n,a;n,225,5.258445128826394,5.187988000000001,3.77
welcome,welcome,1,welcome::n,n,9,5.252827851086796,4.06,2.07
free,free,3,free::a;free::n;free::v,a;n;v,202,5.248722596794537,5.21,2.04
book,book,1,book::n,n,307,5.2473775846042034,3.68,4.9
war,war,2,war::n;war::v,n;v,228,5.241858048667787,7.67,3.63
hurry,hurry,1,hurry::n,n,8,5.239120786822259,4.44,2.63
fact,fact,1,fact::n,n,127,5.236415506371387,6.47,2.72
bet,bet,1,bet::v,v,6,5.234536511033127,7.0,3.1
white,white,3,white::a;white::n;white::v,a;n;v,2079,5.233593955959155,4.06,3.89
outside,outside,2,outside::n;outside::r,n;r,166,5.229953411338771,3.578781,4.25
city,city,1,city::n,n,1256,5.227593245889771,6.56,4.79
feeling,feeling,1,feeling::n,n,425,5.225220184047514,5.3052150000000005,1.68
black,black,2,black::a;black::v,a;v,51,5.2246122122050105,3.56,3.76
full,full,2,full::a;full::r,a;r,126,5.221916775536831,4.24,3.59
sick,sick,1,sick::n,n,21,5.218073663190323,4.05,2.97
light,light,3,light::a;light::n;light::v,a;n;v,819,5.217455596935289,4.05,4.21
save,save,1,save::v,v,8,5.209812024737368,5.44,2.42
jesus,jesus,1,jesus::n,n,103,5.206758790349609,,
able,able,1,able::a,a,247,5.203311359250563,7.79,2.38
perfect,perfect,1,perfect::v,v,7,5.199890016243227,5.78,1.69
running,running,1,running::n,n,116,5.197899686899697,,4.27
living,living,2,living::a;living::n,a;n,621,5.194054670423775,,3.04
food,food,1,food::n,n,785,5.188194987613777,3.25,4.8
hair,hair,1,hair::n,n,392,5.185706820939542,3.17,4.97
promise,promise,1,promise::v,v,11,5.18448517602176,5.67,2.09
sex,sex,1,sex::n,n,122,5.181807780548456,9.79,4.1
music,music,1,music::n,n,386,5.180294460179846,3.81,4.31
power,power,2,power::n;power::v,n;v,415,5.172704874676883,7.48,2.04
special,special,2,special::a;special::n,a;n,188,5.171388743083434,5.0,1.76
team,team,1,team::v,v,6,5.168571439285124,6.0,3.79
playing,playing,1,playing::n,n,163,5.167820913572948,,
sweet,sweet,1,sweet::r,r,9,5.161417849857884,4.53,4.0
coffee,coffee,1,coffee::n,n,85,5.159419468691496,4.94,4.81
sound,sound,1,sound::n,n,430,5.1559890981464855,3.72,3.7
date,date,1,date::v,v,16,5.1503111839578,5.84,3.9
air,air,2,air::n;air::v,n;v,351,5.142541627518997,3.94,4.11
taken,taken,1,taken::a,a,297,5.141376394149477,,2.66
lord,lord,1,lord::v,v,3,5.139838413641728,5.95,3.04
catch,catch,1,catch::v,v,33,5.131437871615297,4.61,4.11
top,top,1,top::a,a,18,5.12472608690425,3.89,3.93
meeting,meeting,1,meeting::n,n,83,5.121330891864643,5.72,3.31
control,control,1,control::v,v,50,5.1155039554125965,7.26,1.93
cold,cold,1,cold::a,a,30,5.11393681079138,3.95,3.85
small,small,2,small::a;small::n,a;n,4881,5.096246201282174,3.22,3.22
human,human,1,human::n,n,423,5.095564313119004,4.83,4.93
piece,piece,1,piece::n,n,326,5.0946078674364355,4.89,4.14
known,known,1,known::a,a,655,5.0912436217595864,,1.83
words,words,1,words::n,n,364,5.085903726126093,,
clean,clean,1,clean::a,a,18,5.083103623054729,3.89,3.07
evening,evening,1,evening::n,n,61,5.081132753303901,5.84,3.26
felt,felt,1,felt::v,v,10,5.078017487712094,6.104490000000001,3.04
step,step,1,step::v,v,6,5.073804816057012,4.11,4.54
quiet,quiet,2,quiet::r;quiet::v,r;v,14,5.068462695564611,4.15,2.76
law,law,1,law::n,n,502,5.065108490481913,8.33,2.57
general,general,2,general::n;general::v,n;v,359,5.061654399908052,8.05,1.62
less,less,2,less::a;less::r,a;r,56,5.045187354785956,,2.77
loved,loved,1,loved::a,a,37,5.042188230907168,,
giving,giving,2,giving::a;giving::n,a;n,127,5.04110655044288,,2.15
worth,worth,1,worth::n,n,79,5.037689337318189,7.084934000000001,1.89
act,act,2,act::n;act::v,n;v,1446,5.0373773441424845,6.42,2.46
quick,quick,1,quick::n,n,49,5.035579020736922,5.89,2.89
early,early,1,early::r,r,4,5.033064553169931,5.3052150000000005,2.25
busy,busy,1,busy::v,v,4,5.026953776226332,5.95,2.41
ball,ball,2,ball::n;ball::v,n;v,211,5.020512508995374,2.9,5.0
major,major,1,major::n,n,317,5.019700591611949,8.8,2.16
mouth,mouth,1,mouth::n,n,283,5.018235304247382,3.58,4.74
future,future,1,future::n,n,102,5.014385804145419,7.16,1.86
paper,paper,2,paper::n;paper::v,n;v,271,5.013809543730414,4.0,4.93
officer,officer,1,officer::v,v,4,5.013314996914509,6.5,4.8
agent,agent,1,agent::n,n,206,5.010833780023178,9.55,3.61
blue,blue,3,blue::a;blue::n;blue::v,a;n;v,298,5.009754167981454,3.53,3.76
court,court,1,court::n,n,227,5.002628242074787,8.39,4.31
floor,floor,1,floor::n,n,92,5.002205406405222,4.44,4.8
building,building,1,building::n,n,344,4.997612354973057,6.16,4.64
earth,earth,2,earth::n;earth::v,n;v,289,4.99727018872971,5.37,4.8
finish,finish,1,finish::v,v,15,4.9947813883260155,6.32,2.89
attention,attention,1,attention::n,n,190,4.993661072541599,6.78,2.3
pain,pain,1,pain::n,n,254,4.990456571846558,4.26,3.5
th,th,1,th::n,n,882,4.98993468776785,,
honor,honor,1,honor::v,v,14,4.983180906279282,7.89,1.68
colonel,colonel,1,colonel::n,n,12,4.982915634267428,9.62,3.89
boat,boat,1,boat::v,v,6,4.980787604781877,3.84,4.93
plane,plane,2,plane::n;plane::v,n;v,163,4.979630553525754,4.95,4.92
month,month,1,month::n,n,142,4.978023376388483,5.79,4.2
given,given,2,given::a;given::n,a;n,499,4.9777549343389955,,2.33
fair,fair,1,fair::a,a,18,4.976050937283341,5.67,2.39
ooh,ooh,1,ooh::v,v,7,4.9756014035697715,,
needed,needed,1,needed::a,a,104,4.974791068445668,,
across,across,1,across::r,r,248,4.973256297865468,6.637340000000001,3.07
song,song,1,song::n,n,88,4.971171172665254,4.26,4.46
horse,horse,1,horse::v,v,18,4.967429198531207,4.15,5.0
personal,personal,1,personal::n,n,182,4.961708644634262,8.05,2.21
message,message,2,message::n;message::v,n;v,83,4.960964989517793,6.32,3.97
system,system,1,system::n,n,616,4.960964989517793,9.9,2.94
box,box,1,box::v,v,8,4.952509930482984,4.3,4.9
present,present,2,present::a;present::n,a;n,201,4.951084610917121,4.83,3.39
charge,charge,1,charge::n,n,199,4.950798984808895,7.5,2.96
kept,kept,1,kept::a,a,130,4.950798984808895,,2.79
information,information,1,information::n,n,561,4.950608462988817,7.19,2.87
fool,fool,1,fool::v,v,11,4.950513170726909,7.56,3.19
simple,simple,1,simple::n,n,150,4.950417857551523,6.89,1.62
middle,middle,1,middle::v,v,5,4.949845538801572,4.6977660000000006,3.69
calm,calm,1,calm::v,v,16,4.9490812720281765,6.26,2.83
land,land,1,land::n,n,377,4.944563838213708,5.22,4.57
strong,strong,1,strong::a,a,544,4.938335892176072,4.58,3.14
fix,fix,1,fix::v,v,28,4.937943664123308,5.0,2.93
wearing,wearing,1,wearing::n,n,46,4.936371199922867,,3.59
johnny,johnny,1,johnny::n,n,13,4.936174240970782,,
rock,rock,1,rock::n,n,133,4.934793021554251,3.22,4.91
window,window,1,window::n,n,76,4.934001776549405,4.74,4.86
army,army,1,army::n,n,121,4.932414948634112,7.15,4.7
record,record,1,record::v,v,25,4.93191787351758,6.3,4.15
certain,certain,1,certain::a,a,525,4.930822301488142,8.2,1.68
college,college,1,college::n,n,103,4.929823922929145,8.37,4.62
evidence,evidence,2,evidence::n;evidence::v,n;v,107,4.928923415674791,10.58,3.65
completely,completely,1,completely::r,r,178,4.925706404802793,,2.18
test,test,1,test::v,v,17,4.924190188383533,6.26,3.93
born,born,1,born::n,n,1546,4.922160296948407,4.68,3.22
near,near,1,near::r,r,25,4.919097558712681,5.411785000000001,2.79
letter,letter,1,letter::v,v,5,4.916528673416542,4.74,4.7
star,star,1,star::v,v,4,4.909882238856553,3.89,4.69
pleasure,pleasure,1,pleasure::n,n,127,4.9066259341008776,8.21,2.04
list,list,1,list::v,v,21,4.905781618924809,5.58,4.43
service,service,1,service::n,n,186,4.902174853596617,8.0,2.21
fat,fat,1,fat::v,v,14,4.899503578832703,5.15,4.52
station,station,1,station::v,v,7,4.897570036021206,7.11,4.32
gold,gold,2,gold::a;gold::n,a;n,123,4.896815771751891,7.1,4.81
seat,seat,2,seat::n;seat::v,n;v,123,4.8959521483364945,4.58,4.78
summer,summer,1,summer::v,v,7,4.8953033018782985,4.33,3.64
radio,radio,2,radio::n;radio::v,n;v,137,4.88699955693469,5.17,4.74
brain,brain,1,brain::n,n,270,4.886116170956266,5.76,4.69
forgive,forgive,1,forgive::v,v,8,4.884898573803177,5.44,1.92
deep,deep,2,deep::a;deep::n,a;n,292,4.88256454793715,5.47,3.38
slow,slow,1,slow::r,r,10,4.880441946887147,4.15,3.28
attack,attack,1,attack::v,v,48,4.877745852463894,6.58,3.71
partner,partner,2,partner::n;partner::v,n;v,41,4.875825941342776,5.85,3.53
area,area,1,area::n,n,690,4.874124824863454,6.58,3.72
third,third,1,third::r,r,4,4.871846254673884,4.580539,3.44
bus,bus,1,bus::v,v,4,4.869785269874215,3.85,4.9
driving,driving,1,driving::a,a,5,4.869440819506996,,3.96
english,english,1,english::n,n,1265,4.869096095730274,,
group,group,2,group::n;group::v,n;v,967,4.867368360464324,5.94,4.12
joke,joke,1,joke::v,v,10,4.862960419228772,5.2,2.9
truck,truck,1,truck::v,v,3,4.862026703240186,3.79,4.84
e,e,1,e::n,n,542,4.8603878541939025,,
green,green,2,green::a;green::v,a;v,38,4.859683592717567,3.79,4.07
ground,ground,1,ground::n,n,408,4.859683592717567,4.89,4.77
cash,cash,1,cash::v,v,4,4.859448584875304,4.84,4.48
forward,forward,2,forward::n;forward::r,n;r,87,4.85886050830352,4.239515000000001,2.66
single,single,3,single::a;single::n;single::v,a;n;v,367,4.857327772013322,6.68,3.27
position,position,2,position::n;position::v,n;v,403,4.857327772013322,8.72,2.62
crime,crime,1,crime::n,n,74,4.852219065116476,7.67,3.03
art,art,1,art::n,n,230,4.849581883785929,6.21,4.17
fighting,fighting,1,fighting::n,n,77,4.849581883785929,,3.78
wall,wall,2,wall::n;wall::v,n;v,179,4.848859864530843,3.79,4.86
force,force,2,force::n;force::v,n;v,293,4.848739411199908,6.0,3.0
jail,jail,1,jail::v,v,10,4.848498404267028,5.74,4.83
normal,normal,1,normal::a,a,65,4.846928590722779,5.53,1.4
machine,machine,1,machine::n,n,184,4.846202143134548,6.53,4.25
protect,protect,1,protect::v,v,180,4.846202143134548,6.79,2.86
field,field,1,field::n,n,166,4.845838463156363,6.1,4.26
speaking,speaking,1,speaking::a,a,11,4.844015480983796,,3.83
nose,nose,1,nose::n,n,139,4.843040085892366,2.95,4.89
sun,sun,2,sun::n;sun::v,n;v,221,4.842551565613743,3.4,4.83
church,church,1,church::v,v,12,4.842551565613743,5.15,4.9
tape,tape,1,tape::v,v,4,4.837388649378525,4.42,4.9
putting,putting,1,putting::n,n,80,4.831913230948633,,
involved,involved,1,involved::a,a,244,4.831662700522358,,2.03
gas,gas,2,gas::n;gas::v,n;v,276,4.8306591310823634,5.32,4.29
relationship,relationship,1,relationship::n,n,63,4.830030720493914,9.11,2.8
pop,pop,1,pop::r,r,2,4.828645008136002,4.4846260000000004,4.22
dirty,dirty,1,dirty::v,v,18,4.822033840347542,4.55,4.23
cat,cat,1,cat::v,v,9,4.8212644965114455,3.68,4.86
space,space,1,space::n,n,201,4.819464043015799,5.67,3.54
cry,cry,1,cry::v,v,30,4.816749289684327,2.78,4.0
smoke,smoke,1,smoke::v,v,7,4.815320474487688,4.0,4.96
arm,arm,1,arm::n,n,191,4.815190348799253,3.26,4.96
film,film,2,film::n;film::v,n;v,237,4.8141479373011276,6.95,4.71
government,government,1,government::n,n,529,4.814017459763146,8.5,2.88
foot,foot,1,foot::n,n,208,4.811924470257303,3.44,4.9
south,south,2,south::a;south::n,a;n,277,4.808898015627115,6.06,3.84
hat,hat,1,hat::v,v,4,4.8069128172203825,3.33,4.88
board,board,1,board::v,v,10,4.806780147452464,6.37,4.57
north,north,2,north::a;north::n,a;n,316,4.804918502609604,6.55,4.14
beginning,beginning,1,beginning::n,n,169,4.799690013840291,5.4,2.5
doubt,doubt,1,doubt::n,n,25,4.797797660162586,8.79,1.79
fired,fired,1,fired::a,a,66,4.791521224762864,,2.48
chicken,chicken,1,chicken::n,n,71,4.790006802781004,3.26,4.8
bathroom,bathroom,1,bathroom::n,n,15,4.789592860431728,3.0,4.52
weekend,weekend,1,weekend::v,v,3,4.785849516901604,4.79,3.83
eating,eating,1,eating::n,n,146,4.783615917728626,,4.14
glass,glass,2,glass::n;glass::v,n;v,216,4.782775347501246,4.47,4.82
west,west,3,west::a;west::n;west::r,a;n;r,169,4.781652050445911,5.89,3.44
experience,experience,1,experience::v,v,17,4.781652050445911,8.95,1.8
wine,wine,1,wine::v,v,5,4.780243831047658,7.9,4.79
difficult,difficult,1,difficult::a,a,156,4.778831030576282,5.85,2.21
sea,sea,1,sea::n,n,390,4.776560946443122,4.74,4.79
flight,flight,2,flight::n;flight::v,n;v,119,4.775421439113354,7.47,3.9
favorite,favorite,1,favorite::v,v,5,4.773706552455123,5.72,2.71
wind,wind,1,wind::n,n,155,4.773133415477316,3.89,3.93
sleeping,sleeping,1,sleeping::a,a,6,4.772990012972495,,4.23
admit,admit,1,admit::v,v,29,4.77184108510161,7.56,2.32
within,within,1,within::r,r,348,4.771553377584031,7.649755000000002,2.81
low,low,2,low::r;low::v,r;v,22,4.771409452319448,4.7,3.34
bunch,bunch,1,bunch::v,v,5,4.769534070476591,4.89,3.5
blame,blame,1,blame::v,v,7,4.768810607903987,6.48,2.06
tea,tea,1,tea::n,n,101,4.767650555175778,5.47,4.69
hole,hole,1,hole::v,v,15,4.764590591461673,5.05,4.81
feelings,feelings,1,feelings::n,n,152,4.760033728217072,,
fit,fit,1,fit::n,n,54,4.759885933598698,5.74,2.7
wild,wild,1,wild::n,n,217,4.757811510430283,6.11,2.41
reach,reach,1,reach::v,v,32,4.7548307541725165,4.89,3.7
beach,beach,1,beach::v,v,3,4.752581683988657,4.8,4.79
lock,lock,1,lock::v,v,6,4.752130468901935,5.74,4.65
writing,writing,1,writing::n,n,279,4.747135913801536,4.772365000000001,3.7
teacher,teacher,1,teacher::n,n,59,4.745611001834902,4.55,4.52
river,river,1,river::n,n,513,4.74362057766875,4.9,4.89
aunt,aunt,1,aunt::n,n,13,4.741466792614535,3.8,4.17
raise,raise,1,raise::v,v,29,4.741466792614535,6.72,3.8
cross,cross,1,cross::a,a,14,4.740231245602228,4.74,4.44
queen,queen,1,queen::v,v,5,4.737438345418058,4.42,4.45
closed,closed,1,closed::a,a,102,4.732585842623646,,3.37
names,names,1,names::n,n,297,4.730692801565022,,
band,band,1,band::v,v,5,4.727200648757121,6.16,4.68
price,price,1,price::v,v,19,4.726881783484425,7.35,3.63
code,code,1,code::v,v,16,4.724803433018866,8.11,3.0
pressure,pressure,2,pressure::n;pressure::v,n;v,216,4.724803433018866,8.95,3.07
further,further,1,further::r,r,14,4.721747839908215,6.6799680000000015,1.88
aah,aah,1,aah::v,v,7,4.721424944367762,,
consider,consider,1,consider::v,v,59,4.719482513331393,9.33,1.68
copy,copy,1,copy::v,v,12,4.717857157834336,6.06,3.9
warm,warm,2,warm::r;warm::v,r;v,4,4.7167157787755265,4.65,3.56
complete,complete,1,complete::a,a,48,4.712944271937895,6.58,2.7
cup,cup,1,cup::v,v,4,4.712614761693025,3.57,5.0
ways,ways,1,ways::n,n,62,4.712449912770225,,2.0
witness,witness,1,witness::v,v,6,4.710466829498525,8.74,4.07
taste,taste,2,taste::n;taste::v,n;v,87,4.709803784359197,4.26,4.07
interest,interest,2,interest::n;interest::v,n;v,169,4.7066404216454725,7.37,1.8
support,support,1,support::v,v,37,4.7047984141411225,8.53,2.83
leo,leo,1,leo::n,n,9,4.703622146688328,,
united,united,1,united::a,a,80,4.700921511592295,,2.61
moon,moon,1,moon::n,n,50,4.698203977613727,4.83,4.9
bottom,bottom,2,bottom::a;bottom::v,a;v,25,4.697863087108075,5.28,4.25
final,final,1,final::n,n,86,4.695640752691882,6.58,2.67
east,east,2,east::a;east::r,a;r,13,4.694611211754808,6.94,3.04
continue,continue,1,continue::v,v,60,4.694611211754808,7.53,2.36
match,match,1,match::n,n,39,4.693579224381523,5.72,4.14
spirit,spirit,1,spirit::v,v,8,4.692889867916303,7.11,1.6
chair,chair,1,chair::v,v,7,4.6918537772096185,3.43,4.58
study,study,1,study::n,n,329,4.690121447501861,6.58,3.7
rain,rain,1,rain::v,v,17,4.688904692103868,3.6,4.97
above,above,1,above::n,n,345,4.688730591286983,4.548568000000001,3.33
choose,choose,1,choose::v,v,25,4.681354607990837,4.74,2.62
cards,cards,1,cards::n,n,87,4.681000226508992,,
immediately,immediately,1,immediately::r,r,83,4.680468111496249,6.765224000000001,2.3
teeth,teeth,1,teeth::n,n,238,4.679401921561649,,4.96
coach,coach,1,coach::v,v,6,4.6774404157427725,6.89,4.12
crew,crew,1,crew::v,v,3,4.676545885082742,7.56,4.36
heavy,heavy,1,heavy::n,n,379,4.674391464053246,4.05,3.37
empty,empty,1,empty::v,v,12,4.673851184719329,4.79,3.43
dressed,dressed,1,dressed::a,a,59,4.671139659895042,,3.41
knife,knife,1,knife::v,v,3,4.669868464601791,4.15,4.9
weapon,weapon,1,weapon::n,n,101,4.668411099200972,6.95,4.76
shirt,shirt,1,shirt::v,v,3,4.6658488824363715,3.53,4.94
size,size,2,size::a;size::v,a;v,110,4.663640600651876,4.84,3.13
necessary,necessary,1,necessary::a,a,27,4.6621621499239705,7.55,1.8
credit,credit,1,credit::v,v,8,4.660678648970281,9.42,2.71
center,center,2,center::n;center::v,n;v,441,4.660306980584822,6.57,3.85
practice,practice,1,practice::v,v,17,4.659376415665037,6.24,2.52
stage,stage,1,stage::v,v,15,4.658257099370433,6.32,4.64
animal,animal,1,animal::n,n,411,4.657509282600378,2.89,4.61
drug,drug,2,drug::n;drug::v,n;v,364,4.654881736665553,8.11,4.48
nature,nature,1,nature::n,n,298,4.654316616895635,6.16,2.92
responsible,responsible,1,responsible::a,a,352,4.653373113413739,10.15,1.69
correct,correct,1,correct::v,v,9,4.652238196874399,5.37,2.59
bringing,bringing,1,bringing::n,n,68,4.650340053634695,,
singing,singing,1,singing::n,n,63,4.650149782226656,,4.2
common,common,2,common::a;common::n,a;n,1299,4.649006399867494,6.94,2.07
due,due,1,due::n,n,148,4.649006399867494,7.53,3.21
chinese,chinese,1,chinese::n,n,243,4.647285662270978,,
concerned,concerned,1,concerned::a,a,268,4.646326742733896,8.79,1.86
written,written,1,written::a,a,364,4.643630449041483,,4.04
skin,skin,1,skin::n,n,634,4.643437214563589,4.48,4.79
operation,operation,1,operation::n,n,149,4.642469750403414,7.84,3.44
danger,danger,1,danger::n,n,131,4.639749328646151,4.61,2.68
command,command,1,command::v,v,11,4.639359302143149,8.67,2.48
beyond,beyond,1,beyond::r,r,169,4.634454184697808,6.317630000000001,1.72
dry,dry,1,dry::v,v,18,4.6312855834509,4.11,3.77
jury,jury,1,jury::n,n,34,4.630688888396783,11.05,4.64
form,form,2,form::n;form::v,n;v,1486,4.63048980772316,7.58,3.13
program,program,1,program::v,v,10,4.629293403435116,8.2,3.43
milk,milk,2,milk::n;milk::v,n;v,185,4.6282938759929895,3.37,4.92
g,g,1,g::n,n,498,4.6282938759929895,,
held,held,1,held::a,a,268,4.627492594433761,,
natural,natural,1,natural::n,n,239,4.626488909027701,8.5,1.85
battle,battle,1,battle::v,v,6,4.625482898659161,6.95,4.0
breaking,breaking,1,breaking::n,n,43,4.625482898659161,,3.93
coat,coat,1,coat::v,v,45,4.623666186580708,3.58,4.97
settle,settle,1,settle::v,v,23,4.623058923165193,8.26,2.31
according,according,1,according::a,a,238,4.621435390500979,8.44903,1.63
noticed,noticed,1,noticed::a,a,11,4.620621342498994,,
shame,shame,1,shame::v,v,15,4.618374810661022,6.55,2.24
large,large,2,large::a;large::n,a;n,3500,4.617144513855521,5.74,3.37
military,military,1,military::n,n,345,4.614879877626161,8.2,4.0
oil,oil,1,oil::v,v,8,4.613225420456149,7.33,4.93
health,health,1,health::n,n,120,4.604645968356548,7.56,2.28
numbers,numbers,1,numbers::n,n,157,4.597400455659764,,
color,color,3,color::a;color::n;color::v,a;n;v,321,4.595462118528349,4.0,4.08
earlier,earlier,1,earlier::r,r,8,4.595246212741202,,
bell,bell,1,bell::v,v,7,4.594381514631945,3.89,4.96
wet,wet,1,wet::v,v,15,4.593081230780672,2.47,4.46
pig,pig,1,pig::v,v,20,4.592212207015162,3.84,5.0
soldier,soldier,1,soldier::v,v,3,4.589813386303822,6.94,4.72
several,several,1,several::a,a,1068,4.588279936350856,6.765224000000001,3.0
planet,planet,1,planet::n,n,58,4.587621082396069,6.67,4.58
insurance,insurance,1,insurance::n,n,71,4.583202992596043,11.4,2.86
character,character,1,character::n,n,142,4.581200093664492,6.47,2.93
speech,speech,1,speech::n,n,259,4.579859677532823,6.22,3.37
airport,airport,1,airport::n,n,34,4.579859677532823,6.84,4.87
hook,hook,1,hook::v,v,5,4.5794119512231655,6.26,4.79
serve,serve,1,serve::v,v,17,4.578739495116835,7.17,3.78
sugar,sugar,2,sugar::n;sugar::v,n;v,177,4.576715856799913,3.95,4.87
hill,hill,1,hill::v,v,3,4.574229646886986,3.47,4.93
justice,justice,1,justice::n,n,56,4.573094829199473,9.47,1.45
rough,rough,1,rough::r,r,6,4.572412512512536,6.21,3.83
meaning,meaning,1,meaning::n,n,124,4.571729122156098,6.1,1.85
pair,pair,1,pair::v,v,5,4.570816259009903,5.94,3.88
science,science,1,science::n,n,135,4.570816259009903,7.32,2.79
usual,usual,1,usual::a,a,74,4.570587743097289,8.89,1.9
subject,subject,1,subject::n,n,149,4.567375830545769,7.3,3.14
strength,strength,1,strength::n,n,166,4.566915040601319,6.21,2.96
mail,mail,1,mail::n,n,88,4.56599199140814,4.65,4.69
paint,paint,1,paint::n,n,63,4.565529730074552,4.45,4.79
ghost,ghost,1,ghost::v,v,5,4.562978460093539,5.06,3.19
release,release,1,release::v,v,35,4.559475124490375,8.53,3.24
unit,unit,1,unit::n,n,762,4.558065838834353,7.79,3.77
falling,falling,1,falling::a,a,64,4.5561796491945525,,3.64
prepared,prepared,1,prepared::a,a,148,4.55333491534274,,2.07
pocket,pocket,1,pocket::v,v,3,4.552382514781439,4.74,4.68
roof,roof,1,roof::v,v,5,4.551666841207943,5.0,4.79
jason,jason,1,jason::n,n,11,4.551189069452494,,
base,base,2,base::a;base::n,a;n,352,4.548311348386137,6.42,3.86
firm,firm,1,firm::a,a,22,4.547106647247766,11.17,3.54
trade,trade,1,trade::v,v,5,4.546140474475745,6.42,3.08
language,language,1,language::n,n,851,4.544929727993491,6.79,2.35
purpose,purpose,2,purpose::n;purpose::v,n;v,137,4.544687173124354,8.37,1.52
noise,noise,1,noise::v,v,47,4.542254144453354,4.5,3.52
proof,proof,1,proof::v,v,22,4.536111262946303,8.06,2.67
vote,vote,1,vote::v,v,19,4.535368243976522,7.79,3.85
medicine,medicine,2,medicine::n;medicine::v,n;v,276,4.533629573439659,4.89,4.79
issue,issue,1,issue::v,v,19,4.5328822928161046,8.6,2.37
male,male,1,male::n,n,517,4.5303820298257875,5.63,4.45
television,television,1,television::n,n,118,4.529880245273255,4.11,4.83
regular,regular,1,regular::n,n,108,4.529377880287335,8.56,2.4
stomach,stomach,1,stomach::n,n,158,4.5288749335236504,5.26,4.89
yellow,yellow,2,yellow::n;yellow::v,n;v,1451,4.528623241553753,3.2,4.3
prepare,prepare,1,prepare::v,v,57,4.525337902485594,7.72,2.36
sudden,sudden,1,sudden::a,a,191,4.524322008497446,6.669311000000001,2.07
assume,assume,1,assume::v,v,55,4.524322008497446,8.21,1.75
social,social,1,social::n,n,301,4.523303732575141,10.43,2.27
travel,travel,1,travel::v,v,59,4.523048790107061,5.9,3.67
property,property,1,property::n,n,637,4.522027521013506,8.16,3.9
expected,expected,1,expected::a,a,121,4.521515984462136,,
remain,remain,1,remain::v,v,39,4.521003844683561,8.17,1.96
sexual,sexual,1,sexual::a,a,231,4.520747548139148,11.33,2.5
freedom,freedom,1,freedom::n,n,85,4.519463791715468,7.05,2.34
damage,damage,2,damage::n;damage::v,n;v,75,4.518949224733586,7.2,3.2
society,society,1,society::n,n,144,4.517143423870323,8.7,2.54
buying,buying,1,buying::n,n,29,4.517143423870323,,
energy,energy,1,energy::n,n,349,4.516884838282508,6.52,3.11
crack,crack,1,crack::v,v,6,4.516108156438717,6.33,4.53
vacation,vacation,1,vacation::v,v,5,4.515589595801702,5.22,3.14
divorce,divorce,1,divorce::n,n,26,4.514550613292043,8.9,3.25
ally,ally,1,ally::v,v,6,4.513769741972466,9.61,2.61
telephone,telephone,1,telephone::v,v,8,4.509844185128824,4.63,4.96
tall,tall,1,tall::n,n,602,4.509318086358366,4.95,3.36
fixed,fixed,1,fixed::a,a,220,4.508791349505557,,2.89
professional,professional,1,professional::n,n,97,4.508527741314214,9.06,2.14
understood,understood,1,understood::a,a,45,4.506677990192157,,2.28
model,model,1,model::v,v,10,4.505617441479764,5.83,4.53
gate,gate,1,gate::v,v,3,4.505351899140765,5.32,4.96
ear,ear,1,ear::n,n,109,4.504820326881128,3.63,5.0
staff,staff,1,staff::v,v,3,4.504820326881128,10.0,4.36
engine,engine,1,engine::n,n,99,4.503221695081319,6.28,4.86
german,german,1,german::n,n,500,4.502687507459353,,
map,map,1,map::v,v,6,4.502420167049617,5.6,4.93
harm,harm,1,harm::v,v,24,4.501884992019598,5.0,2.62
square,square,1,square::v,v,7,4.501617156992975,4.11,4.33
silver,silver,3,silver::a;silver::n;silver::v,a;n;v,89,4.501349156687091,6.21,4.52
positive,positive,1,positive::n,n,71,4.499737672530512,8.11,2.44
female,female,1,female::n,n,462,4.499468509533422,5.89,4.57
covered,covered,1,covered::a,a,458,4.499468509533422,,3.41
snow,snow,1,snow::v,v,8,4.4959541248003845,4.11,4.85
spring,spring,1,spring::n,n,120,4.495410917122433,5.5,3.89
showing,showing,1,showing::n,n,395,4.492684640235537,,3.06
destroyed,destroyed,1,destroyed::a,a,100,4.4888388701675055,,
tour,tour,1,tour::v,v,6,4.488286683847849,7.17,3.38
bones,bones,1,bones::n,n,186,4.4855151716857415,,
burning,burning,1,burning::n,n,46,4.4855151716857415,,3.85
appointment,appointment,1,appointment::n,n,15,4.4849587404989215,7.53,3.0
shape,shape,2,shape::n;shape::v,n;v,246,4.480200068207608,4.47,3.14
farm,farm,1,farm::n,n,68,4.477376296998835,3.85,4.59
clearly,clearly,1,clearly::r,r,63,4.476525572962059,,2.04
growing,growing,1,growing::n,n,321,4.475957496384131,,2.89
alarm,alarm,1,alarm::v,v,8,4.474534045480502,6.39,4.47
interview,interview,1,interview::v,v,7,4.469659114009142,10.53,3.36
parts,parts,1,parts::n,n,633,4.46850407481261,,
statement,statement,1,statement::n,n,122,4.46560296528111,8.89,2.96
load,load,1,load::v,v,18,4.4653117855974545,7.78,3.63
community,community,1,community::n,n,106,4.464145110666414,7.28,3.52
loss,loss,1,loss::n,n,325,4.463852951569017,5.0,2.19
discovered,discovered,1,discovered::a,a,287,4.458560197724512,,2.37
joy,joy,1,joy::v,v,10,4.4552936939144505,6.74,2.37
deliver,deliver,1,deliver::v,v,38,4.452302673263498,6.63,3.12
bread,bread,1,bread::v,v,5,4.452002435102972,3.58,4.92
original,original,1,original::n,n,136,4.450498122958449,7.67,2.07
dealing,dealing,1,dealing::n,n,161,4.450498122958449,,2.37
received,received,1,received::a,a,99,4.449290910278686,,2.67
higher,higher,1,higher::a,a,180,4.44442822007193,,2.93
lower,lower,2,lower::n;lower::v,n;v,310,4.443510372991508,,2.76
breathing,breathing,1,breathing::n,n,83,4.443510372991508,,4.1
plant,plant,1,plant::n,n,1504,4.440745135253817,3.95,4.76
surely,surely,1,surely::r,r,12,4.440436796950554,,1.71
garage,garage,1,garage::v,v,4,4.434536387882075,5.26,4.96
connection,connection,1,connection::n,n,44,4.433910603217745,8.0,3.0
physical,physical,1,physical::a,a,376,4.433910603217745,8.16,3.31
filled,filled,1,filled::a,a,252,4.433910603217745,,3.03
pulling,pulling,1,pulling::n,n,48,4.433283915544927,,
wheel,wheel,1,wheel::n,n,93,4.432027820723091,4.4,4.86
wood,wood,1,wood::n,n,811,4.431083359716067,4.58,4.85
europe,europe,1,europe::n,n,675,4.428237590278449,,
based,based,1,based::a,a,501,4.424733912088943,,1.85
garden,garden,1,garden::v,v,5,4.4237734373548845,5.33,4.73
fourth,fourth,2,fourth::a;fourth::r,a;r,20,4.422167910639466,4.676452000000001,3.39
event,event,1,event::n,n,206,4.420879202032418,7.81,2.69
actor,actor,1,actor::n,n,215,4.4202334108622665,7.17,4.57
winter,winter,1,winter::v,v,7,4.418290255576264,4.38,3.84
flat,flat,2,flat::n;flat::r,n;r,383,4.418290255576264,5.68,4.07
rick,rick,1,rick::n,n,10,4.4179655494064445,7.798953000000001,
disease,disease,1,disease::n,n,577,4.4176406002839865,7.55,3.45
smoking,smoking,1,smoking::n,n,26,4.417315407845054,6.733883,4.32
closing,closing,1,closing::n,n,13,4.41698997172499,,
bone,bone,2,bone::a;bone::n,a;n,174,4.415685783111545,5.53,4.9
egg,egg,1,egg::n,n,84,4.4153591230871925,3.89,4.97
engaged,engaged,1,engaged::a,a,112,4.415032217176458,,2.37
rooms,rooms,1,rooms::n,n,40,4.414705065008896,4.11,4.57
available,available,1,available::a,a,210,4.413722127248141,8.5,2.11
object,object,1,object::n,n,265,4.410759894970237,7.94,3.66
percent,percent,1,percent::n,n,34,4.410429507368222,8.19,2.7
navy,navy,1,navy::n,n,40,4.409436833834544,7.15,3.93
plate,plate,1,plate::n,n,102,4.408773788695216,3.84,4.77
negative,negative,1,negative::n,n,76,4.408773788695216,7.47,1.79
distance,distance,1,distance::v,v,10,4.4081097297250045,6.81,3.17
tank,tank,1,tank::v,v,5,4.4081097297250045,7.17,4.8
golf,golf,2,golf::n;golf::v,n;v,65,4.406778557857045,7.16,4.52
knowledge,knowledge,1,knowledge::n,n,246,4.406778557857045,7.68,1.73
hire,hire,1,hire::v,v,4,4.406778557857045,9.0,3.11
stock,stock,1,stock::n,n,168,4.406111438706047,9.22,4.19
equipment,equipment,1,equipment::n,n,143,4.405443293217488,7.5,4.83
conference,conference,1,conference::n,n,25,4.40477411822854,9.39,3.86
sale,sale,1,sale::n,n,133,4.404439143679035,6.76,3.37
proper,proper,1,proper::a,a,82,4.402423852443709,7.63,1.78
baseball,baseball,1,baseball::n,n,154,4.4020870594978625,4.83,4.86
slowly,slowly,1,slowly::r,r,77,4.399044111792328,6.317630000000001,3.1
spending,spending,1,spending::n,n,25,4.393924667656297,,3.31
location,location,1,location::n,n,146,4.393581216090826,6.86,3.0
central,central,1,central::n,n,1004,4.39323749269979,8.0,2.71
steps,steps,1,steps::n,n,76,4.392204687262023,3.67,4.39
younger,younger,1,younger::a,a,26,4.39151478325371,,2.79
fail,fail,1,fail::v,v,51,4.390477867961517,6.0,3.0
poison,poison,1,poison::v,v,5,4.38978521313861,5.58,4.27
wanting,wanting,1,wanting::a,a,13,4.38943847101887,,2.0
happiness,happiness,1,happiness::n,n,44,4.388744155152517,6.17,2.6
bay,bay,1,bay::n,n,43,4.38420384177358,8.67,4.81
mirror,mirror,1,mirror::v,v,4,4.383149301841683,4.89,4.97
direction,direction,1,direction::n,n,352,4.381386025030914,6.68,2.79
direct,direct,1,direct::a,a,20,4.380678704871464,9.68,2.15
march,march,1,march::v,v,10,4.380324612326856,6.850480000000001,4.03
led,led,1,led::n,n,287,4.380324612326856,,2.62
boston,boston,1,boston::n,n,28,4.380324612326856,,
official,official,2,official::a;official::n,a;n,305,4.379970230845011,8.68,2.54
effect,effect,1,effect::n,n,171,4.378193972819208,9.26,1.8
vision,vision,1,vision::n,n,111,4.377837847762842,6.58,3.39
dust,dust,1,dust::v,v,7,4.377124720374525,5.06,4.4
sharp,sharp,1,sharp::n,n,173,4.376052828883699,6.11,3.86
stairs,stairs,1,stairs::n,n,8,4.375694943011033,4.22,5.0
extremely,extremely,1,extremely::r,r,237,4.374978285287512,,1.84
newspaper,newspaper,1,newspaper::n,n,58,4.374260443005232,5.78,4.82
apple,apple,1,apple::n,n,88,4.373901076429573,4.15,5.0
university,university,1,university::n,n,146,4.372460629066266,10.72,4.65
prisoner,prisoner,1,prisoner::n,n,31,4.364084039757975,8.0,4.11
popular,popular,1,popular::a,a,241,4.362979432595543,6.61,2.16
hearts,hearts,1,hearts::n,n,11,4.361132154259989,,4.48
nerve,nerve,1,nerve::n,n,138,4.360761753826532,9.67,3.89
circumstances,circumstances,1,circumstances::n,n,107,4.360391037216823,,1.59
busted,busted,1,busted::a,a,7,4.3596486533063,,2.85
shift,shift,1,shift::v,v,8,4.358160067506498,9.17,2.81
steady,steady,2,steady::r;steady::v,r;v,10,4.3559175781080555,6.7,2.25
image,image,1,image::n,n,114,4.354416126372623,8.5,3.85
easily,easily,1,easily::r,r,239,4.353286621231653,,1.8
pot,pot,1,pot::v,v,4,4.352531982498071,5.95,4.81
behavior,behavior,1,behavior::n,n,344,4.349880372539742,7.05,2.19
snake,snake,1,snake::v,v,6,4.3491197865626745,5.1,5.0
tears,tears,1,tears::n,n,47,4.3491197865626745,,
cancer,cancer,1,cancer::n,n,76,4.348738993480932,8.39,3.86
orange,orange,1,orange::a,a,35,4.3483578662235605,3.26,4.66
terms,terms,1,terms::n,n,304,4.3483578662235605,,
material,material,2,material::a;material::n,a;n,418,4.344912585627879,8.06,4.26
flesh,flesh,1,flesh::v,v,9,4.343372532659787,8.3,4.59
advantage,advantage,2,advantage::n;advantage::v,n;v,52,4.343372532659787,9.32,2.0
sandwich,sandwich,1,sandwich::v,v,3,4.34066422867281,4.79,4.9
understanding,understanding,1,understanding::a,a,34,4.340275945694865,7.83,1.92
sweat,sweat,1,sweat::n,n,24,4.33949833674602,7.26,4.71
political,political,1,political::a,a,297,4.33949833674602,9.83,1.83
plain,plain,1,plain::r,r,10,4.33871933298217,7.37,2.26
performance,performance,1,performance::n,n,149,4.33871933298217,7.74,3.04
stops,stops,1,stops::n,n,67,4.338329306479168,,
union,union,1,union::a,a,6,4.337938929390498,9.39,3.38
fruit,fruit,1,fruit::v,v,7,4.33676568829362,3.63,4.81
objection,objection,1,objection::n,n,13,4.33676568829362,9.74,2.29
value,value,2,value::n;value::v,n;v,225,4.332436482258533,6.78,1.62
counting,counting,1,counting::n,n,140,4.331644696292811,,3.57
zero,zero,1,zero::v,v,6,4.331248261320598,5.3052150000000005,2.86
victory,victory,1,victory::n,n,91,4.331248261320598,7.53,2.55
ill,ill,1,ill::r,r,8,4.327663967397288,5.603611000000001,3.21
remove,remove,1,remove::v,v,228,4.327263880329008,5.67,3.14
progress,progress,1,progress::n,n,49,4.327263880329008,9.0,2.12
directly,directly,1,directly::r,r,137,4.327263880329008,,2.37
chain,chain,1,chain::v,v,4,4.32646259876978,5.22,4.55
authority,authority,1,authority::n,n,244,4.32646259876978,7.5,2.34
emotional,emotional,1,emotional::a,a,160,4.326061402915011,9.45,2.0
highly,highly,1,highly::r,r,350,4.326061402915011,,2.19
gray,gray,1,gray::n,n,20,4.32445290299518,5.74,3.46
horn,horn,2,horn::n;horn::v,n;v,37,4.3236464134748305,4.84,5.0
champion,champion,1,champion::v,v,4,4.320405394836998,8.61,3.82
competition,competition,1,competition::n,n,105,4.31999856156893,7.85,3.86
presence,presence,1,presence::n,n,192,4.319183749919216,9.17,2.72
cure,cure,1,cure::v,v,7,4.318775770103489,9.58,2.41
capable,capable,1,capable::a,a,705,4.318367406667757,9.16,2.21
diamond,diamond,1,diamond::n,n,41,4.314674753020988,6.47,4.89
services,services,1,services::n,n,201,4.314674753020988,,
bat,bat,1,bat::n,n,71,4.314262513329947,4.85,5.0
transfer,transfer,1,transfer::v,v,28,4.3126096303380175,10.33,3.04
sentence,sentence,2,sentence::n;sentence::v,n;v,70,4.312195424792168,5.84,3.57
nation,nation,1,nation::n,n,104,4.311365826675715,7.74,3.62
butter,butter,1,butter::v,v,4,4.310118450570991,5.78,4.9
potter,potter,1,potter::n,n,12,4.30886748144324,8.445298999999999,4.12
learning,learning,1,learning::n,n,71,4.307612898533501,,3.14
possibility,possibility,1,possibility::n,n,34,4.307193897553674,8.47,1.33
cage,cage,1,cage::v,v,4,4.3067744919373965,5.06,5.0
desire,desire,1,desire::v,v,22,4.3067744919373965,9.95,1.7
exchange,exchange,2,exchange::n;exchange::v,n;v,114,4.305513839435653,8.35,2.74
thin,thin,1,thin::v,v,11,4.304671366849632,6.47,3.83
drama,drama,1,drama::n,n,57,4.304249516906893,7.39,2.34
entirely,entirely,1,entirely::r,r,80,4.303404585741738,,1.81
swimming,swimming,1,swimming::n,n,59,4.300434313906377,4.58,4.44
print,print,1,print::v,v,21,4.300008326150886,7.67,4.17
journey,journey,1,journey::v,v,11,4.2995819201452,7.67,2.57
shore,shore,1,shore::v,v,4,4.297872097141777,6.925079,4.79
spoken,spoken,1,spoken::a,a,943,4.29744358750474,,3.28
result,result,1,result::n,n,197,4.29572530838137,8.22,2.85
recall,recall,1,recall::v,v,8,4.29356785495346,11.45,2.14
cabin,cabin,1,cabin::v,v,4,4.293135075164878,6.39,4.92
script,script,1,script::v,v,4,4.292268219623779,9.79,4.72
solid,solid,1,solid::n,n,192,4.291399630370442,7.79,4.42
education,education,1,education::n,n,75,4.290529300456115,6.7,2.93
salt,salt,2,salt::n;salt::v,n;v,290,4.290093480568158,5.05,4.89
metal,metal,3,metal::a;metal::n;metal::v,a;n;v,412,4.288783390639841,5.61,4.87
wounded,wounded,1,wounded::n,n,23,4.288783390639841,,3.64
escaped,escaped,1,escaped::a,a,12,4.288345814298639,,
effort,effort,1,effort::n,n,154,4.286591086732088,8.16,2.33
treatment,treatment,1,treatment::n,n,286,4.285711057085671,8.11,2.93
intelligence,intelligence,1,intelligence::n,n,135,4.284829240575801,8.56,2.24
ability,ability,1,ability::n,n,238,4.2835031495244085,8.84,1.81
fifth,fifth,1,fifth::n,n,50,4.283060217836955,5.3585,3.81
mouse,mouse,1,mouse::n,n,38,4.281283959811152,4.94,4.83
attempt,attempt,1,attempt::v,v,20,4.281283959811152,7.7,2.22
revenge,revenge,1,revenge::v,v,7,4.279500407070735,8.0,1.54
bravo,bravo,1,bravo::v,v,3,4.279053372052465,,1.86
motion,motion,1,motion::n,n,193,4.277709499452854,6.78,3.8
virus,virus,1,virus::n,n,124,4.276361455488253,9.5,3.48
forest,forest,1,forest::v,v,9,4.275911176047291,6.28,4.76
trained,trained,1,trained::a,a,187,4.275460429268994,,2.54
contest,contest,1,contest::n,n,36,4.273652749315124,7.44,3.52
arrive,arrive,1,arrive::v,v,17,4.271382516848555,6.26,3.22
league,league,1,league::v,v,6,4.270014659081874,8.45,3.46
coke,coke,1,coke::v,v,2,4.269100354571752,4.74,4.83
title,title,2,title::n;title::v,n;v,118,4.268642479482526,6.32,3.32
quality,quality,2,quality::a;quality::n,a;n,1030,4.268642479482526,8.78,2.18
steel,steel,1,steel::n,n,179,4.265885044937337,7.68,4.87
slave,slave,1,slave::v,v,8,4.265423765571716,7.84,4.38
standard,standard,1,standard::a,a,36,4.265423765571716,9.2,1.83
firing,firing,1,firing::n,n,48,4.2640369805235245,,3.64
pat,pat,1,pat::v,v,6,4.262181018374553,5.070761000000001,4.16
smooth,smooth,1,smooth::v,v,19,4.26171578589096,5.61,3.81
surface,surface,3,surface::a;surface::n;surface::v,a;n;v,621,4.260783823125802,8.86,4.26
role,role,1,role::n,n,111,4.260317090698395,6.65,2.19
device,device,1,device::n,n,321,4.258913876288957,8.06,3.97
reward,reward,1,reward::n,n,16,4.255621969490015,6.89,3.41
iron,iron,2,iron::n;iron::v,n;v,209,4.25372961581231,7.32,4.59
saint,saint,1,saint::n,n,53,4.253255236210908,7.489900000000001,3.45
express,express,1,express::r,r,4,4.253255236210908,8.8,2.21
specific,specific,1,specific::n,n,233,4.250398025366428,9.28,2.18
lack,lack,1,lack::n,n,239,4.248962339821273,8.28,2.04
ranch,ranch,1,ranch::v,v,4,4.244142151806585,7.35,4.73
designed,designed,1,designed::a,a,483,4.243657177460372,,2.93
tent,tent,1,tent::v,v,7,4.242685601033006,5.16,4.96
agreement,agreement,1,agreement::n,n,112,4.242685601033006,8.16,2.22
remains,remains,1,remains::n,n,88,4.241711846181335,7.873552000000001,3.46
term,term,1,term::v,v,6,4.241711846181335,8.28,2.82
connected,connected,1,connected::a,a,186,4.23730272727628,,2.68
mass,mass,3,mass::a;mass::n;mass::v,a;n;v,278,4.236810050556508,9.17,3.44
fully,fully,1,fully::r,r,97,4.236810050556508,,1.89
smiling,smiling,1,smiling::a,a,7,4.2353286580505625,,3.88
neighbor,neighbor,1,neighbor::v,v,5,4.228850249609274,5.06,4.64
searching,searching,1,searching::a,a,31,4.224814964067658,,2.73
bishop,bishop,1,bishop::n,n,78,4.224307906821613,10.5,4.21
goal,goal,1,goal::n,n,117,4.223800256872632,6.89,3.06
generous,generous,1,generous::a,a,25,4.222783173311983,7.22,2.25
average,average,2,average::a;average::v,a;v,28,4.221253067858752,8.9,2.4
gambling,gambling,1,gambling::n,n,51,4.219717552475167,9.22,3.54
admiral,admiral,1,admiral::n,n,41,4.219204505183484,8.72,4.11
alcohol,alcohol,1,alcohol::n,n,167,4.219204505183484,9.0,4.76
occasion,occasion,1,occasion::v,v,6,4.218690851094152,8.16,2.52
joined,joined,1,joined::a,a,75,4.21714623364411,,
shout,shout,1,shout::v,v,13,4.2161134282063415,4.72,4.17
judgment,judgment,1,judgment::n,n,115,4.2161134282063415,8.939252,1.68
tube,tube,2,tube::n;tube::v,n;v,158,4.21559610297316,5.5,4.82
mix,mix,1,mix::v,v,11,4.2135206176280615,5.11,3.82
commercial,commercial,2,commercial::a;commercial::n,a;n,198,4.210912234520534,6.17,3.24
behave,behave,1,behave::v,v,40,4.210388672694734,4.28,1.78
design,design,1,design::n,n,93,4.2093396516970065,10.05,3.27
perform,perform,1,perform::v,v,190,4.20670595968451,8.39,3.07
fence,fence,1,fence::v,v,4,4.205647994528176,6.28,4.82
greater,greater,1,greater::a,a,160,4.205647994528176,,2.35
powder,powder,1,powder::v,v,10,4.2051180439048785,5.06,4.76
normally,normally,1,normally::r,r,114,4.2051180439048785,7.202161000000001,1.83
advance,advance,2,advance::a;advance::n,a;n,44,4.203524300898321,8.35,2.57
sin,sin,1,sin::v,v,9,4.202458547033661,6.74,1.85
confess,confess,1,confess::v,v,6,4.199782663756732,7.11,2.57
clown,clown,1,clown::v,v,6,4.199245502919046,3.72,4.9
solution,solution,1,solution::n,n,167,4.199245502919046,9.0,2.61
forth,forth,1,forth::r,r,8,4.197630022512328,7.170190000000001,2.38
accepted,accepted,1,accepted::a,a,142,4.196008510428623,,2.28
satellite,satellite,1,satellite::v,v,4,4.1943809214584515,11.68,4.73
stress,stress,2,stress::n;stress::v,n;v,96,4.193292463540573,10.0,2.62
basic,basic,1,basic::n,n,313,4.19220127080093,9.14,2.26
patrol,patrol,1,patrol::v,v,6,4.1911073294620635,8.56,3.86
japan,japan,1,japan::v,v,5,4.190559323733954,7.330045,4.82
fort,fort,1,fort::v,v,7,4.188360359634015,6.477485000000001,4.72
hip,hip,1,hip::n,n,25,4.187808874503524,6.17,4.21
hood,hood,1,hood::v,v,3,4.187256688183868,5.5,4.88
patience,patience,1,patience::n,n,14,4.186703798889712,7.68,1.66
diet,diet,1,diet::v,v,5,4.186703798889712,9.25,3.21
earn,earn,1,earn::v,v,21,4.186150204828898,7.57,2.39
badge,badge,1,badge::v,v,3,4.183371599817025,6.11,4.93
financial,financial,1,financial::a,a,114,4.182813739134149,11.16,2.52
soap,soap,1,soap::v,v,9,4.181695863402648,3.17,4.93
unknown,unknown,1,unknown::n,n,60,4.18113584465077,8.11,1.47
rice,rice,1,rice::v,v,4,4.178324867316942,3.72,4.86
host,host,1,host::v,v,3,4.176629506093441,8.05,3.63
shark,shark,1,shark::v,v,5,4.1754955772980775,5.47,4.93
balance,balance,1,balance::v,v,9,4.1754955772980775,9.89,2.89
angle,angle,1,angle::v,v,7,4.173789113484061,8.05,3.5
degree,degree,1,degree::n,n,432,4.172647734425251,10.35,3.0
knocking,knocking,1,knocking::n,n,17,4.172647734425251,,4.29
movement,movement,1,movement::n,n,309,4.171503347776514,6.58,3.63
mud,mud,1,mud::v,v,13,4.170930021644533,4.05,4.86
influence,influence,2,influence::n;influence::v,n;v,143,4.169781093773648,10.32,2.11
tap,tap,1,tap::v,v,6,4.1686291183451605,5.84,4.29
product,product,1,product::n,n,209,4.1686291183451605,8.05,4.17
status,status,1,status::n,n,98,4.167474079148628,11.63,2.24
knee,knee,1,knee::n,n,79,4.16689540553616,4.42,5.0
escort,escort,1,escort::v,v,4,4.16689540553616,10.84,4.3
affairs,affairs,1,affairs::n,n,86,4.165735740008921,,
sample,sample,1,sample::v,v,3,4.163990414892753,7.21,3.79
relief,relief,1,relief::n,n,41,4.163990414892753,7.79,2.45
tax,tax,1,tax::v,v,5,4.162822955905035,8.94,3.89
deaf,deaf,1,deaf::v,v,7,4.162238047423487,6.83,3.27
port,port,1,port::n,n,349,4.162238047423487,9.32,4.41
habit,habit,1,habit::v,v,3,4.160478580539285,7.67,2.76
charged,charged,1,charged::a,a,118,4.159890503967501,,
benefit,benefit,1,benefit::v,v,5,4.156938116785588,9.17,2.25
liver,liver,1,liver::n,n,156,4.155157002264916,8.56,4.68
corn,corn,1,corn::v,v,4,4.152770762844554,4.61,4.96
international,international,1,international::n,n,122,4.152770762844554,8.67,2.82
debt,debt,1,debt::n,n,49,4.152770762844554,10.44,2.72
cotton,cotton,1,cotton::n,n,129,4.1515727083416065,6.0,4.97
towel,towel,1,towel::v,v,3,4.150972439438991,3.22,4.86
brush,brush,1,brush::v,v,5,4.150972439438991,3.78,4.54
self,self,1,self::a,a,6,4.150972439438991,5.0,3.1
costume,costume,1,costume::v,v,4,4.150371339714099,4.17,4.57
jet,jet,3,jet::a;jet::n;jet::v,a;n;v,22,4.150371339714099,5.39,4.77
bush,bush,1,bush::n,n,41,4.149769406863889,4.9,4.9
frame,frame,1,frame::v,v,4,4.149166638575728,7.67,4.3
washed,washed,1,washed::a,a,26,4.148563032527343,,4.0
rubber,rubber,1,rubber::v,v,8,4.1461401839455405,7.62,4.86
thick,thick,2,thick::a;thick::r,a;r,34,4.145532353920634,5.61,4.0
cave,cave,1,cave::v,v,4,4.145532353920634,6.74,4.96
theme,theme,1,theme::v,v,5,4.1437037428742265,8.5,2.72
tag,tag,1,tag::v,v,7,4.1424803773275265,5.0,4.25
oxygen,oxygen,1,oxygen::n,n,180,4.1424803773275265,8.63,3.66
religious,religious,2,religious::a;religious::n,a;n,274,4.141867399834229,7.84,2.5
commission,commission,1,commission::v,v,5,4.139406801286572,14.72,3.04
temperature,temperature,1,temperature::n,n,201,4.138789467164284,6.17,3.71
germany,germany,1,germany::n,n,247,4.136932182158716,,
crown,crown,1,crown::n,n,203,4.136311317890142,7.8,4.81
lawrence,lawrence,1,lawrence::n,n,18,4.135066920242469,,
cherry,cherry,1,cherry::n,n,18,4.133193612599315,5.58,4.62
leather,leather,1,leather::v,v,6,4.133193612599315,7.25,4.82
steam,steam,1,steam::v,v,7,4.1287908792040104,6.26,4.5
punishment,punishment,1,punishment::n,n,92,4.1281582578512115,5.47,2.46
gum,gum,1,gum::v,v,7,4.126890243864576,4.89,4.89
equal,equal,1,equal::n,n,744,4.126254845825993,6.47,2.56
possession,possession,1,possession::n,n,85,4.124981254057245,9.95,2.96
smaller,smaller,1,smaller::a,a,216,4.124981254057245,,2.46
western,western,1,western::a,a,14,4.124343054850696,6.67,2.8
digging,digging,1,digging::n,n,23,4.122422810829605,,3.93
stable,stable,1,stable::v,v,7,4.12049403867978,8.9,3.77
whip,whip,2,whip::n;whip::v,n;v,38,4.119203415198285,7.0,4.68
determined,determined,1,determined::a,a,119,4.119203415198285,,1.79
complex,complex,1,complex::n,n,145,4.117908944845286,11.21,1.96
stroke,stroke,1,stroke::n,n,43,4.116610604620005,9.24,4.1
accused,accused,1,accused::n,n,39,4.115959976061009,,2.93
temporary,temporary,1,temporary::n,n,131,4.115308371314761,8.84,2.27
blade,blade,1,blade::n,n,106,4.114002221512477,6.72,4.93
superior,superior,2,superior::a;superior::n,a;n,89,4.114002221512477,9.84,2.03
blanket,blanket,1,blanket::v,v,3,4.113347670549233,3.61,5.0
clerk,clerk,1,clerk::v,v,5,4.11071955673847,6.74,4.28
activity,activity,1,activity::n,n,358,4.110060035758416,6.47,2.72
resist,resist,1,resist::v,v,37,4.110060035758416,9.28,2.78
exhausted,exhausted,1,exhausted::a,a,32,4.10873798152012,,2.87
comment,comment,1,comment::v,v,9,4.108075442136243,8.84,3.29
expression,expression,1,expression::n,n,253,4.10608173787638,6.94,2.54
beloved,beloved,1,beloved::n,n,8,4.10608173787638,9.94,2.14
chamber,chamber,1,chamber::v,v,3,4.105415130712652,9.3,4.59
task,task,1,task::v,v,18,4.104747498787315,7.89,2.84
effects,effects,1,effects::n,n,193,4.104747498787315,,2.83
capital,capital,1,capital::n,n,803,4.1040788389448295,8.1,4.1
chin,chin,1,chin::v,v,12,4.103409148015054,4.22,4.89
conditions,conditions,1,conditions::n,n,214,4.103409148015054,,
string,string,1,string::v,v,5,4.10273842281316,4.94,4.76
empire,empire,1,empire::n,n,67,4.10273842281316,8.44,3.0
edgar,edgar,1,edgar::n,n,13,4.10273842281316,,
pump,pump,1,pump::v,v,8,4.102066660139544,6.06,4.31
developed,developed,1,developed::a,a,401,4.102066660139544,,
beard,beard,1,beard::v,v,8,4.100720009504272,4.84,4.96
related,related,1,related::a,a,657,4.100720009504272,,2.56
pole,pole,1,pole::v,v,3,4.100045115068682,5.63,4.66
typical,typical,1,typical::a,a,141,4.100045115068682,8.62,1.52
entertainment,entertainment,1,entertainment::n,n,67,4.098692171663277,7.39,2.92
hammer,hammer,1,hammer::v,v,4,4.09597357447981,5.42,4.77
acts,acts,1,acts::n,n,160,4.09597357447981,,3.29
rear,rear,1,rear::a,a,13,4.0946078674364355,6.89,3.59
covering,covering,1,covering::n,n,190,4.0946078674364355,,3.46
toss,toss,1,toss::v,v,10,4.093237852161815,4.11,3.96
russia,russia,1,russia::n,n,238,4.091863501388595,,
purple,purple,1,purple::v,v,4,4.091174691598042,3.6,4.04
excitement,excitement,1,excitement::n,n,52,4.0904847875897286,7.2,2.48
development,development,1,development::n,n,335,4.08840847535489,8.63,2.41
attached,attached,1,attached::a,a,270,4.087018731826884,,3.23
behalf,behalf,1,behalf::n,n,31,4.08492574232104,9.19502,1.52
discussion,discussion,1,discussion::n,n,57,4.084225831642714,7.4,3.07
permit,permit,1,permit::v,v,8,4.082822617233276,9.47,3.43
terrorist,terrorist,1,terrorist::n,n,87,4.082822617233276,12.76,3.64
upper,upper,1,upper::a,a,23,4.0821193061777015,7.56,3.37
dull,dull,1,dull::v,v,11,4.0821193061777015,8.05,2.37
july,july,1,july::n,n,14,4.0821193061777015,,2.93
discover,discover,1,discover::v,v,45,4.080709257919876,7.61,2.37
kansas,kansas,1,kansas::n,n,21,4.080709257919876,,
combination,combination,1,combination::n,n,173,4.078585564290021,8.42,2.86
precisely,precisely,1,precisely::r,r,23,4.078585564290021,,2.3
log,log,1,log::v,v,5,4.077875352387014,6.74,4.96
basis,basis,1,basis::n,n,224,4.077163977155227,11.05,1.83
jazz,jazz,1,jazz::v,v,4,4.0764514347773355,8.5,3.9
ruby,ruby,1,ruby::n,n,9,4.075737721417195,6.829166000000001,4.77
rocket,rocket,1,rocket::v,v,7,4.073589516796929,5.63,4.73
cloud,cloud,1,cloud::n,n,50,4.069985392528103,3.63,4.54
threatening,threatening,1,threatening::a,a,38,4.069985392528103,,2.37
individual,individual,1,individual::n,n,206,4.067808473273829,7.7,3.52
engineer,engineer,1,engineer::v,v,3,4.067808473273829,9.89,4.64
industry,industry,1,industry::n,n,100,4.067808473273829,10.44,3.29
serving,serving,1,serving::n,n,290,4.067808473273829,,3.32
shelter,shelter,1,shelter::v,v,6,4.067080401884697,9.21,4.64
carpet,carpet,1,carpet::v,v,5,4.066351107873009,6.05,4.96
southern,southern,1,southern::a,a,1076,4.0648888355087225,7.56,2.62
appearance,appearance,1,appearance::n,n,264,4.0641558488673795,8.83,2.57
hockey,hockey,1,hockey::n,n,39,4.061949436931561,5.44,4.31
waitress,waitress,1,waitress::v,v,5,4.061949436931561,7.22,4.56
veronica,veronica,1,veronica::n,n,4,4.061211468220598,,
electricity,electricity,1,electricity::n,n,131,4.05899000822664,6.6,3.9
pillow,pillow,1,pillow::v,v,3,4.0567571267943485,3.47,5.0
elephant,elephant,1,elephant::n,n,31,4.05601027453479,4.8,5.0
photograph,photograph,1,photograph::n,n,45,4.055262135707397,6.68,4.89
heal,heal,1,heal::v,v,6,4.054512705871896,7.47,3.03
gin,gin,1,gin::n,n,22,4.052256625567672,12.06,4.46
straighten,straighten,1,straighten::v,v,5,4.049230170937484,7.63,3.72
boot,boot,1,boot::v,v,4,4.046946408539531,3.89,4.96
bitter,bitter,1,bitter::v,v,7,4.046946408539531,8.81,2.93
annoying,annoying,1,annoying::n,n,23,4.046182477855479,6.52,2.31
nest,nest,1,nest::v,v,4,4.045417201037367,5.11,4.86
conduct,conduct,1,conduct::n,n,102,4.045417201037367,8.58,2.08
function,function,1,function::n,n,220,4.044650573332731,9.1,1.92
wisdom,wisdom,1,wisdom::n,n,50,4.044650573332731,9.61,1.53
jewelry,jewelry,1,jewelry::n,n,66,4.043882589963898,6.67,4.82
produce,produce,2,produce::n;produce::v,n;v,254,4.043882589963898,7.75,3.31
analysis,analysis,1,analysis::n,n,103,4.0431132461278025,11.32,2.56
nelson,nelson,1,nelson::n,n,10,4.0431132461278025,,
shed,shed,1,shed::a,a,5,4.0407970034006215,7.33,4.55
lick,lick,1,lick::n,n,6,4.04002216915066,4.3,4.52
extreme,extreme,1,extreme::a,a,53,4.0392459500308835,9.47,1.96
sixth,sixth,1,sixth::a,a,11,4.033773219873659,5.3585,3.83
canada,canada,1,canada::n,n,206,4.032985740996245,,
tool,tool,1,tool::n,n,58,4.031406486594552,5.37,4.6
facing,facing,1,facing::n,n,71,4.031406486594552,,3.46
tissue,tissue,1,tissue::n,n,282,4.0306147006288295,4.76,4.93
marked,marked,1,marked::a,a,635,4.0306147006288295,,3.88
lamb,lamb,1,lamb::v,v,3,4.026633971733307,4.15,4.97
require,require,1,require::v,v,35,4.026633971733307,8.67,2.07
privilege,privilege,1,privilege::v,v,3,4.026633971733307,9.24,1.93
drawn,drawn,1,drawn::a,a,144,4.026633971733307,,2.79
separated,separated,1,separated::a,a,121,4.02503140725103,,
payment,payment,1,payment::n,n,126,4.023422907331199,8.67,3.91
detroit,detroit,1,detroit::n,n,13,4.023422907331199,,
tested,tested,1,tested::a,a,36,4.022616417810849,,3.0
effective,effective,1,effective::a,a,99,4.021808427844015,10.83,2.04
lecture,lecture,1,lecture::v,v,4,4.020187924165688,9.5,3.79
parole,parole,1,parole::v,v,5,4.019375399173017,11.47,2.66
plug,plug,1,plug::v,v,11,4.017745774439508,6.05,4.64
communication,communication,1,communication::n,n,130,4.015289814179646,8.47,2.9
wrist,wrist,1,wrist::n,n,52,4.014468064678272,5.94,4.93
worthy,worthy,2,worthy::a;worthy::n,a;n,40,4.014468064678272,10.28,2.0
spots,spots,1,spots::n,n,118,4.014468064678272,,
skipper,skipper,1,skipper::v,v,4,4.011165429128186,,4.39
tense,tense,2,tense::n;tense::v,n;v,31,4.010335831011734,9.35,2.35
august,august,1,august::n,n,12,4.008671865443985,5.6462390000000005,3.04
injury,injury,1,injury::n,n,162,4.008671865443985,7.56,4.0
intense,intense,1,intense::a,a,163,4.008671865443985,9.67,2.41
structure,structure,2,structure::n;structure::v,n;v,377,4.007837485779259,9.45,4.03
organized,organized,1,organized::a,a,175,4.007837485779259,,2.63
dynamite,dynamite,1,dynamite::v,v,3,4.004483843771672,7.11,4.68
sober,sober,1,sober::v,v,4,4.004483843771672,10.84,2.86
branch,branch,2,branch::n;branch::v,n;v,621,4.003641371185651,5.11,4.9
worn,worn,1,worn::a,a,501,4.003641371185651,,3.68
budget,budget,1,budget::v,v,6,4.002797261139736,10.05,3.14
deserved,deserved,1,deserved::a,a,15,4.002797261139736,,1.38
bucket,bucket,1,bucket::v,v,3,4.001104103120291,5.61,4.96
experienced,experienced,1,experienced::a,a,51,4.000255042279173,,1.5
warehouse,warehouse,1,warehouse::v,v,3,3.999404318242396,8.58,4.69
acid,acid,2,acid::a;acid::n,a;n,234,3.9985519244812187,9.6,4.25
october,october,1,october::n,n,17,3.996842101477796,,2.81
scum,scum,1,scum::v,v,3,3.995984658984259,9.83,3.9
pencil,pencil,1,pencil::v,v,5,3.9942646785899854,4.06,4.88
causing,causing,1,causing::n,n,444,3.9934021272003872,,1.55
core,core,1,core::v,v,5,3.992537859289479,7.63,3.96
dummy,dummy,1,dummy::v,v,4,3.991671868011706,5.17,3.96
columbo,columbo,1,columbo::n,n,9,3.991671868011706,,
dock,dock,1,dock::v,v,5,3.9890634849041775,8.22,4.64
bald,bald,1,bald::v,v,6,3.988190530877792,7.26,4.69
blank,blank,1,blank::n,n,18,3.9873158186346576,6.05,3.12
atmosphere,atmosphere,1,atmosphere::n,n,129,3.985561091068107,9.79,3.04
connect,connect,1,connect::v,v,33,3.98468106142169,7.58,2.88
autopsy,autopsy,1,autopsy::v,v,6,3.9820302221729738,11.71,4.29
mill,mill,1,mill::n,n,31,3.9793631033590944,8.17,4.72
sweep,sweep,1,sweep::v,v,4,3.9784704114067533,4.2,3.72
delicate,delicate,1,delicate::a,a,118,3.9784704114067533,8.2,2.3
scale,scale,2,scale::n;scale::v,n;v,88,3.9784704114067533,8.85,4.39
previous,previous,1,previous::a,a,61,3.9775758807467234,8.44,2.52
chart,chart,1,chart::v,v,3,3.9766795037888722,7.59,4.48
investigate,investigate,1,investigate::v,v,9,3.9766795037888722,9.0,2.27
scheduled,scheduled,1,scheduled::a,a,22,3.9766795037888722,,
aircraft,aircraft,1,aircraft::n,n,208,3.975781272895972,7.61,4.4
arrangement,arrangement,1,arrangement::n,n,122,3.975781272895972,9.89,2.3
physics,physics,1,physics::n,n,190,3.975781272895972,11.68,3.07
independent,independent,1,independent::n,n,194,3.9712620387565787,9.28,2.04
height,height,1,height::n,n,90,3.970352521184574,5.42,3.86
error,error,1,error::n,n,74,3.967612483818545,6.21,2.68
web,web,1,web::v,v,6,3.964855049273356,5.37,4.37
hint,hint,1,hint::v,v,4,3.9639320000801774,5.95,2.33
grey,grey,1,grey::v,v,4,3.9639320000801774,,4.11
closely,closely,1,closely::r,r,269,3.9630069848595433,,2.46
snack,snack,1,snack::v,v,5,3.961151022710572,2.78,4.36
phrase,phrase,1,phrase::n,n,76,3.959287095034414,8.44,2.86
penalty,penalty,1,penalty::n,n,33,3.959287095034414,8.89,2.86
outer,outer,1,outer::a,a,165,3.958352122699341,7.32,3.74
chew,chew,1,chew::v,v,11,3.957415133162413,4.05,3.93
wax,wax,1,wax::v,v,8,3.9564761177005856,6.0,4.97
coffin,coffin,1,coffin::v,v,3,3.9564761177005856,7.79,4.86
kindness,kindness,1,kindness::n,n,16,3.955535067534108,6.26,1.74
certificate,certificate,1,certificate::v,v,3,3.9536468276817214,8.42,4.59
recognized,recognized,1,recognized::a,a,116,3.9536468276817214,,
breast,breast,1,breast::v,v,4,3.952699620148329,6.6,4.89
broadcast,broadcast,1,broadcast::v,v,12,3.952699620148329,9.3,3.46
barbecue,barbecue,1,barbecue::v,v,6,3.95175034221431,7.83,4.52
fluid,fluid,1,fluid::n,n,167,3.95175034221431,7.94,4.73
various,various,1,various::a,a,1095,3.95175034221431,9.58,2.35
motorcycle,motorcycle,1,motorcycle::v,v,5,3.9507989848088947,5.05,4.97
noah,noah,1,noah::n,n,20,3.9507989848088947,,
auction,auction,1,auction::v,v,5,3.9498455388015725,10.67,3.93
oven,oven,1,oven::n,n,34,3.948889995001564,5.67,4.97
doris,doris,1,doris::n,n,7,3.948889995001564,,
dial,dial,1,dial::v,v,5,3.9479323441572918,6.68,4.52
lipstick,lipstick,1,lipstick::v,v,4,3.9450466559198034,5.42,4.9
pepper,pepper,1,pepper::v,v,3,3.9450466559198034,5.47,4.59
protest,protest,1,protest::v,v,7,3.944080483147783,9.11,3.21
proposal,proposal,1,proposal::n,n,23,3.944080483147783,11.05,2.75
cease,cease,1,cease::n,n,5,3.941169000856602,9.26,2.39
shrimp,shrimp,1,shrimp::v,v,4,3.9401941531253915,7.11,4.8
cannon,cannon,1,cannon::v,v,3,3.9401941531253915,7.9,4.79
conflict,conflict,1,conflict::v,v,8,3.9401941531253915,9.58,2.21
chemistry,chemistry,1,chemistry::n,n,158,3.9382378683675294,9.94,3.64
tin,tin,2,tin::n;tin::v,n;v,54,3.9372564114935518,6.79,4.87
throne,throne,1,throne::v,v,5,3.9372564114935518,7.28,4.64
pimp,pimp,1,pimp::n,n,11,3.9362727316122985,12.78,4.18
symbol,symbol,1,symbol::n,n,68,3.934298662386581,7.26,3.11
tension,tension,1,tension::n,n,68,3.932315579114882,9.72,2.6
display,display,1,display::n,n,89,3.9313206314130458,7.72,3.86
scar,scar,1,scar::v,v,7,3.9283220384978255,5.68,4.74
compete,compete,1,compete::v,v,22,3.9283220384978255,6.94,2.57
values,values,1,values::n,n,120,3.9283220384978255,,
rolled,rolled,1,rolled::a,a,48,3.9283220384978255,,3.64
nickel,nickel,2,nickel::n;nickel::v,n;v,50,3.9273178889593723,5.75,4.79
resistance,resistance,1,resistance::n,n,124,3.9273178889593723,10.0,2.68
chased,chased,1,chased::n,n,3,3.9273178889593723,,
dizzy,dizzy,1,dizzy::v,v,5,3.9263114123051914,5.5,2.59
australia,australia,1,australia::n,n,220,3.9263114123051914,,
recorded,recorded,1,recorded::a,a,72,3.9253025977240465,,
determine,determine,1,determine::v,v,175,3.9242914343291844,8.89,2.13
sequence,sequence,2,sequence::n;sequence::v,n;v,109,3.9242914343291844,10.28,3.1
alibi,alibi,1,alibi::v,v,5,3.9222620171694835,12.5,2.57
judges,judges,1,judges::n,n,32,3.9222620171694835,,
cane,cane,1,cane::v,v,5,3.921243741247179,5.74,4.87
cabinet,cabinet,1,cabinet::n,n,34,3.921243741247179,6.06,4.89
indicate,indicate,1,indicate::v,v,160,3.921243741247179,9.74,2.39
plague,plague,1,plague::n,n,25,3.9202230721947715,9.26,3.41
formal,formal,2,formal::a;formal::n,a;n,158,3.9202230721947715,10.5,2.7
prior,prior,1,prior::n,n,106,3.918174509519502,10.63,2.45
native,native,1,native::n,n,931,3.917146593106134,9.2,3.03
harmony,harmony,1,harmony::n,n,49,3.9150834325423602,8.79,2.46
yacht,yacht,1,yacht::v,v,3,3.9150834325423602,10.06,4.97
genuine,genuine,1,genuine::a,a,24,3.9140481651107555,9.06,2.03
larger,larger,1,larger::a,a,205,3.9140481651107555,,
established,established,1,established::a,a,299,3.9109274727712027,,1.97
eastern,eastern,1,eastern::a,a,1252,3.909882238856553,8.61,3.11
capacity,capacity,1,capacity::n,n,171,3.908834483265359,9.83,3.1
enterprise,enterprise,1,enterprise::n,n,39,3.908834483265359,12.89,2.04
reaching,reaching,1,reaching::n,n,36,3.907784193800861,,3.5
hose,hose,2,hose::n;hose::v,n;v,16,3.9067313581775944,5.33,4.87
ankle,ankle,1,ankle::n,n,44,3.9046179988641954,4.89,4.81
pale,pale,1,pale::v,v,7,3.9046179988641954,6.95,3.79
recover,recover,1,recover::v,v,23,3.9046179988641954,7.56,2.64
disgrace,disgrace,1,disgrace::n,n,10,3.9046179988641954,8.22,2.11
pod,pod,1,pod::v,v,4,3.9035574501518018,7.95,4.63
depression,depression,1,depression::n,n,106,3.90142855136968,10.71,2.39
author,author,1,author::v,v,2,3.900360175721654,7.1,4.26
skill,skill,1,skill::n,n,113,3.8992891653591286,6.8,2.17
accurate,accurate,1,accurate::a,a,38,3.894978514764642,9.44,1.9
saddle,saddle,1,saddle::v,v,5,3.8938941334724224,6.42,4.85
rack,rack,1,rack::v,v,4,3.891717214218148,6.26,4.48
relative,relative,1,relative::n,n,129,3.891717214218148,6.47,2.97
addition,addition,1,addition::n,n,90,3.8895293280699725,5.763466,2.89
liquid,liquid,2,liquid::a;liquid::n,a;n,487,3.8895293280699725,5.83,4.72
aspirin,aspirin,1,aspirin::n,n,26,3.8895293280699725,7.95,4.76
gratitude,gratitude,1,gratitude::n,n,24,3.8895293280699725,8.26,2.56
principle,principle,1,principle::n,n,136,3.8895293280699725,9.68,1.7
shaft,shaft,1,shaft::v,v,3,3.887330363970034,10.17,4.71
completed,completed,1,completed::a,a,56,3.885120209164917,,
cuba,cuba,1,cuba::n,n,28,3.885120209164917,,
importance,importance,1,importance::n,n,152,3.8840108995403266,6.8,1.75
passage,passage,1,passage::n,n,171,3.8840108995403266,8.11,3.8
spoon,spoon,1,spoon::v,v,6,3.8817837434701676,2.5,4.96
belief,belief,1,belief::n,n,163,3.8817837434701676,7.3,1.19
seed,seed,1,seed::v,v,5,3.8795451071633713,4.72,4.71
communist,communist,1,communist::n,n,59,3.8795451071633713,13.22,3.5
accomplished,accomplished,1,accomplished::a,a,28,3.8772948716529605,,1.7
chili,chili,1,chili::n,n,11,3.8750329161130828,6.61,4.79
shepherd,shepherd,1,shepherd::v,v,5,3.87161773876127,6.67,4.67
receipt,receipt,1,receipt::v,v,3,3.87161773876127,8.53,4.86
heel,heel,1,heel::n,n,52,3.8693259419816854,7.85,4.86
logical,logical,1,logical::a,a,59,3.8693259419816854,9.83,2.11
prescription,prescription,1,prescription::a,a,6,3.868175492350253,9.22,4.0
sucking,sucking,1,sucking::n,n,42,3.868175492350253,,3.83
olive,olive,1,olive::a,a,11,3.867021987072121,6.68,4.9
lobster,lobster,1,lobster::n,n,20,3.8658654098721787,7.44,4.86
refer,refer,1,refer::v,v,71,3.8658654098721787,9.18,2.41
ideal,ideal,1,ideal::a,a,12,3.8658654098721787,9.5,1.37
casual,casual,1,casual::a,a,29,3.86470574434494,9.83,2.03
suspended,suspended,1,suspended::a,a,93,3.86470574434494,,2.28
armor,armor,1,armor::v,v,4,3.8635429739531473,7.17,4.76
illness,illness,1,illness::n,n,94,3.8623770820263577,7.0,3.54
distress,distress,1,distress::v,v,12,3.8623770820263577,11.16,2.66
organ,organ,1,organ::n,n,212,3.861208051759506,8.72,4.77
substance,substance,1,substance::n,n,577,3.8541270066009345,9.68,3.44
moses,moses,1,moses::n,n,26,3.8541270066009345,,
jelly,jelly,2,jelly::n;jelly::v,n;v,37,3.852935525793516,4.11,4.93
calendar,calendar,1,calendar::v,v,4,3.852935525793516,5.89,4.62
northern,northern,1,northern::n,n,1110,3.8517407671805723,7.95,3.13
harsh,harsh,1,harsh::a,a,54,3.8517407671805723,10.38,2.23
cooler,cooler,1,cooler::n,n,20,3.849341344050118,6.11,4.14
herd,herd,1,herd::v,v,6,3.849341344050118,7.74,4.11
expose,expose,1,expose::v,v,24,3.849341344050118,10.68,3.46
apollo,apollo,1,apollo::n,n,25,3.849341344050118,,
pursuit,pursuit,1,pursuit::n,n,32,3.848136642911747,10.44,2.92
length,length,1,length::n,n,263,3.8469285907227793,6.05,4.07
narrow,narrow,2,narrow::n;narrow::v,n;v,405,3.8469285907227793,7.57,3.04
compromise,compromise,1,compromise::v,v,4,3.8469285907227793,9.1,1.8
automatic,automatic,1,automatic::n,n,42,3.844502358256653,9.0,2.82
satisfaction,satisfaction,1,satisfaction::n,n,45,3.843284140117335,9.53,1.9
grease,grease,1,grease::v,v,4,3.842062495199554,7.33,4.61
elements,elements,1,elements::n,n,213,3.8396088475322827,,
opposed,opposed,1,opposed::a,a,178,3.8396088475322827,,2.14
label,label,1,label::v,v,6,3.838376805622591,6.1,4.46
razor,razor,2,razor::n;razor::v,n;v,13,3.838376805622591,7.11,4.9
domestic,domestic,1,domestic::n,n,142,3.838376805622591,10.55,2.57
eighth,eighth,1,eighth::a,a,11,3.837141258610284,6.051205000000001,3.62
electronic,electronic,1,electronic::a,a,102,3.837141258610284,7.3,3.3
slick,slick,2,slick::a;slick::v,a;v,5,3.837141258610284,9.3,3.69
clamp,clamp,1,clamp::v,v,4,3.837141258610284,10.89,4.53
bean,bean,1,bean::n,n,44,3.8359021864947356,3.42,5.0
mug,mug,1,mug::n,n,15,3.8359021864947356,5.15,4.8
shovel,shovel,1,shovel::v,v,3,3.8359021864947356,6.28,4.97
conscious,conscious,1,conscious::a,a,29,3.833413386091041,10.7,2.03
nickname,nickname,1,nickname::v,v,4,3.8321636169353335,6.5,2.97
anxiety,anxiety,1,anxiety::n,n,122,3.8309102409372366,8.17,2.21
traveled,traveled,1,traveled::a,a,33,3.8283925847159903,,2.54
sponge,sponge,1,sponge::v,v,10,3.8271282621872302,5.0,5.0
feast,feast,1,feast::v,v,5,3.8271282621872302,7.81,4.3
covenant,covenant,1,covenant::v,v,3,3.825860248200595,11.3,2.69
circuit,circuit,1,circuit::v,v,5,3.824588521136958,11.78,3.83
element,element,1,element::n,n,181,3.822033840347542,10.5,3.63
bicycle,bicycle,1,bicycle::v,v,6,3.8207508424221146,4.26,4.89
copper,copper,1,copper::v,v,4,3.8194640430157984,7.95,4.52
gown,gown,1,gown::v,v,3,3.816878949181305,6.16,4.61
consideration,consideration,1,consideration::n,n,61,3.816878949181305,9.5,1.86
marching,marching,1,marching::n,n,26,3.816878949181305,,
pronounce,pronounce,1,pronounce::v,v,27,3.812972225848496,8.42,2.63
riot,riot,1,riot::v,v,6,3.812972225848496,9.95,4.45
growth,growth,1,growth::n,n,243,3.8103480820223474,6.7,2.89
ginger,ginger,1,ginger::v,v,4,3.807707985856139,8.05,4.92
stern,stern,1,stern::a,a,11,3.807707985856139,9.47,2.86
extend,extend,1,extend::v,v,80,3.807707985856139,9.89,2.93
canal,canal,1,canal::v,v,6,3.806381894804746,7.61,4.68
hay,hay,1,hay::v,v,4,3.805051742212399,5.32,4.87
purchase,purchase,1,purchase::v,v,11,3.805051742212399,8.11,2.96
roots,roots,1,roots::n,n,382,3.805051742212399,,
wealth,wealth,1,wealth::n,n,71,3.8037175031233343,8.76,2.63
companion,companion,1,companion::v,v,5,3.8023791523510724,9.58,3.75
diving,diving,1,diving::n,n,31,3.7996900138402907,,4.13
liking,liking,1,liking::n,n,21,3.798339174549332,,1.92
straw,straw,2,straw::a;straw::v,a;v,8,3.7956248252016414,4.22,4.77
meter,meter,1,meter::v,v,4,3.7942612621288925,8.56,4.7
crib,crib,1,crib::v,v,3,3.7928934043622116,6.05,4.86
carolina,carolina,1,carolina::n,n,13,3.7928934043622116,,
distinguished,distinguished,1,distinguished::a,a,207,3.791521224762864,10.78,2.14
definite,definite,1,definite::a,a,54,3.7901446959340603,8.44,2.07
applied,applied,1,applied::a,a,172,3.7901446959340603,,1.96
elbow,elbow,1,elbow::n,n,33,3.7887637902176747,4.78,5.0
rendezvous,rendezvous,1,rendezvous::v,v,3,3.7873784796909087,11.79,2.75
unpleasant,unpleasant,1,unpleasant::a,a,119,3.7859887361629028,9.32,1.91
contain,contain,1,contain::v,v,79,3.7845945311712974,7.88,2.74
comb,comb,1,comb::v,v,7,3.7831958359787325,5.5,5.0
elk,elk,1,elk::n,n,17,3.7789725176216464,7.05,4.93
carpenter,carpenter,1,carpenter::v,v,3,3.7789725176216464,7.393987000000001,4.41
brake,brake,1,brake::v,v,4,3.77755556862604,5.95,4.44
spaghetti,spaghetti,1,spaghetti::n,n,9,3.773276770646765,4.33,5.0
rib,rib,1,rib::n,n,19,3.7718410851016104,6.3,4.9
shallow,shallow,2,shallow::n;shallow::v,n;v,117,3.7718410851016104,7.0,3.45
organs,organs,1,organs::n,n,230,3.7718410851016104,,
glue,glue,1,glue::v,v,6,3.7704006377383035,4.67,4.65
poke,poke,1,poke::v,v,5,3.7675053304688895,4.95,4.22
feature,feature,1,feature::v,v,5,3.7675053304688895,7.0,2.96
sour,sour,1,sour::v,v,7,3.766050406220715,4.89,3.14
variety,variety,1,variety::n,n,527,3.761656158122623,7.89,2.13
tsk,tsk,1,tsk::v,v,8,3.761656158122623,,
dam,dam,1,dam::v,v,4,3.760181472556617,6.58,4.88
consistent,consistent,1,consistent::a,a,32,3.760181472556617,10.0,2.21
facial,facial,1,facial::n,n,23,3.760181472556617,10.28,3.62
sticky,sticky,1,sticky::a,a,85,3.7587017624985695,4.06,3.59
automobile,automobile,1,automobile::v,v,3,3.7572169935928783,7.11,4.96
exposure,exposure,1,exposure::n,n,124,3.7572169935928783,10.44,2.39
era,era,1,era::n,n,36,3.7572169935928783,11.14,2.24
resume,resume,1,resume::v,v,4,3.7557271311303673,13.47,4.0
scoop,scoop,2,scoop::n;scoop::v,n;v,9,3.754232140043416,5.14,4.15
pressing,pressing,1,pressing::n,n,23,3.754232140043416,,2.78
orbit,orbit,1,orbit::v,v,5,3.7527319849010077,7.95,3.93
adjust,adjust,1,adjust::v,v,26,3.751226629903691,8.43,2.93
suction,suction,1,suction::v,v,7,3.751226629903691,9.42,3.96
essence,essence,1,essence::n,n,19,3.751226629903691,11.9,1.66
farther,farther,1,farther::r,r,11,3.751226629903691,,2.7
oak,oak,1,oak::n,n,45,3.7497160388784523,7.35,4.82
scope,scope,1,scope::n,n,70,3.7497160388784523,9.83,3.74
republic,republic,1,republic::n,n,354,3.7497160388784523,10.83,2.81
developing,developing,1,developing::n,n,78,3.7497160388784523,,
difficulty,difficulty,1,difficulty::n,n,111,3.748200175273503,6.83,1.9
defeated,defeated,1,defeated::n,n,268,3.74667900215297,,2.59
transportation,transportation,1,transportation::n,n,46,3.7451524821914974,8.11,3.89
moose,moose,1,moose::n,n,18,3.74362057766875,5.22,4.97
constitution,constitution,1,constitution::n,n,63,3.74362057766875,9.05,3.23
butterfly,butterfly,1,butterfly::v,v,4,3.7420832504638213,3.67,4.93
barber,barber,1,barber::v,v,7,3.738992173486679,6.68,4.59
waltz,waltz,1,waltz::v,v,4,3.738992173486679,10.37,4.52
jasmine,jasmine,1,jasmine::n,n,10,3.7374383454180573,10.26,4.55
leopard,leopard,1,leopard::n,n,14,3.7343139112089085,6.84,5.0
vow,vow,1,vow::v,v,4,3.7343139112089085,9.32,2.42
tango,tango,1,tango::v,v,3,3.7311668359747228,10.67,4.1
florence,florence,1,florence::n,n,13,3.7311668359747228,,
helm,helm,1,helm::v,v,3,3.729584704964848,10.90014,3.88
ambition,ambition,1,ambition::v,v,2,3.729584704964848,11.29,1.74
erica,erica,1,erica::n,n,4,3.729584704964848,,
choir,choir,1,choir::v,v,4,3.7264030461786586,6.53,4.34
corrupt,corrupt,1,corrupt::v,v,15,3.7264030461786586,11.5,2.03
asia,asia,1,asia::n,n,678,3.7248034330188657,,
einstein,einstein,1,einstein::n,n,16,3.7231979063034473,,
sole,sole,1,sole::v,v,6,3.721586422146868,7.06,4.11
text,text,1,text::v,v,14,3.719968936173249,7.78,4.93
carbon,carbon,1,carbon::n,n,140,3.719968936173249,10.55,4.22
shoo,shoo,1,shoo::v,v,5,3.719968936173249,,
marble,marble,1,marble::v,v,7,3.7183454035090353,7.05,4.85
allowance,allowance,1,allowance::v,v,7,3.716715778775527,6.95,3.07
boogie,boogie,1,boogie::v,v,4,3.716715778775527,9.72,3.23
videotape,videotape,1,videotape::v,v,3,3.715080016081268,9.37,4.92
abraham,abraham,1,abraham::n,n,17,3.715080016081268,,
strap,strap,1,strap::v,v,6,3.713438069014291,5.61,4.79
banquet,banquet,1,banquet::v,v,5,3.713438069014291,8.35,4.0
buddha,buddha,1,buddha::n,n,7,3.713438069014291,,
jade,jade,2,jade::a;jade::n,a;n,10,3.7068074901152777,10.17,4.38
reserved,reserved,1,reserved::a,a,35,3.705133906225712,,2.04
buckle,buckle,1,buckle::v,v,4,3.70345384810769,6.42,4.71
camel,camel,1,camel::n,n,19,3.7017672654757545,5.11,4.93
region,region,1,region::n,n,614,3.7017672654757545,9.14,3.19
flavor,flavor,1,flavor::v,v,11,3.7000741074563095,6.3,3.55
visible,visible,1,visible::a,a,127,3.696667858764398,8.05,3.08
par,par,1,par::v,v,11,3.696667858764398,10.16,2.26
columbus,columbus,1,columbus::n,n,11,3.696667858764398,,
sketch,sketch,1,sketch::v,v,5,3.694954663320278,9.0,4.56
humming,humming,1,humming::n,n,7,3.693234682926004,,4.17
venus,venus,1,venus::n,n,20,3.689774150816498,8.5556,4.54
sensation,sensation,1,sensation::n,n,93,3.689774150816498,9.17,2.87
numb,numb,1,numb::v,v,5,3.689774150816498,9.26,3.1
columbia,columbia,1,columbia::n,n,21,3.689774150816498,,
ciao,ciao,1,ciao::n,n,11,3.689774150816498,,
crop,crop,1,crop::n,n,73,3.6880334892401962,7.63,4.24
separation,separation,1,separation::n,n,51,3.6880334892401962,8.89,2.96
partial,partial,1,partial::n,n,68,3.6862858229706763,9.68,2.31
suitable,suitable,1,suitable::a,a,234,3.6862858229706763,9.78,1.93
pension,pension,1,pension::v,v,5,3.6862858229706763,13.28,3.89
fabric,fabric,1,fabric::n,n,235,3.682769249247839,6.68,4.63
reply,reply,1,reply::n,n,29,3.682769249247839,7.74,2.96
broom,broom,2,broom::n;broom::v,n;v,28,3.679223968483189,5.5,4.89
quarterback,quarterback,2,quarterback::n;quarterback::v,n;v,7,3.679223968483189,7.63,4.61
estimate,estimate,1,estimate::v,v,19,3.679223968483189,8.78,2.65
voodoo,voodoo,1,voodoo::v,v,3,3.679223968483189,10.53,2.59
violin,violin,1,violin::n,n,42,3.677440415742772,7.45,4.96
formed,formed,1,formed::a,a,649,3.6756495081248914,,3.04
raft,raft,1,raft::v,v,3,3.6738511847193283,7.35,5.0
bunker,bunker,1,bunker::v,v,4,3.672045383856066,9.5,4.79
limb,limb,1,limb::n,n,45,3.6702320430925974,7.16,4.64
verse,verse,1,verse::v,v,7,3.6702320430925974,8.17,3.19
tutor,tutor,1,tutor::v,v,4,3.6647461451145666,8.65,4.28
coconut,coconut,1,coconut::n,n,14,3.662902004416196,6.5,4.79
cement,cement,2,cement::n;cement::v,n;v,21,3.662902004416196,6.89,4.97
heroic,heroic,1,heroic::n,n,27,3.662902004416196,8.2,1.85
curfew,curfew,1,curfew::n,n,4,3.662902004416196,10.26,2.73
phenomenon,phenomenon,1,phenomenon::n,n,54,3.662902004416196,11.94,2.26
supporting,supporting,1,supporting::n,n,73,3.662902004416196,,2.52
flee,flee,1,flee::v,v,21,3.661049999554603,8.33,3.67
garrison,garrison,1,garrison::v,v,5,3.661049999554603,14.88,
spear,spear,1,spear::v,v,5,3.659190063170479,7.22,5.0
britain,britain,1,britain::n,n,96,3.659190063170479,,
protein,protein,1,protein::n,n,131,3.6554461220366044,10.39,3.66
growling,growling,1,growling::n,n,8,3.6554461220366044,,3.82
grill,grill,2,grill::n;grill::v,n;v,12,3.649768989144914,6.53,4.86
divided,divided,1,divided::a,a,266,3.649768989144914,,3.27
inconvenience,inconvenience,1,inconvenience::v,v,8,3.647859999337583,9.37,1.73
grudge,grudge,1,grudge::v,v,5,3.647859999337583,10.42,2.14
supernatural,supernatural,1,supernatural::n,n,49,3.6459425812918607,11.11,2.04
missouri,missouri,1,missouri::n,n,31,3.6459425812918607,,
lowest,lowest,2,lowest::a;lowest::r,a;r,11,3.6459425812918607,,
parallel,parallel,1,parallel::v,v,7,3.6440166602558226,9.95,3.16
imaginary,imaginary,1,imaginary::n,n,85,3.6401390051926206,6.47,1.74
ax,ax,1,ax::v,v,6,3.6381871165950987,6.317630000000001,4.9
immune,immune,1,immune::n,n,24,3.6381871165950987,12.32,2.43
organic,organic,1,organic::n,n,205,3.6362264158295705,13.68,2.68
container,container,1,container::n,n,156,3.634256822966666,6.5,4.85
tackle,tackle,1,tackle::n,n,8,3.634256822966666,9.3,4.28
linked,linked,1,linked::a,a,50,3.634256822966666,,3.36
gap,gap,1,gap::v,v,3,3.6322782569845784,8.22,3.92
pasta,pasta,1,pasta::n,n,43,3.6282938759929895,5.78,4.86
canvas,canvas,1,canvas::v,v,3,3.6282938759929895,8.15,4.78
betrayal,betrayal,1,betrayal::n,n,8,3.6282938759929895,9.78,1.76
visa,visa,1,visa::v,v,4,3.6282938759929895,12.17,4.38
shampoo,shampoo,1,shampoo::v,v,3,3.626287893295391,5.39,4.68
petition,petition,1,petition::v,v,6,3.626287893295391,11.06,4.12
padre,padre,1,padre::n,n,8,3.626287893295391,11.39,4.6
represented,represented,1,represented::a,a,109,3.622247915493651,,
extended,extended,1,extended::a,a,88,3.622247915493651,,2.34
tenth,tenth,1,tenth::a,a,11,3.6202137455831975,5.411785000000001,3.07
batch,batch,1,batch::v,v,3,3.6202137455831975,6.74,3.8
groove,groove,2,groove::n;groove::v,n;v,29,3.6202137455831975,8.39,3.79
locking,locking,1,locking::n,n,15,3.6202137455831975,,3.48
saigon,saigon,1,saigon::n,n,6,3.6202137455831975,,
mop,mop,1,mop::v,v,8,3.618170003073211,5.11,4.97
oregon,oregon,1,oregon::n,n,40,3.618170003073211,,
trumpet,trumpet,1,trumpet::v,v,4,3.6161165974421525,6.28,4.86
relation,relation,1,relation::n,n,204,3.6161165974421525,8.11,2.11
occupation,occupation,1,occupation::n,n,93,3.6161165974421525,10.89,3.68
crate,crate,1,crate::v,v,5,3.614053436878379,7.06,4.93
delilah,delilah,1,delilah::n,n,8,3.614053436878379,,
extent,extent,1,extent::n,n,212,3.6098974771072214,10.72,1.44
northwest,northwest,2,northwest::a;northwest::r,a;r,7,3.603588003200214,8.22,3.59
charleston,charleston,1,charleston::v,v,3,3.603588003200214,,
vanilla,vanilla,1,vanilla::n,n,31,3.6014643095703587,4.8,4.68
formation,formation,1,formation::n,n,173,3.6014643095703587,9.67,3.23
splitting,splitting,1,splitting::a,a,30,3.6014643095703587,,3.33
ale,ale,1,ale::n,n,29,3.599330180057673,10.16,4.65
spitting,spitting,1,spitting::n,n,8,3.599330180057673,,4.18
dislike,dislike,1,dislike::v,v,6,3.595030199564949,5.42,1.7
erotic,erotic,1,erotic::n,n,14,3.595030199564949,12.63,2.26
bundle,bundle,1,bundle::v,v,4,3.592864137808441,7.06,4.22
microwave,microwave,1,microwave::n,n,26,3.592864137808441,7.67,4.34
addiction,addiction,1,addiction::n,n,28,3.592864137808441,12.11,2.85
hunted,hunted,1,hunted::a,a,9,3.5906872185541667,,
dye,dye,1,dye::v,v,12,3.5884993324059913,7.56,4.58
aspect,aspect,1,aspect::n,n,65,3.5884993324059913,10.35,1.82
beacon,beacon,1,beacon::v,v,4,3.5884993324059913,11.37,4.38
boxer,boxer,1,boxer::n,n,26,3.586300368306053,7.95,4.63
hare,hare,1,hare::v,v,5,3.584090213500936,6.78,4.88
crusade,crusade,1,crusade::v,v,12,3.5818687535069778,10.45,2.78
scenery,scenery,1,scenery::n,n,30,3.579635872074686,9.7,3.38
rival,rival,1,rival::a,a,5,3.579635872074686,10.0,3.03
paddle,paddle,1,paddle::v,v,4,3.5751353708480096,6.58,4.8
catcher,catcher,1,catcher::n,n,14,3.5751353708480096,7.63,4.44
grind,grind,1,grind::v,v,12,3.5728675093921876,8.37,3.97
layer,layer,1,layer::v,v,13,3.5705877430972888,8.28,3.52
mink,mink,1,mink::n,n,4,3.5705877430972888,10.32,4.58
jamaica,jamaica,1,jamaica::n,n,21,3.5705877430972888,,
arch,arch,1,arch::v,v,5,3.568295946317704,8.26,4.59
devices,devices,1,devices::n,n,71,3.568295946317704,,
continent,continent,1,continent::n,n,43,3.56599199140814,8.35,4.34
overhead,overhead,1,overhead::n,n,34,3.56599199140814,9.138014999999998,3.6
backpack,backpack,1,backpack::v,v,3,3.563675748680959,5.38,4.96
loft,loft,1,loft::v,v,3,3.563675748680959,11.05,4.32
broker,broker,1,broker::v,v,3,3.5613470863623764,10.94,4.03
stated,stated,1,stated::a,a,51,3.5590058705474736,,2.7
chalk,chalk,1,chalk::v,v,5,3.5566519651539963,4.47,4.9
lasagna,lasagna,1,lasagna::n,n,8,3.5566519651539963,5.0,4.89
referee,referee,1,referee::v,v,7,3.5566519651539963,7.61,4.43
bulletin,bulletin,1,bulletin::v,v,3,3.5566519651539963,10.28,4.72
aged,aged,1,aged::a,a,12,3.5566519651539963,,3.14
canoe,canoe,1,canoe::v,v,4,3.554285231874889,6.63,4.86
decoy,decoy,1,decoy::v,v,4,3.554285231874889,9.44,4.34
cinch,cinch,1,cinch::v,v,5,3.554285231874889,10.72,3.07
mist,mist,1,mist::v,v,6,3.5519055301295346,6.95,4.51
indication,indication,1,indication::n,n,28,3.5519055301295346,12.0,1.97
ensign,ensign,1,ensign::n,n,8,3.5519055301295346,13.575047000000001,
shaped,shaped,1,shaped::a,a,446,3.5519055301295346,,2.56
select,select,1,select::v,v,15,3.5495127170136445,8.0,2.48
countryside,countryside,1,countryside::n,n,6,3.5495127170136445,8.0,4.48
declaration,declaration,1,declaration::n,n,29,3.5495127170136445,11.4,2.52
perception,perception,1,perception::n,n,60,3.5495127170136445,11.53,2.0
beads,beads,1,beads::n,n,25,3.5495127170136445,,
stool,stool,1,stool::v,v,4,3.547106647247766,6.21,4.9
alligator,alligator,1,alligator::v,v,9,3.544687173124353,4.78,4.96
recess,recess,1,recess::v,v,3,3.544687173124353,6.33,3.07
sap,sap,1,sap::n,n,82,3.544687173124353,7.53,4.37
significance,significance,1,significance::n,n,48,3.544687173124353,10.11,1.68
sung,sung,1,sung::n,n,37,3.544687173124353,,3.08
baking,baking,1,baking::n,n,39,3.542254144453354,,4.1
knuckles,knuckles,1,knuckles::n,n,17,3.5398074085062667,5.348451000000001,4.87
lava,lava,1,lava::n,n,20,3.5398074085062667,6.44,4.82
mixing,mixing,1,mixing::n,n,44,3.5398074085062667,,
ph,ph,1,ph::n,n,36,3.5398074085062667,,
singapore,singapore,1,singapore::n,n,11,3.5398074085062667,,
southwest,southwest,2,southwest::a;southwest::r,a;r,6,3.53734680995861,8.89,3.25
glance,glance,1,glance::v,v,7,3.53734680995861,9.22,3.48
keg,keg,1,keg::n,n,10,3.53734680995861,13.41,4.75
taiwan,taiwan,1,taiwan::n,n,22,3.53734680995861,,
deceive,deceive,1,deceive::v,v,44,3.5348721908307543,8.68,1.68
sigh,sigh,1,sigh::v,v,8,3.53238339042706,7.39,3.89
terrace,terrace,1,terrace::v,v,5,3.53238339042706,9.89,4.67
jacks,jacks,1,jacks::n,n,10,3.53238339042706,,
reindeer,reindeer,1,reindeer::n,n,25,3.5298802452732554,3.58,4.7
beatrice,beatrice,1,beatrice::n,n,5,3.5298802452732554,,
wallpaper,wallpaper,1,wallpaper::v,v,3,3.527362589052009,6.55,4.62
cautious,cautious,1,cautious::n,n,10,3.527362589052009,8.25,1.81
glimpse,glimpse,1,glimpse::v,v,5,3.527362589052009,9.24,3.08
employ,employ,1,employ::v,v,11,3.527362589052009,11.41,2.41
notch,notch,1,notch::v,v,4,3.5248302525366135,8.47,4.23
norm,norm,1,norm::n,n,33,3.5248302525366135,9.84,2.11
summit,summit,1,summit::v,v,4,3.5248302525366135,10.11,4.21
oatmeal,oatmeal,1,oatmeal::n,n,9,3.522283063522734,4.5,4.93
inclined,inclined,1,inclined::a,a,90,3.522283063522734,10.63,2.64
southeast,southeast,2,southeast::a;southeast::r,a;r,6,3.5171434238703227,8.63,3.8
deciding,deciding,1,deciding::a,a,6,3.5171434238703227,,
crust,crust,1,crust::v,v,4,3.514550613292043,5.95,4.59
maple,maple,1,maple::n,n,53,3.511942230184515,5.94,4.46
pitcher,pitcher,1,pitcher::n,n,54,3.511942230184515,6.42,4.93
slate,slate,1,slate::n,n,15,3.511942230184515,9.25,4.58
irresistible,irresistible,1,irresistible::a,a,13,3.511942230184515,10.16,2.0
rouge,rouge,1,rouge::v,v,3,3.511942230184515,12.33,3.77
nobel,nobel,1,nobel::n,n,12,3.511942230184515,,
northeast,northeast,2,northeast::a;northeast::r,a;r,7,3.509318086358366,7.47,3.83
valid,valid,1,valid::a,a,33,3.509318086358366,8.94,2.27
prejudice,prejudice,1,prejudice::v,v,3,3.506677990192158,9.67,2.22
injustice,injustice,1,injustice::n,n,10,3.506677990192158,10.89,1.4
brigade,brigade,1,brigade::v,v,4,3.506677990192158,11.58,4.3
parachute,parachute,1,parachute::v,v,8,3.5040217465484176,7.0,4.78
filter,filter,1,filter::v,v,6,3.5040217465484176,8.05,4.59
casket,casket,1,casket::v,v,3,3.5040217465484176,8.26,4.86
flour,flour,1,flour::v,v,5,3.501349156687091,6.89,4.97
crisp,crisp,2,crisp::n;crisp::v,n;v,51,3.501349156687091,7.22,3.69
raving,raving,1,raving::r,r,3,3.501349156687091,,2.48
tar,tar,1,tar::v,v,5,3.4986600181763094,7.22,4.78
deception,deception,1,deception::n,n,39,3.4986600181763094,10.0,1.86
dispute,dispute,1,dispute::n,n,32,3.4986600181763094,12.05,2.9
hera,hera,1,hera::n,n,16,3.4986600181763094,,
sculpture,sculpture,1,sculpture::n,n,30,3.495954124800385,7.47,4.79
transition,transition,1,transition::v,v,6,3.495954124800385,10.39,2.19
bosom,bosom,1,bosom::v,v,3,3.495954124800385,12.5,4.63
disconnected,disconnected,1,disconnected::a,a,20,3.495954124800385,,2.79
tying,tying,1,tying::n,n,24,3.4932312664649112,,3.55
tucked,tucked,1,tucked::a,a,3,3.4932312664649112,,
distribution,distribution,1,distribution::n,n,175,3.4904912290988825,11.0,3.33
squire,squire,1,squire::v,v,4,3.4904912290988825,11.0,4.16
twilight,twilight,1,twilight::a,a,6,3.4877337945536935,10.0,4.11
needy,needy,1,needy::n,n,5,3.4849587404989215,7.32,2.28
bacteria,bacteria,1,bacteria::n,n,330,3.4849587404989215,9.28,4.14
flaw,flaw,1,flaw::v,v,6,3.4849587404989215,9.78,2.86
tenant,tenant,1,tenant::v,v,3,3.4849587404989215,10.33,4.55
distinct,distinct,1,distinct::a,a,111,3.4849587404989215,10.5,2.11
infrared,infrared,1,infrared::n,n,14,3.4849587404989215,13.11,3.34
solomon,solomon,1,solomon::n,n,24,3.4849587404989215,,
unite,unite,1,unite::v,v,31,3.4821658403147513,7.89,2.58
recite,recite,1,recite::v,v,13,3.479354862980923,8.16,3.93
mellow,mellow,2,mellow::r;mellow::v,r;v,4,3.479354862980923,8.85,1.96
beatles,beatles,1,beatles::n,n,16,3.479354862980923,,
rake,rake,1,rake::v,v,4,3.4765255729620588,5.32,4.84
cuckoo,cuckoo,1,cuckoo::v,v,6,3.4736777300892325,6.61,4.42
shrine,shrine,1,shrine::v,v,4,3.4736777300892325,9.63,4.47
veil,veil,1,veil::v,v,5,3.4736777300892325,9.69,4.45
confined,confined,1,confined::a,a,71,3.4736777300892325,,3.14
warfare,warfare,1,warfare::n,n,55,3.470811089437629,8.95,3.03
resolution,resolution,1,resolution::n,n,25,3.470811089437629,11.21,2.37
sled,sled,1,sled::v,v,4,3.4679254012001413,4.89,5.0
outlaw,outlaw,1,outlaw::v,v,7,3.4679254012001413,6.33,3.61
canary,canary,1,canary::a,a,7,3.4679254012001413,7.32,4.63
catalog,catalog,1,catalog::v,v,4,3.4679254012001413,8.55,4.68
aloha,aloha,1,aloha::n,n,11,3.4679254012001413,10.15,2.59
cabbage,cabbage,1,cabbage::n,n,26,3.465020410556734,5.78,4.75
superficial,superficial,1,superficial::a,a,62,3.465020410556734,12.83,1.85
necessity,necessity,1,necessity::n,n,19,3.4620958575394174,9.53,2.08
snoring,snoring,1,snoring::n,n,12,3.4620958575394174,,4.18
sicily,sicily,1,sicily::n,n,21,3.456186997928897,,
zipper,zipper,1,zipper::v,v,6,3.4532021443794347,5.0,4.83
cricket,cricket,1,cricket::v,v,4,3.4532021443794347,7.72,4.77
mystical,mystical,1,mystical::a,a,16,3.4532021443794347,10.21,2.07
measured,measured,1,measured::a,a,133,3.4532021443794347,,3.4
barrels,barrels,1,barrels::n,n,14,3.4532021443794347,,
cramp,cramp,1,cramp::v,v,3,3.4501966342397097,8.5,4.09
maneuver,maneuver,1,maneuver::n,n,20,3.4501966342397097,9.89,3.03
bronze,bronze,2,bronze::a;bronze::v,a;v,5,3.4501966342397097,10.0,4.47
accusation,accusation,1,accusation::n,n,29,3.4501966342397097,10.17,2.38
dairy,dairy,1,dairy::n,n,20,3.4471701796095218,6.85,4.45
determination,determination,1,determination::n,n,62,3.4471701796095218,8.94,1.7
psychopath,psychopath,1,psychopath::n,n,9,3.4471701796095218,13.22,3.46
functioning,functioning,1,functioning::n,n,50,3.4471701796095218,,
monopoly,monopoly,1,monopoly::n,n,21,3.444122486527516,6.74,2.69
slime,slime,1,slime::v,v,4,3.444122486527516,6.78,4.48
squid,squid,1,squid::n,n,10,3.444122486527516,7.32,4.71
idle,idle,1,idle::v,v,20,3.444122486527516,8.9,2.79
squirt,squirt,1,squirt::v,v,4,3.44105325479984,6.53,3.93
followers,followers,1,followers::n,n,18,3.44105325479984,,
starter,starter,1,starter::n,n,15,3.437962177822698,7.35,3.38
torment,torment,1,torment::v,v,8,3.437962177822698,8.61,2.62
imitation,imitation,1,imitation::a,a,18,3.437962177822698,9.0,2.83
leverage,leverage,1,leverage::v,v,3,3.437962177822698,11.67,2.6
valium,valium,1,valium::n,n,17,3.437962177822698,13.67,4.85
assign,assign,1,assign::v,v,55,3.434848942398555,8.56,2.86
furnace,furnace,1,furnace::n,n,36,3.434848942398555,10.6,4.69
pinched,pinched,1,pinched::a,a,5,3.434848942398555,,3.45
hoop,hoop,1,hoop::v,v,4,3.4317132285456964,6.11,4.74
opposing,opposing,1,opposing::a,a,93,3.4317132285456964,8.06,2.34
handicapped,handicapped,1,handicapped::n,n,13,3.4285547093008666,7.37,3.66
misfortune,misfortune,1,misfortune::n,n,35,3.4285547093008666,10.53,2.07
firmly,firmly,1,firmly::r,r,69,3.4285547093008666,,2.33
shush,shush,1,shush::v,v,3,3.4253730505146773,5.752809000000001,3.52
roach,roach,1,roach::v,v,4,3.4253730505146773,7.15,4.96
saliva,saliva,1,saliva::n,n,44,3.4253730505146773,8.42,4.89
cognac,cognac,1,cognac::n,n,11,3.4253730505146773,14.16,4.54
excellence,excellence,1,excellence::n,n,37,3.422167910639466,8.24,2.2
awe,awe,1,awe::v,v,9,3.422167910639466,9.06,1.89
harness,harness,1,harness::v,v,6,3.4189389405092676,7.83,4.14
reborn,reborn,1,reborn::a,a,4,3.4189389405092676,10.39,2.14
headline,headline,1,headline::v,v,5,3.4156857831115457,8.11,4.04
mineral,mineral,1,mineral::n,n,223,3.4156857831115457,8.67,4.41
persistent,persistent,1,persistent::a,a,89,3.4156857831115457,10.89,2.23
martyr,martyr,1,martyr::v,v,5,3.4156857831115457,13.0,3.07
heated,heated,1,heated::a,a,97,3.4156857831115457,,
ninja,ninja,1,ninja::n,n,10,3.41240807335031,8.89,4.28
bulletproof,bulletproof,1,bulletproof::v,v,3,3.4091054378002243,9.42,3.89
capsule,capsule,1,capsule::v,v,7,3.4091054378002243,10.44,4.52
irregular,irregular,1,irregular::n,n,85,3.405777494451297,9.16,2.43
mambo,mambo,1,mambo::v,v,3,3.405777494451297,11.21,
lacking,lacking,1,lacking::a,a,665,3.405777494451297,,
dread,dread,1,dread::a,a,17,3.4024238524437087,9.44,1.86
rust,rust,1,rust::a,a,16,3.3990441117923282,7.75,4.52
refresh,refresh,1,refresh::v,v,5,3.3990441117923282,10.83,2.63
intensity,intensity,1,intensity::n,n,129,3.3990441117923282,11.26,2.14
buff,buff,1,buff::a,a,7,3.3990441117923282,11.74,3.73
mixture,mixture,1,mixture::n,n,169,3.3956378631004167,8.11,3.79
mutiny,mutiny,1,mutiny::v,v,4,3.3956378631004167,10.59,2.24
encore,encore,1,encore::v,v,4,3.3956378631004167,10.84,2.81
regulation,regulation,1,regulation::a,a,4,3.3956378631004167,11.06,2.0
patent,patent,1,patent::v,v,3,3.3956378631004167,12.41,3.32
suture,suture,1,suture::v,v,3,3.3956378631004167,14.61,4.15
steep,steep,1,steep::n,n,41,3.392204687262023,8.0,3.76
rim,rim,1,rim::v,v,4,3.392204687262023,8.05,4.62
penicillin,penicillin,1,penicillin::n,n,47,3.392204687262023,9.56,4.43
hypothetical,hypothetical,1,hypothetical::n,n,66,3.392204687262023,13.24,1.3
polka,polka,2,polka::n;polka::v,n;v,4,3.3887441551525166,7.56,3.47
gong,gong,1,gong::v,v,3,3.3887441551525166,9.6213,4.7
hoax,hoax,1,hoax::v,v,11,3.385255827306695,11.47,2.67
formerly,formerly,1,formerly::r,r,662,3.385255827306695,,1.9
grammar,grammar,1,grammar::n,n,36,3.381739253583858,6.37,3.19
edison,edison,1,edison::n,n,8,3.381739253583858,,
swab,swab,1,swab::v,v,5,3.3781939728192083,8.94,4.34
franchise,franchise,1,franchise::v,v,3,3.3781939728192083,12.58,3.07
kenya,kenya,1,kenya::n,n,38,3.3781939728192083,,
communicating,communicating,1,communicating::n,n,29,3.3781939728192083,,3.42
curl,curl,1,curl::v,v,11,3.37461951246091,6.39,4.38
lasting,lasting,1,lasting::a,a,61,3.37461951246091,8.17,2.3
duel,duel,1,duel::v,v,5,3.37461951246091,9.45,3.79
hurrah,hurrah,1,hurrah::v,v,3,3.37461951246091,9.461445,3.07
jeremiah,jeremiah,1,jeremiah::n,n,9,3.37461951246091,,
corral,corral,1,corral::v,v,3,3.3710153881920846,8.25,4.54
appearing,appearing,1,appearing::n,n,70,3.3710153881920846,,
spade,spade,1,spade::v,v,3,3.3673811035369905,8.11,4.46
cowardly,cowardly,1,cowardly::a,a,10,3.3673811035369905,8.84,1.96
retail,retail,1,retail::v,v,4,3.3673811035369905,10.5,2.92
sling,sling,1,sling::v,v,3,3.3637161494505854,8.67,4.52
mortar,mortar,1,mortar::v,v,4,3.3637161494505854,11.9,4.48
drilling,drilling,1,drilling::n,n,18,3.3637161494505854,,4.14
chant,chant,1,chant::v,v,7,3.3600200038906216,6.88,4.0
repeatedly,repeatedly,1,repeatedly::r,r,56,3.3600200038906216,,2.48
comfy,comfy,1,comfy::a,a,7,3.3562921313713785,6.06,3.08
aluminum,aluminum,1,aluminum::n,n,76,3.3562921313713785,7.26,4.88
desired,desired,1,desired::a,a,87,3.3562921313713785,,1.93
withdrawn,withdrawn,1,withdrawn::a,a,22,3.3562921313713785,,2.19
stem,stem,1,stem::n,n,165,3.3525319824980717,7.26,4.63
opium,opium,1,opium::n,n,22,3.3525319824980717,12.41,4.56
midway,midway,1,midway::n,n,56,3.3487389934809326,9.463998999999998,3.2
subpoena,subpoena,1,subpoena::v,v,4,3.3487389934809326,14.27,3.46
aroused,aroused,1,aroused::a,a,35,3.3487389934809326,,
textbook,textbook,1,textbook::a,a,7,3.34491258562788,7.58,4.86
rabies,rabies,1,rabies::n,n,19,3.34491258562788,8.22,3.83
warmed,warmed,1,warmed::a,a,11,3.34491258562788,,2.86
noose,noose,1,noose::v,v,3,3.3410521648146414,8.28,4.52
abstract,abstract,2,abstract::n;abstract::v,n;v,53,3.3410521648146414,11.47,1.45
carmine,carmine,1,carmine::v,v,3,3.3410521648146414,15.62,
brushing,brushing,1,brushing::n,n,8,3.3410521648146414,,3.81
tee,tee,1,tee::v,v,3,3.3371571209311175,8.21,4.59
mantle,mantle,1,mantle::v,v,5,3.3371571209311175,9.17,4.57
orchid,orchid,1,orchid::n,n,168,3.3371571209311175,9.76,4.92
hock,hock,1,hock::n,n,11,3.3371571209311175,11.87,3.29
mushroom,mushroom,1,mushroom::n,n,74,3.333226827302685,6.44,4.83
exhaust,exhaust,1,exhaust::v,v,10,3.333226827302685,9.19,2.96
compensation,compensation,1,compensation::n,n,42,3.333226827302685,11.8,3.25
naming,naming,1,naming::n,n,18,3.333226827302685,,2.23
hauling,hauling,1,hauling::n,n,9,3.333226827302685,,
waffle,waffle,1,waffle::n,n,5,3.3292606400850837,5.32,4.71
bodily,bodily,1,bodily::r,r,2,3.3292606400850837,8.17,2.69
doodle,doodle,1,doodle::v,v,5,3.3252578976314098,8.14,4.21
detour,detour,1,detour::v,v,3,3.3252578976314098,9.11,3.66
index,index,1,index::v,v,4,3.3212179198296696,7.89,3.43
commotion,commotion,1,commotion::n,n,15,3.3212179198296696,9.62,2.71
manure,manure,1,manure::v,v,5,3.3212179198296696,10.1,4.64
grinding,grinding,1,grinding::n,n,36,3.3212179198296696,,4.1
primarily,primarily,1,primarily::r,r,238,3.3171400074092303,9.932601,1.86
belonging,belonging,1,belonging::n,n,351,3.3171400074092303,,1.92
bale,bale,1,bale::v,v,3,3.3130234412143977,8.2,4.3
unmarried,unmarried,1,unmarried::a,a,22,3.3130234412143977,9.0,2.82
organism,organism,1,organism::n,n,208,3.3130234412143977,10.61,4.16
clapping,clapping,1,clapping::n,n,8,3.3130234412143977,,4.32
gandhi,gandhi,1,gandhi::n,n,6,3.3130234412143977,,
chariot,chariot,1,chariot::v,v,3,3.30886748144324,9.11,4.86
snuff,snuff,1,snuff::a,a,8,3.304671366849632,11.79,4.04
syndicate,syndicate,1,syndicate::v,v,3,3.304671366849632,15.42,2.33
transmitted,transmitted,1,transmitted::a,a,224,3.304671366849632,,
walnut,walnut,1,walnut::n,n,18,3.2961555159271025,6.16,4.97
arctic,arctic,1,arctic::a,a,3,3.2961555159271025,7.79,3.0
ridicule,ridicule,1,ridicule::v,v,14,3.2961555159271025,11.85,2.07
plutonium,plutonium,1,plutonium::n,n,39,3.2961555159271025,13.68,4.3
winding,winding,1,winding::n,n,13,3.2961555159271025,,3.63
chaperone,chaperone,1,chaperone::v,v,4,3.2961555159271025,,4.28
puddle,puddle,1,puddle::v,v,5,3.29183414214446,5.37,4.67
octopus,octopus,1,octopus::n,n,4,3.29183414214446,6.26,5.0
apprentice,apprentice,1,apprentice::v,v,4,3.29183414214446,10.58,3.67
syringe,syringe,1,syringe::v,v,5,3.29183414214446,10.63,4.81
desirable,desirable,1,desirable::a,a,36,3.29183414214446,11.0,1.92
concentrated,concentrated,1,concentrated::a,a,30,3.29183414214446,,2.38
indiana,indiana,1,indiana::n,n,14,3.29183414214446,,
dart,dart,1,dart::v,v,10,3.28746933674201,7.38,4.9
latch,latch,1,latch::v,v,3,3.28746933674201,8.0,4.79
existing,existing,1,existing::a,a,128,3.28746933674201,8.65,2.0
mistletoe,mistletoe,1,mistletoe::n,n,25,3.28746933674201,9.65,4.85
decree,decree,1,decree::v,v,12,3.28746933674201,11.32,2.68
continuous,continuous,1,continuous::a,a,124,3.28746933674201,11.39,2.11
understudy,understudy,1,understudy::v,v,4,3.28746933674201,12.12,3.47
compulsive,compulsive,1,compulsive::n,n,13,3.28746933674201,12.79,1.93
syphilis,syphilis,1,syphilis::n,n,32,3.28746933674201,14.67,3.93
muck,muck,1,muck::v,v,6,3.2830602178369546,8.0,3.77
snag,snag,1,snag::v,v,3,3.2830602178369546,9.75,3.62
shag,shag,1,shag::v,v,3,3.2830602178369546,10.53,3.15
composed,composed,1,composed::a,a,233,3.2830602178369546,,2.57
carton,carton,1,carton::n,n,7,3.2786058764107047,7.0,5.0
plow,plow,2,plow::n;plow::v,n;v,29,3.2786058764107047,7.11,4.46
interruption,interruption,1,interruption::n,n,45,3.2786058764107047,7.95,2.75
bonnet,bonnet,1,bonnet::v,v,3,3.2741053751840283,6.83,4.93
quantity,quantity,1,quantity::n,n,289,3.2741053751840283,11.11,2.97
arranging,arranging,1,arranging::n,n,12,3.2741053751840283,,
plainly,plainly,1,plainly::r,r,10,3.2741053751840283,,2.31
pulitzer,pulitzer,1,pulitzer::n,n,7,3.2741053751840283,,
sod,sod,1,sod::v,v,3,3.2695577474333075,10.82,4.62
adolescent,adolescent,1,adolescent::a,a,4,3.2695577474333075,11.05,3.48
delaware,delaware,1,delaware::n,n,17,3.2695577474333075,,
putty,putty,1,putty::v,v,5,3.2649619957441587,7.72,4.48
pulp,pulp,1,pulp::v,v,4,3.2649619957441587,9.63,4.3
capricorn,capricorn,1,capricorn::n,n,10,3.2649619957441587,10.808682999999998,3.17
keyboard,keyboard,1,keyboard::n,n,36,3.260317090698395,9.32,4.93
transparent,transparent,1,transparent::a,a,106,3.260317090698395,10.67,3.18
heed,heed,1,heed::v,v,9,3.260317090698395,11.05,1.93
slain,slain,2,slain::a;slain::n,a;n,16,3.260317090698395,,3.43
cheddar,cheddar,1,cheddar::n,n,10,3.255621969490015,7.138219000000001,4.46
spiral,spiral,1,spiral::v,v,12,3.255621969490015,8.89,4.18
nashville,nashville,1,nashville::n,n,11,3.255621969490015,,
charcoal,charcoal,1,charcoal::v,v,7,3.2508755344655533,8.0,4.85
fascination,fascination,1,fascination::n,n,5,3.2508755344655533,8.63,1.89
publication,publication,1,publication::n,n,68,3.2508755344655533,10.89,4.41
dung,dung,1,dung::v,v,4,3.2508755344655533,11.05,4.64
rounding,rounding,1,rounding::n,n,11,3.2508755344655533,,3.18
wad,wad,1,wad::v,v,3,3.2460766515837847,8.78,3.93
blindfold,blindfold,1,blindfold::a,a,4,3.2412241487893727,8.11,4.57
bugle,bugle,1,bugle::v,v,3,3.2412241487893727,8.88,4.84
evaluate,evaluate,1,evaluate::v,v,23,3.2412241487893727,9.11,1.85
investing,investing,1,investing::n,n,16,3.2412241487893727,,
jig,jig,1,jig::n,n,6,3.2363168142946286,8.7,3.85
omen,omen,1,omen::v,v,10,3.2363168142946286,12.05,2.69
wisteria,wisteria,1,wisteria::n,n,10,3.2363168142946286,,
vinegar,vinegar,1,vinegar::n,n,50,3.2313533947630786,7.11,4.89
sturdy,sturdy,1,sturdy::a,a,32,3.2313533947630786,7.5,2.86
buckaroo,buckaroo,1,buckaroo::n,n,12,3.2313533947630786,9.06,
saxophone,saxophone,1,saxophone::n,n,13,3.2313533947630786,9.1,5.0
entity,entity,1,entity::n,n,63,3.2313533947630786,9.5,2.68
lard,lard,1,lard::v,v,4,3.2313533947630786,9.74,4.88
canopy,canopy,1,canopy::v,v,3,3.2313533947630786,9.82,4.52
jive,jive,1,jive::v,v,4,3.2313533947630786,10.33,2.54
esteem,esteem,1,esteem::n,n,18,3.2313533947630786,10.55,1.83
invading,invading,1,invading::a,a,21,3.2313533947630786,,
casserole,casserole,1,casserole::n,n,7,3.226332593388028,7.32,4.87
fringe,fringe,1,fringe::v,v,3,3.226332593388028,9.61,3.38
territorial,territorial,1,territorial::n,n,16,3.226332593388028,10.11,2.71
wholesale,wholesale,1,wholesale::r,r,2,3.226332593388028,11.7,3.07
regent,regent,1,regent::a,a,5,3.226332593388028,15.951558,
bethlehem,bethlehem,1,bethlehem::n,n,22,3.226332593388028,,
flapping,flapping,1,flapping::n,n,13,3.226332593388028,,
angelica,angelica,1,angelica::n,n,10,3.226332593388028,,
financing,financing,1,financing::n,n,9,3.226332593388028,,
disqualified,disqualified,1,disqualified::a,a,5,3.226332593388028,,
eskimo,eskimo,1,eskimo::n,n,18,3.2212530678587528,7.116905000000001,4.89
malt,malt,2,malt::n;malt::v,n;v,31,3.2212530678587528,9.18,4.57
texture,texture,1,texture::n,n,86,3.2212530678587528,9.35,3.83
potassium,potassium,1,potassium::n,n,71,3.2212530678587528,11.89,4.23
gel,gel,1,gel::v,v,3,3.2161134282063415,7.21,4.72
hymn,hymn,1,hymn::v,v,3,3.2161134282063415,7.5,4.04
rounded,rounded,1,rounded::a,a,213,3.2161134282063415,,3.5
courting,courting,1,courting::n,n,11,3.2161134282063415,,
farming,farming,1,farming::a,a,5,3.2109122345205336,5.37,3.46
wallow,wallow,1,wallow::n,n,4,3.2109122345205336,9.26,3.11
administrative,administrative,1,administrative::a,a,70,3.2109122345205336,11.5,2.14
masquerade,masquerade,1,masquerade::v,v,3,3.2109122345205336,11.83,3.35
lac,lac,1,lac::n,n,14,3.2109122345205336,,
yarn,yarn,1,yarn::v,v,4,3.2056479945281766,6.61,4.93
mathematical,mathematical,1,mathematical::a,a,60,3.2056479945281766,8.22,2.9
muzzle,muzzle,1,muzzle::v,v,4,3.2056479945281766,8.44,4.59
frail,frail,1,frail::n,n,5,3.2056479945281766,9.64,2.55
accordance,accordance,1,accordance::n,n,44,3.2056479945281766,11.7527,1.54
axis,axis,1,axis::n,n,139,3.2056479945281766,12.1,3.57
granite,granite,1,granite::n,n,38,3.2056479945281766,12.24,5.0
dreamy,dreamy,1,dreamy::a,a,11,3.20031916102311,8.75,2.21
clarinet,clarinet,1,clarinet::n,n,11,3.20031916102311,9.22,4.92
bamboo,bamboo,1,bamboo::n,n,44,3.20031916102311,9.28,4.86
cylinder,cylinder,1,cylinder::n,n,74,3.20031916102311,9.63,4.64
earnest,earnest,1,earnest::n,n,18,3.20031916102311,10.22,2.24
bayonet,bayonet,1,bayonet::v,v,4,3.20031916102311,11.0,4.77
titanium,titanium,1,titanium::n,n,18,3.20031916102311,13.58,4.67
fossil,fossil,1,fossil::a,a,5,3.1949241291364037,7.5,4.9
girdle,girdle,1,girdle::v,v,7,3.1949241291364037,10.22,4.63
distinctive,distinctive,1,distinctive::a,a,114,3.1949241291364037,10.39,1.61
unfit,unfit,1,unfit::v,v,5,3.1949241291364037,10.62,1.89
birch,birch,2,birch::n;birch::v,n;v,40,3.1949241291364037,10.836198000000001,4.12
departing,departing,1,departing::a,a,17,3.1949241291364037,,
pasture,pasture,1,pasture::v,v,7,3.1894612334349013,6.33,4.78
arithmetic,arithmetic,1,arithmetic::a,a,3,3.1894612334349013,7.16,2.74
sesame,sesame,1,sesame::n,n,16,3.1894612334349013,7.41,4.5
scuba,scuba,1,scuba::n,n,15,3.1894612334349013,7.6,4.23
quarry,quarry,1,quarry::v,v,4,3.1894612334349013,10.56,4.37
generic,generic,1,generic::n,n,36,3.1894612334349013,11.0,2.63
protestant,protestant,1,protestant::n,n,32,3.1894612334349013,12.67,3.39
aorta,aorta,1,aorta::n,n,43,3.1894612334349013,13.06,4.61
ammonia,ammonia,1,ammonia::n,n,49,3.1783248673169417,11.0,4.44
resentment,resentment,1,resentment::n,n,29,3.1783248673169417,11.53,1.78
mandate,mandate,1,mandate::v,v,3,3.1783248673169417,12.95,3.08
trademark,trademark,1,trademark::v,v,5,3.1726477344252513,10.37,3.13
reproduction,reproduction,1,reproduction::n,n,73,3.1726477344252513,10.63,2.92
esteemed,esteemed,1,esteemed::a,a,28,3.1726477344252513,13.11,1.96
enclosed,enclosed,1,enclosed::a,a,158,3.1726477344252513,,
perceived,perceived,1,perceived::a,a,78,3.1726477344252513,,
caravan,caravan,1,caravan::v,v,3,3.16689540553616,9.28,4.37
gloss,gloss,1,gloss::v,v,5,3.16689540553616,9.9,3.8
perceive,perceive,1,perceive::v,v,37,3.16689540553616,10.42,1.72
stockade,stockade,1,stockade::v,v,4,3.16689540553616,11.88,4.46
eel,eel,1,eel::n,n,20,3.161065861875436,6.47,4.69
gazette,gazette,1,gazette::v,v,3,3.161065861875436,10.43,4.15
magnitude,magnitude,1,magnitude::n,n,55,3.161065861875436,12.3,2.43
marcel,marcel,1,marcel::v,v,4,3.155157002264916,18.33,
demonstrated,demonstrated,1,demonstrated::a,a,23,3.155157002264916,,
sen,sen,1,sen::n,n,11,3.155157002264916,,
garment,garment,1,garment::n,n,107,3.1491666385757284,8.32,4.78
ivory,ivory,1,ivory::n,n,37,3.1491666385757284,9.39,4.76
slang,slang,1,slang::v,v,4,3.1491666385757284,10.68,2.48
fashioned,fashioned,1,fashioned::a,a,12,3.1491666385757284,,2.34
laundromat,laundromat,1,laundromat::n,n,11,3.1491666385757284,,
tram,tram,1,tram::v,v,3,3.1430924908635354,10.53,
majestic,majestic,1,majestic::a,a,6,3.1430924908635354,10.72,2.04
census,census,1,census::v,v,3,3.1430924908635354,11.14,3.3
otter,otter,1,otter::n,n,13,3.136932182158717,5.47,4.86
ballot,ballot,1,ballot::v,v,4,3.136932182158717,8.83,4.73
hickory,hickory,1,hickory::n,n,39,3.136932182158717,9.39,4.34
starch,starch,2,starch::n;starch::v,n;v,72,3.136932182158717,10.67,4.29
winch,winch,1,winch::v,v,4,3.136932182158717,12.22,4.4
meddling,meddling,1,meddling::a,a,10,3.136932182158717,,2.1
clash,clash,1,clash::n,n,5,3.130683232881715,8.95,2.63
quail,quail,1,quail::n,n,20,3.130683232881715,9.72,4.65
illegitimate,illegitimate,1,illegitimate::n,n,12,3.130683232881715,9.95,1.82
termination,termination,1,termination::n,n,24,3.130683232881715,11.5,2.47
reverence,reverence,1,reverence::v,v,10,3.130683232881715,13.06,1.7
damnation,damnation,1,damnation::n,n,6,3.124343054850696,8.94,1.56
cluster,cluster,1,cluster::v,v,5,3.124343054850696,10.0,4.04
brooch,brooch,1,brooch::v,v,3,3.124343054850696,10.71,4.19
garter,garter,1,garter::v,v,3,3.124343054850696,11.72,4.78
microfilm,microfilm,1,microfilm::v,v,3,3.124343054850696,12.12,4.37
archive,archive,1,archive::v,v,3,3.124343054850696,12.95,3.58
distributed,distributed,1,distributed::a,a,72,3.124343054850696,,2.59
castor,castor,1,castor::n,n,10,3.124343054850696,,
copenhagen,copenhagen,1,copenhagen::n,n,9,3.124343054850696,,
ting,ting,1,ting::v,v,4,3.1179089448452864,10.0,
feud,feud,1,feud::v,v,3,3.1179089448452864,10.33,3.18
hex,hex,1,hex::v,v,8,3.1179089448452864,12.42,2.16
asbestos,asbestos,1,asbestos::n,n,13,3.1179089448452864,13.95,4.52
denmark,denmark,1,denmark::n,n,34,3.1179089448452864,,
grimm,grimm,1,grimm::n,n,11,3.1179089448452864,,
jitters,jitters,1,jitters::n,n,6,3.1179089448452864,,3.79
copying,copying,1,copying::n,n,5,3.1179089448452864,,
chestnut,chestnut,1,chestnut::n,n,16,3.1113780776863287,6.55,4.7
rowing,rowing,1,rowing::n,n,12,3.1113780776863287,7.68,3.6
susceptible,susceptible,1,susceptible::a,a,49,3.1113780776863287,9.94,2.14
wharf,wharf,1,wharf::v,v,3,3.1113780776863287,10.88,4.6
architectural,architectural,1,architectural::a,a,15,3.1113780776863287,12.25,3.14
socialist,socialist,1,socialist::a,a,4,3.1113780776863287,13.61,3.19
captivity,captivity,1,captivity::n,n,9,3.1047474987873156,9.06,2.76
barbados,barbados,1,barbados::n,n,19,3.1047474987873156,,
altair,altair,1,altair::n,n,8,3.1047474987873156,,
poised,poised,1,poised::a,a,4,3.1047474987873156,,2.21
caramel,caramel,1,caramel::a,a,6,3.098014116128347,6.58,4.73
blueprint,blueprint,1,blueprint::v,v,4,3.098014116128347,9.39,4.77
arsenic,arsenic,1,arsenic::n,n,36,3.098014116128347,11.83,4.29
diminished,diminished,1,diminished::a,a,16,3.098014116128347,,
saddled,saddled,1,saddled::a,a,5,3.098014116128347,,3.62
ceramic,ceramic,1,ceramic::a,a,2,3.0911746915980416,8.37,4.04
courteous,courteous,1,courteous::a,a,12,3.0911746915980416,8.65,1.97
avocado,avocado,1,avocado::a,a,5,3.0911746915980416,9.29,4.89
racquetball,racquetball,1,racquetball::n,n,5,3.0911746915980416,11.0,4.66
dusk,dusk,1,dusk::v,v,2,3.084225831642714,8.74,4.24
sapphire,sapphire,1,sapphire::a,a,5,3.084225831642714,9.22,4.76
rumba,rumba,1,rumba::n,n,8,3.084225831642714,11.0,4.04
keel,keel,1,keel::n,n,24,3.084225831642714,11.5,3.48
dishonor,dishonor,1,dishonor::v,v,8,3.084225831642714,11.53,1.72
docket,docket,1,docket::v,v,4,3.084225831642714,13.0,3.56
barrow,barrow,1,barrow::n,n,11,3.084225831642714,,
decrease,decrease,1,decrease::v,v,12,3.077163977155227,8.56,2.68
characteristic,characteristic,2,characteristic::a;characteristic::n,a;n,660,3.077163977155227,10.47,2.38
affliction,affliction,1,affliction::n,n,20,3.077163977155227,11.32,2.27
decadent,decadent,1,decadent::n,n,5,3.077163977155227,12.0,2.21
queue,queue,1,queue::v,v,6,3.077163977155227,12.17,2.86
erect,erect,1,erect::v,v,5,3.077163977155227,12.83,3.74
ballast,ballast,1,ballast::v,v,4,3.077163977155227,15.24,3.14
hiroshima,hiroshima,1,hiroshima::n,n,14,3.077163977155227,,
installing,installing,1,installing::n,n,13,3.077163977155227,,
electra,electra,1,electra::n,n,12,3.077163977155227,,
homestead,homestead,1,homestead::v,v,6,3.0699853925281038,12.78,4.07
volatile,volatile,1,volatile::n,n,48,3.0699853925281038,13.0,2.35
jericho,jericho,1,jericho::n,n,13,3.0699853925281038,,
linden,linden,1,linden::n,n,12,3.0699853925281038,,
rattled,rattled,1,rattled::a,a,9,3.0699853925281038,,3.33
ornament,ornament,1,ornament::v,v,10,3.062686153786604,6.1,4.04
hardened,hardened,1,hardened::a,a,40,3.062686153786604,6.94,2.63
thermostat,thermostat,1,thermostat::v,v,4,3.062686153786604,8.89,4.87
joust,joust,1,joust::v,v,3,3.062686153786604,10.63,4.03
supplement,supplement,1,supplement::v,v,8,3.062686153786604,11.45,3.07
larynx,larynx,1,larynx::n,n,45,3.062686153786604,12.72,4.5
grazing,grazing,1,grazing::n,n,36,3.062686153786604,,3.54
aquarius,aquarius,1,aquarius::n,n,8,3.062686153786604,,2.57
cherokee,cherokee,1,cherokee::n,n,8,3.062686153786604,,
kern,kern,1,kern::v,v,3,3.062686153786604,,
staple,staple,1,staple::v,v,4,3.0552621357073972,7.18,4.34
cocoon,cocoon,1,cocoon::v,v,5,3.0552621357073972,8.95,4.83
kennel,kennel,1,kennel::v,v,3,3.0552621357073972,9.89,4.73
disadvantage,disadvantage,1,disadvantage::v,v,8,3.0552621357073972,10.39,1.96
cortex,cortex,1,cortex::n,n,39,3.0552621357073972,12.39,3.79
mandrake,mandrake,1,mandrake::n,n,7,3.0552621357073972,13.756216000000002,
israel,israel,1,israel::n,n,111,3.0552621357073972,,
readily,readily,1,readily::r,r,73,3.0552621357073972,,1.88
funnel,funnel,1,funnel::v,v,4,3.0477089978169514,8.44,4.52
cavern,cavern,1,cavern::v,v,5,3.0477089978169514,8.84,4.57
spruce,spruce,1,spruce::n,n,46,3.0477089978169514,10.84,3.86
bilge,bilge,1,bilge::n,n,7,3.0477089978169514,12.53,
adapted,adapted,1,adapted::a,a,84,3.0477089978169514,,
christianity,christianity,1,christianity::n,n,74,3.0477089978169514,,2.5
peeling,peeling,1,peeling::n,n,23,3.0477089978169514,,3.82
versed,versed,1,versed::n,n,21,3.0477089978169514,,1.96
splashing,splashing,1,splashing::n,n,16,3.0477089978169514,,4.41
offending,offending,1,offending::a,a,9,3.0477089978169514,,
piggyback,piggyback,1,piggyback::n,n,3,3.0400221691506606,5.0,3.64
soot,soot,1,soot::v,v,3,3.0400221691506606,7.2,4.61
peroxide,peroxide,1,peroxide::v,v,3,3.0400221691506606,9.84,4.93
scurvy,scurvy,1,scurvy::n,n,9,3.0400221691506606,10.64,3.43
trait,trait,1,trait::n,n,194,3.0400221691506606,10.65,2.72
prolonged,prolonged,1,prolonged::a,a,67,3.0400221691506606,11.4,2.44
favorable,favorable,1,favorable::a,a,46,3.0400221691506606,11.9,2.32
foxtrot,foxtrot,1,foxtrot::v,v,3,3.0400221691506606,12.39,4.25
nitrate,nitrate,2,nitrate::n;nitrate::v,n;v,12,3.0400221691506606,14.12,2.96
tending,tending,1,tending::a,a,194,3.0400221691506606,,1.96
umpire,umpire,1,umpire::v,v,5,3.0321968316387036,7.56,4.27
verb,verb,1,verb::n,n,94,3.0321968316387036,8.0,2.85
conquering,conquering,1,conquering::n,n,4,3.0321968316387036,10.0,2.86
reproductive,reproductive,1,reproductive::a,a,56,3.0321968316387036,11.2,2.63
format,format,1,format::v,v,4,3.0321968316387036,11.47,2.9
enlarged,enlarged,1,enlarged::a,a,70,3.0321968316387036,,3.63
crete,crete,1,crete::n,n,22,3.0321968316387036,,
elastic,elastic,2,elastic::a;elastic::n,a;n,59,3.0242279019674285,8.85,3.73
brisk,brisk,1,brisk::v,v,4,3.0242279019674285,10.17,2.5
barrage,barrage,1,barrage::v,v,5,3.0242279019674285,10.19,
derived,derived,1,derived::a,a,363,3.0242279019674285,,2.0
rails,rails,1,rails::n,n,43,3.0242279019674285,,
sevens,sevens,1,sevens::n,n,9,3.0242279019674285,,
horseshoe,horseshoe,1,horseshoe::v,v,5,3.016110011745249,5.85,5.0
grate,grate,1,grate::v,v,3,3.016110011745249,8.9,4.82
molasses,molasses,1,molasses::n,n,26,3.016110011745249,8.95,4.84
cleansing,cleansing,1,cleansing::a,a,10,3.016110011745249,9.11,2.75
swordfish,swordfish,1,swordfish::n,n,3,3.016110011745249,9.33,4.89
incurable,incurable,1,incurable::n,n,6,3.016110011745249,10.11,1.88
shroud,shroud,1,shroud::v,v,4,3.016110011745249,11.65,4.34
sweetly,sweetly,1,sweetly::r,r,17,3.016110011745249,,2.23
romulus,romulus,1,romulus::n,n,15,3.016110011745249,,
mormons,mormons,1,mormons::n,n,9,3.016110011745249,,
yawn,yawn,1,yawn::v,v,6,3.007837485779259,5.3,4.46
smudge,smudge,1,smudge::v,v,6,3.007837485779259,6.11,4.5
sociopath,sociopath,1,sociopath::n,n,9,3.007837485779259,13.28,2.5
chloroform,chloroform,1,chloroform::v,v,3,3.007837485779259,14.0,3.78
tickling,tickling,1,tickling::n,n,6,3.007837485779259,,4.17
retreated,retreated,1,retreated::n,n,3,3.007837485779259,,
callous,callous,1,callous::v,v,7,2.999404318242396,10.84,2.44
reducing,reducing,1,reducing::n,n,62,2.999404318242396,,2.5
wedged,wedged,1,wedged::a,a,7,2.999404318242396,,3.5
venting,venting,1,venting::n,n,3,2.999404318242396,,
schoolwork,schoolwork,1,schoolwork::n,n,8,2.9908041464804787,5.21,4.1
plural,plural,1,plural::n,n,131,2.9908041464804787,7.45,2.59
daydream,daydream,1,daydream::v,v,6,2.9908041464804787,7.74,2.79
asphalt,asphalt,2,asphalt::n;asphalt::v,n;v,15,2.9908041464804787,8.89,4.83
moonshine,moonshine,1,moonshine::v,v,6,2.9908041464804787,9.22,4.46
bog,bog,1,bog::n,n,79,2.9908041464804787,9.37,4.08
tut,tut,1,tut::v,v,8,2.9908041464804787,10.825541000000001,
acoustic,acoustic,1,acoustic::n,n,34,2.9908041464804787,12.39,3.28
ironed,ironed,1,ironed::a,a,7,2.9908041464804787,,
ostrich,ostrich,1,ostrich::n,n,25,2.9820302221729738,6.42,4.71
bobsled,bobsled,1,bobsled::v,v,3,2.9820302221729738,9.38,4.9
grit,grit,1,grit::v,v,3,2.9820302221729738,9.71,3.33
clergy,clergy,1,clergy::n,n,42,2.9820302221729738,10.15,4.03
sycamore,sycamore,1,sycamore::n,n,18,2.9820302221729738,11.12,4.48
xerox,xerox,1,xerox::n,n,19,2.9820302221729738,,3.96
kuwait,kuwait,1,kuwait::n,n,17,2.9820302221729738,,
oedipus,oedipus,1,oedipus::n,n,15,2.9820302221729738,,
daedalus,daedalus,1,daedalus::n,n,13,2.9820302221729738,,
demerol,demerol,1,demerol::n,n,10,2.9820302221729738,,
hoe,hoe,1,hoe::v,v,3,2.973075379520047,8.72,4.74
wither,wither,1,wither::v,v,8,2.973075379520047,9.33,2.71
astrology,astrology,1,astrology::n,n,32,2.973075379520047,9.53,2.48
boomerang,boomerang,1,boomerang::v,v,6,2.973075379520047,9.79,4.7
exaggeration,exaggeration,1,exaggeration::n,n,4,2.973075379520047,9.84,2.29
wattle,wattle,1,wattle::v,v,3,2.973075379520047,11.36,
pentothal,pentothal,1,pentothal::n,n,14,2.973075379520047,17.0,
madagascar,madagascar,1,madagascar::n,n,59,2.973075379520047,,
highlands,highlands,1,highlands::n,n,29,2.973075379520047,,
newcastle,newcastle,1,newcastle::n,n,15,2.973075379520047,,
surfboard,surfboard,1,surfboard::v,v,7,2.973075379520047,,4.57
twelfth,twelfth,1,twelfth::a,a,11,2.9639320000801774,7.106248000000001,3.07
sunken,sunken,1,sunken::a,a,10,2.9639320000801774,8.5,3.72
specify,specify,1,specify::v,v,25,2.9639320000801774,9.21,2.3
barley,barley,1,barley::n,n,31,2.9639320000801774,9.8,4.59
burro,burro,1,burro::n,n,5,2.9639320000801774,10.72,
lenient,lenient,1,lenient::a,a,10,2.9639320000801774,11.67,1.96
magnesium,magnesium,1,magnesium::n,n,56,2.9639320000801774,11.72,4.07
travesty,travesty,1,travesty::v,v,3,2.9639320000801774,12.11,2.07
hops,hops,1,hops::n,n,31,2.9639320000801774,,
damascus,damascus,1,damascus::n,n,23,2.9639320000801774,,
soiled,soiled,1,soiled::a,a,21,2.9639320000801774,,3.52
tiptoe,tiptoe,1,tiptoe::r,r,2,2.9545919738260342,5.65,3.89
glaze,glaze,1,glaze::v,v,7,2.9545919738260342,8.42,4.0
lasso,lasso,1,lasso::v,v,4,2.9545919738260342,8.56,4.74
sledgehammer,sledgehammer,1,sledgehammer::v,v,3,2.9545919738260342,9.52,4.89
scepter,scepter,1,scepter::n,n,9,2.9545919738260342,10.15415,
corset,corset,1,corset::v,v,3,2.9545919738260342,10.67,4.48
veneer,veneer,1,veneer::v,v,3,2.9545919738260342,11.59,4.04
militant,militant,1,militant::n,n,70,2.9545919738260342,12.59,2.62
attribute,attribute,1,attribute::v,v,13,2.9545919738260342,12.67,2.33
iceland,iceland,1,iceland::n,n,22,2.9545919738260342,,
splinters,splinters,1,splinters::n,n,6,2.9545919738260342,,
totem,totem,1,totem::n,n,9,2.9450466559198034,8.19,4.0
splint,splint,1,splint::v,v,3,2.9450466559198034,9.16,4.69
yeast,yeast,1,yeast::n,n,57,2.9450466559198034,9.53,4.72
harpoon,harpoon,1,harpoon::v,v,3,2.9450466559198034,11.21,4.67
iraq,iraq,1,iraq::n,n,54,2.9450466559198034,,
yugoslavia,yugoslavia,1,yugoslavia::n,n,40,2.9450466559198034,,
bolivia,bolivia,1,bolivia::n,n,24,2.9450466559198034,,
augusta,augusta,1,augusta::n,n,6,2.9450466559198034,,
smacking,smacking,1,smacking::n,n,6,2.9450466559198034,,3.86
styling,styling,1,styling::n,n,12,2.9352868186306473,8.42,3.03
extinguish,extinguish,1,extinguish::v,v,13,2.9352868186306473,8.95,3.47
sprain,sprain,1,sprain::v,v,6,2.9352868186306473,9.06,3.79
frock,frock,1,frock::v,v,5,2.9352868186306473,9.65,
sulphur,sulphur,1,sulphur::v,v,5,2.9352868186306473,10.591087,4.23
portray,portray,1,portray::v,v,10,2.9352868186306473,10.95,2.18
velcro,velcro,1,velcro::v,v,3,2.9352868186306473,11.475618,4.92
haw,haw,1,haw::v,v,3,2.9352868186306473,11.86,
zinc,zinc,2,zinc::n;zinc::v,n;v,55,2.9352868186306473,12.47,4.4
sanction,sanction,1,sanction::v,v,8,2.9352868186306473,12.68,2.3
junket,junket,1,junket::n,n,6,2.9352868186306473,14.53,
spaced,spaced,1,spaced::a,a,24,2.9352868186306473,,2.77
acquiring,acquiring,1,acquiring::n,n,18,2.9352868186306473,,
gemini,gemini,1,gemini::n,n,10,2.9352868186306473,,3.09
lansing,lansing,1,lansing::n,n,8,2.9352868186306473,,
google,google,1,google::v,v,6,2.9352868186306473,,3.48
mingling,mingling,1,mingling::n,n,4,2.9352868186306473,,
hem,hem,1,hem::v,v,5,2.9253025977240465,8.37,4.43
limber,limber,1,limber::v,v,4,2.9253025977240465,9.67,3.21
longitude,longitude,1,longitude::n,n,15,2.9253025977240465,10.58,2.93
guillotine,guillotine,1,guillotine::v,v,4,2.9253025977240465,11.75,4.64
sable,sable,1,sable::n,n,8,2.9253025977240465,11.85,3.78
inclination,inclination,1,inclination::n,n,38,2.9253025977240465,11.88,2.03
conga,conga,2,conga::n;conga::v,n;v,6,2.9253025977240465,13.65,
situated,situated,1,situated::a,a,125,2.9253025977240465,,2.15
supplying,supplying,1,supplying::n,n,67,2.9253025977240465,,
chlamydia,chlamydia,1,chlamydia::n,n,17,2.9253025977240465,,3.4
annapolis,annapolis,1,annapolis::n,n,8,2.9253025977240465,,
farthest,farthest,1,farthest::r,r,8,2.9253025977240465,,2.04
shielding,shielding,1,shielding::n,n,5,2.9253025977240465,,3.0
saber,saber,1,saber::v,v,5,2.9150834325423602,7.29,4.21
shortstop,shortstop,1,shortstop::n,n,5,2.9150834325423602,8.24,4.23
lecturer,lecturer,1,lecturer::n,n,14,2.9150834325423602,8.69,4.34
comparative,comparative,1,comparative::n,n,10,2.9150834325423602,11.94,1.74
complexity,complexity,1,complexity::n,n,21,2.9150834325423602,12.16,1.87
ahab,ahab,1,ahab::n,n,10,2.9150834325423602,,
pawnee,pawnee,1,pawnee::n,n,9,2.9150834325423602,,
mammoth,mammoth,1,mammoth::a,a,8,2.9046179988641954,7.72,4.11
silky,silky,1,silky::a,a,137,2.9046179988641954,9.1,4.12
exodus,exodus,1,exodus::n,n,22,2.9046179988641954,10.38,2.59
berth,berth,1,berth::v,v,4,2.9046179988641954,11.2,
counterattack,counterattack,1,counterattack::v,v,5,2.9046179988641954,11.33,2.92
bile,bile,1,bile::n,n,30,2.9046179988641954,11.67,4.46
pancreas,pancreas,1,pancreas::n,n,42,2.9046179988641954,12.84,4.79
descendants,descendants,1,descendants::n,n,19,2.9046179988641954,,
claudius,claudius,1,claudius::n,n,18,2.9046179988641954,,
bulging,bulging,1,bulging::a,a,9,2.9046179988641954,,
chopin,chopin,1,chopin::n,n,6,2.9046179988641954,,
yon,yon,2,yon::a;yon::r,a;r,6,2.9046179988641954,,
complement,complement,1,complement::v,v,8,2.8938941334724224,10.22,2.0
slag,slag,1,slag::v,v,3,2.8938941334724224,11.67,
sonnet,sonnet,1,sonnet::v,v,3,2.8938941334724224,12.38,3.9
specified,specified,1,specified::a,a,171,2.8938941334724224,,
accumulated,accumulated,1,accumulated::a,a,24,2.8938941334724224,,
cumberland,cumberland,1,cumberland::n,n,8,2.8938941334724224,,
fattening,fattening,1,fattening::a,a,6,2.8938941334724224,,
rhinoceros,rhinoceros,1,rhinoceros::n,n,14,2.882898749170959,6.0,4.75
graph,graph,1,graph::v,v,4,2.882898749170959,8.16,4.66
leach,leach,1,leach::v,v,4,2.882898749170959,9.19502,4.15
crucifixion,crucifixion,1,crucifixion::n,n,12,2.882898749170959,9.2,4.0
ladle,ladle,1,ladle::v,v,7,2.882898749170959,9.83,4.9
slender,slender,1,slender::a,a,480,2.882898749170959,10.11,3.56
christening,christening,1,christening::n,n,5,2.882898749170959,10.56,2.72
thatch,thatch,1,thatch::v,v,3,2.882898749170959,10.72,3.83
mongo,mongo,1,mongo::n,n,5,2.882898749170959,11.38,
paintball,paintball,1,paintball::n,n,10,2.882898749170959,12.5,4.79
mahogany,mahogany,1,mahogany::n,n,22,2.882898749170959,12.83,4.5
cypress,cypress,1,cypress::n,n,30,2.882898749170959,,4.76
indulging,indulging,1,indulging::n,n,30,2.882898749170959,,2.07
pollard,pollard,1,pollard::v,v,3,2.882898749170959,,
backhand,backhand,1,backhand::v,v,4,2.87161773876127,8.67,3.88
hurdle,hurdle,1,hurdle::v,v,3,2.87161773876127,8.75,3.97
overtake,overtake,1,overtake::v,v,11,2.87161773876127,9.44,2.63
bluegrass,bluegrass,1,bluegrass::n,n,9,2.87161773876127,10.33,3.52
leprosy,leprosy,1,leprosy::n,n,39,2.87161773876127,11.68,4.1
grandeur,grandeur,1,grandeur::n,n,12,2.87161773876127,11.79,2.0
hone,hone,1,hone::v,v,3,2.87161773876127,12.72,2.52
integral,integral,1,integral::n,n,14,2.87161773876127,14.33,2.03
niobe,niobe,1,niobe::n,n,12,2.87161773876127,,
jesuit,jesuit,1,jesuit::n,n,6,2.87161773876127,,
nutmeg,nutmeg,1,nutmeg::n,n,23,2.860035866211455,8.83,4.69
amazement,amazement,1,amazement::n,n,10,2.860035866211455,9.22,1.89
caddie,caddie,1,caddie::v,v,6,2.860035866211455,9.83,4.37
gush,gush,1,gush::v,v,8,2.860035866211455,10.0,3.38
stereotype,stereotype,1,stereotype::v,v,6,2.860035866211455,10.56,2.0
tapestry,tapestry,1,tapestry::n,n,9,2.860035866211455,10.95,4.52
parody,parody,1,parody::v,v,5,2.860035866211455,12.69,2.56
drivel,drivel,1,drivel::v,v,8,2.860035866211455,12.8,2.38
scrip,scrip,1,scrip::n,n,10,2.860035866211455,13.0,
burlesque,burlesque,1,burlesque::a,a,3,2.860035866211455,14.69,3.12
flattened,flattened,1,flattened::a,a,122,2.860035866211455,,
pitchfork,pitchfork,1,pitchfork::v,v,4,2.848136642911747,6.89,5.0
impatience,impatience,1,impatience::n,n,18,2.848136642911747,7.89,1.93
fowl,fowl,1,fowl::v,v,4,2.848136642911747,7.89,4.64
padlock,padlock,1,padlock::v,v,3,2.848136642911747,8.84,4.92
barracuda,barracuda,1,barracuda::n,n,19,2.848136642911747,9.89,5.0
ermine,ermine,1,ermine::n,n,6,2.848136642911747,13.6,
continuity,continuity,1,continuity::n,n,12,2.848136642911747,13.68,2.03
retinal,retinal,1,retinal::n,n,21,2.848136642911747,15.62,3.29
gomorrah,gomorrah,1,gomorrah::n,n,9,2.848136642911747,,
eyeglasses,eyeglasses,1,eyeglasses::n,n,20,2.8359021864947356,4.9,4.92
displeasure,displeasure,1,displeasure::n,n,25,2.8359021864947356,8.95,1.85
powwow,powwow,1,powwow::v,v,6,2.8359021864947356,9.11,4.07
beastly,beastly,1,beastly::r,r,2,2.8359021864947356,9.37,2.26
illumination,illumination,1,illumination::n,n,41,2.8359021864947356,10.5,3.28
circumcision,circumcision,1,circumcision::n,n,13,2.8359021864947356,12.11,4.13
tampon,tampon,1,tampon::v,v,3,2.8359021864947356,12.11,4.86
cognitive,cognitive,1,cognitive::a,a,47,2.8359021864947356,13.63,1.63
alabaster,alabaster,1,alabaster::a,a,3,2.8359021864947356,13.67,3.81
porterhouse,porterhouse,1,porterhouse::n,n,11,2.8359021864947356,14.57,
preceding,preceding,1,preceding::a,a,87,2.8359021864947356,,2.69
athena,athena,1,athena::n,n,16,2.8359021864947356,,
chianti,chianti,1,chianti::n,n,8,2.8359021864947356,,
spotting,spotting,1,spotting::n,n,5,2.8359021864947356,,2.55
teacup,teacup,1,teacup::n,n,6,2.8233130591867153,5.39,4.92
sunburn,sunburn,1,sunburn::v,v,5,2.8233130591867153,7.26,4.57
seam,seam,1,seam::v,v,3,2.8233130591867153,7.6,4.5
denim,denim,1,denim::n,n,13,2.8233130591867153,8.22,4.77
antibiotic,antibiotic,1,antibiotic::a,a,2,2.8233130591867153,9.53,4.43
undesirable,undesirable,1,undesirable::n,n,25,2.8233130591867153,10.58,2.22
hologram,hologram,1,hologram::n,n,9,2.8233130591867153,10.84,4.35
keynote,keynote,1,keynote::v,v,3,2.8233130591867153,11.32,2.97
resonance,resonance,1,resonance::n,n,26,2.8233130591867153,12.53,2.23
turbulent,turbulent,1,turbulent::a,a,16,2.8233130591867153,12.79,2.67
aloof,aloof,1,aloof::r,r,2,2.8233130591867153,13.41,1.46
selenium,selenium,1,selenium::n,n,22,2.8233130591867153,14.67,
collectively,collectively,1,collectively::r,r,113,2.8233130591867153,,2.31
perseus,perseus,1,perseus::n,n,12,2.8233130591867153,,
slashing,slashing,1,slashing::a,a,5,2.8233130591867153,,3.64
scab,scab,1,scab::v,v,3,2.8103480820223474,6.65,4.71
calculation,calculation,1,calculation::n,n,31,2.8103480820223474,8.78,3.0
sassafras,sassafras,1,sassafras::n,n,11,2.8103480820223474,10.53,4.19
ultraviolet,ultraviolet,1,ultraviolet::n,n,13,2.8103480820223474,10.67,3.22
cascade,cascade,1,cascade::v,v,6,2.8103480820223474,12.3,3.83
reflecting,reflecting,1,reflecting::a,a,43,2.8103480820223474,,2.36
furthest,furthest,1,furthest::r,r,10,2.8103480820223474,,2.77
poon,poon,1,poon::n,n,4,2.8103480820223474,,
wheelbarrow,wheelbarrow,1,wheelbarrow::v,v,3,2.7969841204643657,6.78,4.79
lifelike,lifelike,1,lifelike::a,a,9,2.7969841204643657,8.65,2.74
snorkel,snorkel,1,snorkel::v,v,4,2.7969841204643657,9.11,4.56
catapult,catapult,1,catapult::v,v,4,2.7969841204643657,10.56,4.43
macadamia,macadamia,1,macadamia::n,n,4,2.7969841204643657,12.19,4.67
copyright,copyright,1,copyright::v,v,6,2.7969841204643657,12.33,3.04
euro,euro,1,euro::n,n,11,2.7969841204643657,13.89,4.3
midwestern,midwestern,1,midwestern::a,a,36,2.7969841204643657,,
bos,bos,1,bos::n,n,17,2.7969841204643657,,
seine,seine,1,seine::v,v,4,2.7969841204643657,,
aramaic,aramaic,1,aramaic::a,a,3,2.7969841204643657,,
mucus,mucus,1,mucus::n,n,50,2.7831958359787325,9.56,4.76
deem,deem,1,deem::v,v,8,2.7831958359787325,10.28,2.1
prelude,prelude,1,prelude::v,v,3,2.7831958359787325,11.06,2.33
fluorescent,fluorescent,1,fluorescent::n,n,18,2.7831958359787325,11.94,3.78
systematic,systematic,1,systematic::a,a,52,2.7831958359787325,12.11,2.0
inherent,inherent,1,inherent::a,a,30,2.7831958359787325,12.32,1.64
juju,juju,1,juju::n,n,3,2.7831958359787325,12.85,
cobalt,cobalt,1,cobalt::n,n,21,2.7831958359787325,13.47,4.46
gonorrhea,gonorrhea,1,gonorrhea::n,n,13,2.7831958359787325,14.94,3.92
borneo,borneo,1,borneo::n,n,25,2.7831958359787325,,
luxembourg,luxembourg,1,luxembourg::n,n,12,2.7831958359787325,,
chipping,chipping,1,chipping::n,n,5,2.7831958359787325,,3.65
kneecap,kneecap,1,kneecap::v,v,5,2.7689553968641225,6.37,4.7
motorboat,motorboat,1,motorboat::v,v,3,2.7689553968641225,6.53,4.93
hinge,hinge,1,hinge::v,v,3,2.7689553968641225,7.95,4.57
silhouette,silhouette,1,silhouette::v,v,6,2.7689553968641225,8.9,4.57
scholastic,scholastic,1,scholastic::n,n,12,2.7689553968641225,9.0,2.44
repetitive,repetitive,1,repetitive::a,a,11,2.7689553968641225,9.11,2.74
mullet,mullet,1,mullet::n,n,15,2.7689553968641225,11.67,4.78
blight,blight,1,blight::v,v,5,2.7689553968641225,11.73,2.81
rationing,rationing,1,rationing::n,n,3,2.7689553968641225,11.83,2.54
abundant,abundant,1,abundant::a,a,125,2.7689553968641225,12.84,2.83
enamel,enamel,1,enamel::v,v,5,2.7689553968641225,12.9,4.21
samba,samba,1,samba::v,v,3,2.7689553968641225,13.13,4.25
quebec,quebec,1,quebec::n,n,23,2.7689553968641225,,
kama,kama,1,kama::n,n,8,2.7689553968641225,,
forsaking,forsaking,1,forsaking::n,n,3,2.7689553968641225,,
lamppost,lamppost,1,lamppost::n,n,8,2.754232140043416,8.39,4.66
handball,handball,1,handball::n,n,9,2.754232140043416,8.69,4.48
braille,braille,1,braille::v,v,3,2.754232140043416,9.0,4.44
preface,preface,1,preface::v,v,4,2.754232140043416,9.67,2.73
compost,compost,1,compost::v,v,3,2.754232140043416,9.72,4.46
muskrat,muskrat,1,muskrat::n,n,5,2.754232140043416,10.39,4.96
sacrament,sacrament,1,sacrament::n,n,32,2.754232140043416,11.22,3.0
adrenalin,adrenalin,1,adrenalin::n,n,12,2.754232140043416,11.65,3.17
skirmish,skirmish,1,skirmish::v,v,3,2.754232140043416,11.83,2.69
scaffold,scaffold,1,scaffold::v,v,4,2.754232140043416,12.11,4.69
epidural,epidural,1,epidural::n,n,20,2.754232140043416,13.0,3.41
dado,dado,1,dado::v,v,3,2.754232140043416,13.2,
hilt,hilt,1,hilt::n,n,7,2.754232140043416,14.4,
salaam,salaam,1,salaam::v,v,3,2.754232140043416,14.83,
mescal,mescal,1,mescal::n,n,21,2.754232140043416,15.75,
absinthe,absinthe,1,absinthe::n,n,17,2.754232140043416,16.29,4.3
governing,governing,1,governing::n,n,58,2.754232140043416,,2.21
bunsen,bunsen,1,bunsen::n,n,10,2.754232140043416,,
dramamine,dramamine,1,dramamine::n,n,8,2.754232140043416,,
distended,distended,1,distended::a,a,7,2.754232140043416,,
halfback,halfback,1,halfback::n,n,7,2.7389921734866793,9.67,4.0
musk,musk,1,musk::n,n,20,2.7389921734866793,10.94,3.44
chinchilla,chinchilla,1,chinchilla::n,n,5,2.7389921734866793,12.67,4.72
disdain,disdain,1,disdain::v,v,7,2.7389921734866793,13.44,1.83
chartreuse,chartreuse,1,chartreuse::a,a,5,2.7389921734866793,14.0,3.92
palsy,palsy,1,palsy::v,v,3,2.7389921734866793,14.25,2.76
fugue,fugue,1,fugue::n,n,13,2.7389921734866793,15.0,
oriented,oriented,1,oriented::a,a,38,2.7389921734866793,,
philippine,philippine,1,philippine::n,n,34,2.7389921734866793,,
matured,matured,1,matured::a,a,13,2.7389921734866793,,
fifteenth,fifteenth,1,fifteenth::a,a,9,2.7389921734866793,,3.37
scorpio,scorpio,1,scorpio::n,n,7,2.7389921734866793,,
citrus,citrus,1,citrus::n,n,41,2.7231979063034473,6.63,4.21
stopper,stopper,1,stopper::v,v,5,2.7231979063034473,7.61,4.83
devilish,devilish,1,devilish::r,r,3,2.7231979063034473,8.72,1.82
halter,halter,1,halter::v,v,3,2.7231979063034473,10.55,3.5
lawlessness,lawlessness,1,lawlessness::n,n,6,2.7231979063034473,11.68,2.58
mongoloid,mongoloid,1,mongoloid::n,n,2,2.7231979063034473,11.8,
dynamo,dynamo,1,dynamo::n,n,11,2.7231979063034473,12.32,2.71
auspicious,auspicious,1,auspicious::a,a,12,2.7231979063034473,13.93,1.96
cloister,cloister,1,cloister::v,v,4,2.7231979063034473,14.71,
fundamentalist,fundamentalist,1,fundamentalist::n,n,37,2.7231979063034473,15.55,2.08
ethiopia,ethiopia,1,ethiopia::n,n,38,2.7231979063034473,,
blending,blending,1,blending::n,n,13,2.7231979063034473,,3.45
somersault,somersault,1,somersault::v,v,3,2.7068074901152777,5.63,4.79
adjective,adjective,1,adjective::a,a,5,2.7068074901152777,8.6,2.43
unnamed,unnamed,1,unnamed::a,a,4,2.7068074901152777,8.71,2.39
rectum,rectum,1,rectum::n,n,39,2.7068074901152777,9.84,4.92
horseradish,horseradish,1,horseradish::n,n,16,2.7068074901152777,9.94,4.81
pert,pert,1,pert::a,a,8,2.7068074901152777,10.41,
eucalyptus,eucalyptus,1,eucalyptus::n,n,13,2.7068074901152777,10.62,4.77
coexist,coexist,1,coexist::v,v,6,2.7068074901152777,11.56,2.25
vagabond,vagabond,1,vagabond::n,n,5,2.7068074901152777,12.35,3.8
telex,telex,1,telex::v,v,3,2.7068074901152777,13.8,
phlox,phlox,1,phlox::n,n,10,2.7068074901152777,14.57,
nightshade,nightshade,1,nightshade::n,n,20,2.7068074901152777,,4.23
beaujolais,beaujolais,1,beaujolais::n,n,12,2.7068074901152777,,
faust,faust,1,faust::n,n,9,2.7068074901152777,,
virgo,virgo,1,virgo::n,n,9,2.7068074901152777,,
wicca,wicca,1,wicca::n,n,7,2.7068074901152777,,
hao,hao,1,hao::n,n,5,2.7068074901152777,,
teaspoon,teaspoon,1,teaspoon::n,n,8,2.6897741508164974,5.26,4.76
suds,suds,1,suds::v,v,3,2.6897741508164974,6.79,4.59
hardheaded,hardheaded,1,hardheaded::a,a,6,2.6897741508164974,8.42,2.37
buckwheat,buckwheat,1,buckwheat::n,n,20,2.6897741508164974,8.69,4.54
overcast,overcast,1,overcast::v,v,5,2.6897741508164974,9.05,4.04
javelin,javelin,1,javelin::n,n,6,2.6897741508164974,9.44,4.9
volley,volley,1,volley::v,v,3,2.6897741508164974,10.24,3.59
stalemate,stalemate,1,stalemate::v,v,3,2.6897741508164974,10.67,2.41
tether,tether,1,tether::v,v,3,2.6897741508164974,10.67,3.67
duplex,duplex,1,duplex::v,v,3,2.6897741508164974,11.05,4.18
shrill,shrill,1,shrill::v,v,10,2.6897741508164974,11.44,2.8
blacklist,blacklist,1,blacklist::v,v,5,2.6897741508164974,11.76,2.96
adobe,adobe,1,adobe::n,n,8,2.6897741508164974,12.22,4.19
flax,flax,1,flax::n,n,36,2.6897741508164974,12.445405000000001,
juniper,juniper,1,juniper::n,n,21,2.6897741508164974,12.65,4.41
celluloid,celluloid,1,celluloid::n,n,18,2.6897741508164974,14.07,3.74
parietal,parietal,1,parietal::a,a,20,2.6897741508164974,16.64,
shortened,shortened,1,shortened::a,a,21,2.6897741508164974,,
newfoundland,newfoundland,1,newfoundland::n,n,20,2.6897741508164974,,
pairing,pairing,1,pairing::n,n,14,2.6897741508164974,,
dominican,dominican,1,dominican::n,n,13,2.6897741508164974,,
benadryl,benadryl,1,benadryl::n,n,11,2.6897741508164974,,
reseda,reseda,1,reseda::n,n,3,2.6897741508164974,,
chickenpox,chickenpox,1,chickenpox::n,n,12,2.672045383856066,5.95,4.56
zigzag,zigzag,2,zigzag::r;zigzag::v,r;v,6,2.672045383856066,6.06,3.52
beeswax,beeswax,1,beeswax::v,v,3,2.672045383856066,8.5,4.88
geometric,geometric,1,geometric::a,a,24,2.672045383856066,10.33,3.4
engraving,engraving,1,engraving::n,n,24,2.672045383856066,10.58,4.28
pivot,pivot,1,pivot::v,v,5,2.672045383856066,10.78,3.72
sidearm,sidearm,1,sidearm::r,r,2,2.672045383856066,11.78,4.56
asterisk,asterisk,1,asterisk::v,v,3,2.672045383856066,11.94,4.0
oblique,oblique,1,oblique::a,a,18,2.672045383856066,12.89,3.15
grouse,grouse,2,grouse::n;grouse::v,n;v,42,2.672045383856066,13.0,
cannabis,cannabis,1,cannabis::n,n,21,2.672045383856066,13.33,4.69
bereavement,bereavement,1,bereavement::n,n,6,2.672045383856066,14.47,2.33
hurdles,hurdles,1,hurdles::n,n,10,2.672045383856066,,
cassiopeia,cassiopeia,1,cassiopeia::n,n,7,2.672045383856066,,
fondling,fondling,1,fondling::n,n,7,2.672045383856066,,3.54
softening,softening,1,softening::a,a,7,2.672045383856066,,2.96
sandpaper,sandpaper,1,sandpaper::v,v,4,2.653561978162053,6.33,4.85
tomahawk,tomahawk,1,tomahawk::v,v,3,2.653561978162053,8.29,4.83
reclining,reclining,1,reclining::n,n,9,2.653561978162053,8.79,4.0
mulch,mulch,1,mulch::v,v,3,2.653561978162053,9.22,4.59
nourish,nourish,1,nourish::v,v,13,2.653561978162053,9.63,2.26
curd,curd,1,curd::n,n,10,2.653561978162053,10.17,4.19
foreground,foreground,1,foreground::v,v,9,2.653561978162053,10.85,2.93
interlude,interlude,1,interlude::v,v,3,2.653561978162053,11.56,2.04
pinnacle,pinnacle,1,pinnacle::v,v,3,2.653561978162053,12.67,2.67
fullback,fullback,2,fullback::n;fullback::v,n;v,9,2.653561978162053,13.0,4.0
lacquer,lacquer,1,lacquer::v,v,4,2.653561978162053,13.19,4.28
taro,taro,1,taro::n,n,11,2.653561978162053,14.2,
ireland,ireland,1,ireland::n,n,125,2.653561978162053,,
diluted,diluted,1,diluted::a,a,21,2.653561978162053,,2.85
sardinia,sardinia,1,sardinia::n,n,14,2.653561978162053,,
diverting,diverting,1,diverting::a,a,5,2.653561978162053,,2.32
crayon,crayon,1,crayon::v,v,5,2.634256822966666,3.2,4.87
skewer,skewer,1,skewer::v,v,3,2.634256822966666,8.94,4.46
prefix,prefix,1,prefix::v,v,3,2.634256822966666,9.56,3.31
cakewalk,cakewalk,1,cakewalk::v,v,4,2.634256822966666,9.61,2.64
constipation,constipation,1,constipation::n,n,18,2.634256822966666,9.89,3.36
varnish,varnish,1,varnish::v,v,3,2.634256822966666,10.26,4.12
canker,canker,1,canker::v,v,3,2.634256822966666,10.44,
lisp,lisp,1,lisp::v,v,3,2.634256822966666,10.44,3.86
inefficient,inefficient,1,inefficient::a,a,9,2.634256822966666,10.78,2.0
baritone,baritone,1,baritone::a,a,5,2.634256822966666,11.21,3.67
sediment,sediment,1,sediment::v,v,5,2.634256822966666,11.28,4.0
bebop,bebop,1,bebop::v,v,4,2.634256822966666,12.0,2.54
dike,dike,1,dike::v,v,4,2.634256822966666,12.47,4.54
angora,angora,1,angora::n,n,12,2.634256822966666,15.12,
prostrate,prostrate,1,prostrate::v,v,6,2.634256822966666,15.5,3.56
atrophy,atrophy,1,atrophy::v,v,3,2.634256822966666,15.5,2.86
shakespearean,shakespearean,1,shakespearean::n,n,18,2.634256822966666,,
converging,converging,1,converging::n,n,8,2.634256822966666,,2.59
honeycomb,honeycomb,1,honeycomb::v,v,4,2.614053436878379,7.11,4.72
forbidding,forbidding,1,forbidding::n,n,6,2.614053436878379,9.63,2.22
thorax,thorax,1,thorax::n,n,23,2.614053436878379,11.31,4.56
rickets,rickets,1,rickets::n,n,20,2.614053436878379,11.69,
inaugural,inaugural,1,inaugural::n,n,6,2.614053436878379,11.85,2.21
botany,botany,1,botany::n,n,49,2.614053436878379,12.68,2.97
sulfate,sulfate,1,sulfate::v,v,3,2.614053436878379,14.24,3.86
ginseng,ginseng,1,ginseng::n,n,9,2.614053436878379,14.32,4.54
teak,teak,1,teak::n,n,13,2.614053436878379,15.0,
rhodesia,rhodesia,1,rhodesia::n,n,14,2.614053436878379,,
weighted,weighted,1,weighted::a,a,12,2.614053436878379,,2.86
anaheim,anaheim,1,anaheim::n,n,7,2.614053436878379,,
jitterbug,jitterbug,1,jitterbug::v,v,3,2.592864137808441,8.26,3.68
prim,prim,1,prim::v,v,4,2.592864137808441,9.58,1.8
badminton,badminton,1,badminton::n,n,20,2.592864137808441,10.94,4.7
glorify,glorify,1,glorify::v,v,10,2.592864137808441,11.39,2.1
postmark,postmark,1,postmark::v,v,8,2.592864137808441,11.45,4.33
stucco,stucco,1,stucco::v,v,4,2.592864137808441,11.67,4.64
grout,grout,1,grout::v,v,3,2.592864137808441,12.36,4.68
squab,squab,1,squab::n,n,11,2.592864137808441,12.87,
antigen,antigen,1,antigen::n,n,56,2.592864137808441,13.64,
agnostic,agnostic,1,agnostic::a,a,3,2.592864137808441,13.8,2.0
fodder,fodder,1,fodder::v,v,4,2.592864137808441,14.0,3.0
conformity,conformity,1,conformity::n,n,40,2.592864137808441,14.56,1.79
sputtering,sputtering,1,sputtering::n,n,11,2.592864137808441,,3.54
enlisting,enlisting,1,enlisting::n,n,8,2.592864137808441,,
libra,libra,1,libra::n,n,7,2.592864137808441,,
mated,mated,1,mated::a,a,4,2.592864137808441,,
griddle,griddle,1,griddle::v,v,3,2.5705877430972888,8.67,4.38
caption,caption,1,caption::v,v,5,2.5705877430972888,8.94,3.93
nativity,nativity,1,nativity::n,n,13,2.5705877430972888,9.62,3.6
fraudulent,fraudulent,1,fraudulent::a,a,24,2.5705877430972888,11.12,1.93
snipe,snipe,1,snipe::v,v,4,2.5705877430972888,11.5,3.37
domicile,domicile,1,domicile::n,n,12,2.5705877430972888,13.27,
flamenco,flamenco,1,flamenco::n,n,6,2.5705877430972888,14.06,
alkali,alkali,1,alkali::n,n,24,2.5705877430972888,14.35,
cockney,cockney,1,cockney::a,a,2,2.5705877430972888,15.62,
fen,fen,1,fen::n,n,5,2.5705877430972888,16.64,
damocles,damocles,1,damocles::n,n,18,2.5705877430972888,,
compiling,compiling,1,compiling::n,n,10,2.5705877430972888,,
psalms,psalms,1,psalms::n,n,10,2.5705877430972888,,
photostat,photostat,1,photostat::v,v,6,2.5705877430972888,,
enclose,enclose,1,enclose::v,v,48,2.547106647247766,8.85,2.96
droop,droop,1,droop::v,v,9,2.547106647247766,10.12,3.68
quotient,quotient,1,quotient::n,n,6,2.547106647247766,10.61,2.71
silt,silt,1,silt::v,v,3,2.547106647247766,11.75,4.71
causeway,causeway,1,causeway::v,v,3,2.547106647247766,11.78,4.31
het,het,1,het::a,a,10,2.547106647247766,12.0,
airmail,airmail,1,airmail::v,v,4,2.547106647247766,12.0,3.66
condominium,condominium,1,condominium::n,n,4,2.547106647247766,12.05,4.35
backlog,backlog,1,backlog::v,v,4,2.547106647247766,12.43,3.29
harlequin,harlequin,1,harlequin::n,n,6,2.547106647247766,12.86,3.48
imam,imam,1,imam::n,n,13,2.547106647247766,15.8,
slanted,slanted,1,slanted::a,a,21,2.547106647247766,,
proverbs,proverbs,1,proverbs::n,n,12,2.547106647247766,,
pompeii,pompeii,1,pompeii::n,n,10,2.547106647247766,,
pompadour,pompadour,1,pompadour::v,v,4,2.547106647247766,,4.21
clank,clank,1,clank::v,v,3,2.522283063522734,6.95,2.84
blacktop,blacktop,1,blacktop::v,v,3,2.522283063522734,7.72,4.65
signpost,signpost,1,signpost::v,v,4,2.522283063522734,7.89,4.63
maul,maul,1,maul::v,v,4,2.522283063522734,10.33,4.04
grating,grating,1,grating::a,a,8,2.522283063522734,10.71,3.07
calico,calico,1,calico::a,a,3,2.522283063522734,10.75,4.04
preposition,preposition,1,preposition::n,n,18,2.522283063522734,11.5,2.32
scythe,scythe,1,scythe::v,v,3,2.522283063522734,11.87,4.29
cornea,cornea,1,cornea::n,n,66,2.522283063522734,12.0,4.86
heckle,heckle,1,heckle::v,v,5,2.522283063522734,12.17,3.23
baroque,baroque,1,baroque::n,n,29,2.522283063522734,13.54,2.62
adrenal,adrenal,1,adrenal::a,a,3,2.522283063522734,14.24,3.28
brine,brine,1,brine::v,v,3,2.522283063522734,14.25,4.24
quakers,quakers,1,quakers::n,n,16,2.522283063522734,,
rosewood,rosewood,1,rosewood::n,n,11,2.522283063522734,,4.92
approving,approving,1,approving::n,n,6,2.522283063522734,,
cortina,cortina,1,cortina::n,n,6,2.522283063522734,,
belittling,belittling,1,belittling::n,n,4,2.522283063522734,,
movable,movable,1,movable::n,n,56,2.4959541248003845,7.63,3.17
snowmobile,snowmobile,1,snowmobile::v,v,3,2.4959541248003845,8.78,4.81
bridle,bridle,1,bridle::n,n,13,2.4959541248003845,10.35,4.27
enfold,enfold,1,enfold::v,v,8,2.4959541248003845,10.35,
dutiful,dutiful,1,dutiful::a,a,6,2.4959541248003845,10.84,1.82
pirouette,pirouette,1,pirouette::v,v,5,2.4959541248003845,10.85,
pigment,pigment,1,pigment::v,v,4,2.4959541248003845,11.06,4.4
boundless,boundless,1,boundless::a,a,7,2.4959541248003845,12.05,2.0
caribou,caribou,1,caribou::n,n,19,2.4959541248003845,12.06,4.92
caricature,caricature,1,caricature::v,v,4,2.4959541248003845,12.26,3.89
azure,azure,1,azure::v,v,3,2.4959541248003845,12.54,
toggle,toggle,1,toggle::v,v,3,2.4959541248003845,12.56,3.48
affluent,affluent,1,affluent::n,n,8,2.4959541248003845,13.16,1.83
clarion,clarion,1,clarion::v,v,3,2.4959541248003845,15.5,
azimuth,azimuth,1,azimuth::n,n,13,2.4959541248003845,15.67,
claret,claret,1,claret::v,v,3,2.4959541248003845,15.67,
ashram,ashram,1,ashram::n,n,7,2.4959541248003845,16.64,
branching,branching,1,branching::n,n,118,2.4959541248003845,,2.84
carbonated,carbonated,1,carbonated::a,a,14,2.4959541248003845,,
hippocrates,hippocrates,1,hippocrates::n,n,8,2.4959541248003845,,
novocain,novocain,1,novocain::n,n,7,2.4959541248003845,,
ripen,ripen,1,ripen::v,v,12,2.4679254012001413,7.22,3.31
thimble,thimble,1,thimble::n,n,9,2.4679254012001413,8.05,5.0
foal,foal,1,foal::v,v,3,2.4679254012001413,8.44,4.32
needlework,needlework,1,needlework::n,n,18,2.4679254012001413,9.88,4.41
squeegee,squeegee,1,squeegee::v,v,3,2.4679254012001413,9.94,4.75
aimless,aimless,1,aimless::a,a,6,2.4679254012001413,10.32,1.57
aromatic,aromatic,1,aromatic::a,a,502,2.4679254012001413,11.05,3.04
trellis,trellis,1,trellis::v,v,4,2.4679254012001413,11.17,
mangle,mangle,1,mangle::v,v,3,2.4679254012001413,11.29,3.34
sonogram,sonogram,1,sonogram::n,n,13,2.4679254012001413,11.47,4.48
shill,shill,1,shill::v,v,3,2.4679254012001413,11.77,
siphon,siphon,1,siphon::v,v,7,2.4679254012001413,11.88,3.68
trowel,trowel,1,trowel::v,v,6,2.4679254012001413,12.18,4.16
yucca,yucca,1,yucca::n,n,34,2.4679254012001413,13.33,
sluice,sluice,2,sluice::n;sluice::v,n;v,11,2.4679254012001413,14.36,
lymph,lymph,1,lymph::n,n,71,2.4679254012001413,15.0,3.48
legate,legate,1,legate::n,n,3,2.4679254012001413,15.0,
staining,staining,1,staining::n,n,22,2.4679254012001413,,3.56
estonia,estonia,1,estonia::n,n,20,2.4679254012001413,,
manchu,manchu,1,manchu::n,n,19,2.4679254012001413,,
seconal,seconal,1,seconal::n,n,16,2.4679254012001413,,
dilantin,dilantin,1,dilantin::n,n,9,2.4679254012001413,,
aries,aries,1,aries::n,n,7,2.4679254012001413,,
sagittarius,sagittarius,1,sagittarius::n,n,7,2.4679254012001413,,
misrepresented,misrepresented,1,misrepresented::a,a,6,2.4679254012001413,,
dustpan,dustpan,1,dustpan::n,n,6,2.437962177822698,6.47,5.0
tusk,tusk,1,tusk::v,v,6,2.437962177822698,7.67,4.76
tentacle,tentacle,1,tentacle::n,n,7,2.437962177822698,8.65,4.46
poplar,poplar,1,poplar::n,n,29,2.437962177822698,10.27,3.78
cud,cud,1,cud::n,n,10,2.437962177822698,10.85,
heredity,heredity,1,heredity::n,n,26,2.437962177822698,11.05,1.81
tonnage,tonnage,1,tonnage::n,n,11,2.437962177822698,12.07,
bower,bower,1,bower::v,v,4,2.437962177822698,12.77,4.08
anemone,anemone,1,anemone::n,n,25,2.437962177822698,13.07,4.24
mercurochrome,mercurochrome,1,mercurochrome::n,n,9,2.437962177822698,13.5,
leastways,leastways,1,leastways::r,r,8,2.437962177822698,14.0,
gypsum,gypsum,1,gypsum::n,n,20,2.437962177822698,14.33,
informally,informally,1,informally::r,r,80,2.437962177822698,,1.64
armenia,armenia,1,armenia::n,n,36,2.437962177822698,,
franciscan,franciscan,1,franciscan::n,n,18,2.437962177822698,,
hardening,hardening,1,hardening::n,n,14,2.437962177822698,,2.96
restricting,restricting,1,restricting::a,a,12,2.437962177822698,,
soiling,soiling,1,soiling::n,n,8,2.437962177822698,,3.0
volta,volta,1,volta::n,n,8,2.437962177822698,,
luge,luge,1,luge::v,v,6,2.437962177822698,,
chrysanthemum,chrysanthemum,1,chrysanthemum::n,n,49,2.4057774944512964,8.47,4.57
pronoun,pronoun,1,pronoun::n,n,52,2.4057774944512964,8.63,2.48
fertilization,fertilization,1,fertilization::n,n,51,2.4057774944512964,9.47,3.21
talc,talc,1,talc::n,n,18,2.4057774944512964,10.25,4.32
protracted,protracted,1,protracted::a,a,10,2.4057774944512964,11.35,1.92
mesquite,mesquite,1,mesquite::n,n,18,2.4057774944512964,12.31,3.5
adagio,adagio,1,adagio::n,n,9,2.4057774944512964,12.62,
capillary,capillary,1,capillary::n,n,29,2.4057774944512964,13.17,4.29
inference,inference,1,inference::n,n,20,2.4057774944512964,13.32,1.65
enclosing,enclosing,1,enclosing::n,n,81,2.4057774944512964,,
jointly,jointly,1,jointly::r,r,27,2.4057774944512964,,2.0
odysseus,odysseus,1,odysseus::n,n,18,2.4057774944512964,,
surpassing,surpassing,1,surpassing::a,a,18,2.4057774944512964,,1.9
charybdis,charybdis,1,charybdis::n,n,10,2.4057774944512964,,
constrained,constrained,1,constrained::a,a,9,2.4057774944512964,,2.52
colosseum,colosseum,1,colosseum::n,n,8,2.4057774944512964,,
madras,madras,1,madras::n,n,8,2.4057774944512964,,
unicycle,unicycle,1,unicycle::v,v,3,2.3710153881920846,7.26,5.0
hyphen,hyphen,1,hyphen::v,v,5,2.3710153881920846,8.53,4.11
drench,drench,1,drench::v,v,6,2.3710153881920846,9.35,3.75
backstop,backstop,1,backstop::v,v,3,2.3710153881920846,9.57,4.17
callus,callus,1,callus::v,v,4,2.3710153881920846,9.88,3.27
propel,propel,1,propel::v,v,40,2.3710153881920846,10.06,2.96
geyser,geyser,1,geyser::v,v,4,2.3710153881920846,10.11,4.68
clinker,clinker,1,clinker::v,v,3,2.3710153881920846,11.43,
lighthearted,lighthearted,1,lighthearted::a,a,6,2.3710153881920846,11.8,2.0
gardenia,gardenia,1,gardenia::n,n,11,2.3710153881920846,11.94,4.88
fluctuate,fluctuate,1,fluctuate::v,v,7,2.3710153881920846,12.22,2.44
henna,henna,1,henna::v,v,4,2.3710153881920846,13.19,4.15
chlorate,chlorate,1,chlorate::n,n,3,2.3710153881920846,13.21,
mazurka,mazurka,1,mazurka::n,n,5,2.3710153881920846,13.4,
chamois,chamois,1,chamois::n,n,18,2.3710153881920846,14.5,
bodice,bodice,1,bodice::n,n,9,2.3710153881920846,14.5,4.78
cecum,cecum,1,cecum::n,n,19,2.3710153881920846,17.25,
pitted,pitted,1,pitted::a,a,25,2.3710153881920846,,3.43
lithuania,lithuania,1,lithuania::n,n,21,2.3710153881920846,,
cameroon,cameroon,1,cameroon::n,n,19,2.3710153881920846,,
decayed,decayed,1,decayed::a,a,14,2.3710153881920846,,3.63
charon,charon,1,charon::n,n,11,2.3710153881920846,,
excellently,excellently,1,excellently::r,r,9,2.3710153881920846,,1.53
galleria,galleria,1,galleria::n,n,8,2.3710153881920846,,4.07
uta,uta,1,uta::n,n,7,2.3710153881920846,,
slavic,slavic,1,slavic::a,a,4,2.3710153881920846,,
canter,canter,1,canter::v,v,3,2.3710153881920846,,3.42
hittite,hittite,1,hittite::a,a,3,2.3710153881920846,,
redness,redness,1,redness::n,n,31,2.333226827302685,6.17,4.14
alpaca,alpaca,1,alpaca::n,n,3,2.333226827302685,10.81,4.81
laminate,laminate,1,laminate::v,v,4,2.333226827302685,11.05,3.89
solidify,solidify,1,solidify::v,v,6,2.333226827302685,11.26,3.16
carbonate,carbonate,1,carbonate::v,v,4,2.333226827302685,11.7,3.43
authoritative,authoritative,1,authoritative::a,a,40,2.333226827302685,11.72,1.68
thyme,thyme,1,thyme::n,n,17,2.333226827302685,12.42,4.96
conjugate,conjugate,1,conjugate::n,n,7,2.333226827302685,12.5,2.0
pith,pith,1,pith::v,v,4,2.333226827302685,12.94,
aster,aster,1,aster::n,n,50,2.333226827302685,13.0,
fulcrum,fulcrum,1,fulcrum::n,n,16,2.333226827302685,13.21,3.86
rosin,rosin,1,rosin::v,v,3,2.333226827302685,13.44,
aggregate,aggregate,1,aggregate::v,v,3,2.333226827302685,13.67,2.14
paramecium,paramecium,1,paramecium::n,n,6,2.333226827302685,14.31,
silica,silica,1,silica::n,n,32,2.333226827302685,15.86,4.22
thorium,thorium,1,thorium::n,n,21,2.333226827302685,16.57,
chon,chon,1,chon::n,n,4,2.333226827302685,17.6,
conforming,conforming,1,conforming::a,a,66,2.333226827302685,,
bacchus,bacchus,1,bacchus::n,n,9,2.333226827302685,,
isis,isis,1,isis::n,n,9,2.333226827302685,,
pentecostal,pentecostal,2,pentecostal::a;pentecostal::n,a;n,7,2.333226827302685,,2.54
rearing,rearing,1,rearing::a,a,5,2.333226827302685,,
severing,severing,1,severing::n,n,5,2.333226827302685,,
convening,convening,1,convening::n,n,3,2.333226827302685,,
tablespoon,tablespoon,1,tablespoon::n,n,7,2.29183414214446,6.63,5.0
stencil,stencil,1,stencil::v,v,7,2.29183414214446,6.94,4.83
singsong,singsong,1,singsong::v,v,5,2.29183414214446,7.67,2.81
southeastern,southeastern,1,southeastern::a,a,571,2.29183414214446,9.58,3.52
maize,maize,1,maize::n,n,17,2.29183414214446,9.59,4.58
ornamental,ornamental,1,ornamental::n,n,406,2.29183414214446,9.74,2.7
treble,treble,1,treble::v,v,3,2.29183414214446,9.94,2.72
jackknife,jackknife,1,jackknife::v,v,9,2.29183414214446,10.06,4.33
confection,confection,1,confection::v,v,4,2.29183414214446,10.14,3.84
vermilion,vermilion,1,vermilion::v,v,4,2.29183414214446,11.85,
airbrush,airbrush,1,airbrush::v,v,3,2.29183414214446,12.06,4.45
epoxy,epoxy,1,epoxy::v,v,3,2.29183414214446,12.12,
tailback,tailback,1,tailback::n,n,3,2.29183414214446,12.42,
mimeograph,mimeograph,1,mimeograph::v,v,6,2.29183414214446,12.5,
distemper,distemper,1,distemper::v,v,3,2.29183414214446,13.83,2.35
fricassee,fricassee,1,fricassee::v,v,4,2.29183414214446,13.91,
cochineal,cochineal,1,cochineal::n,n,9,2.29183414214446,13.92,
condescension,condescension,1,condescension::n,n,12,2.29183414214446,14.07,2.3
caraway,caraway,1,caraway::n,n,27,2.29183414214446,14.33,
carnivora,carnivora,1,carnivora::n,n,5,2.29183414214446,14.55,
gastroenteritis,gastroenteritis,1,gastroenteritis::n,n,10,2.29183414214446,16.88,
arbitrage,arbitrage,2,arbitrage::n;arbitrage::v,n;v,16,2.29183414214446,17.1,
minos,minos,1,minos::n,n,16,2.29183414214446,,
pythagoras,pythagoras,1,pythagoras::n,n,12,2.29183414214446,,
artemisia,artemisia,1,artemisia::n,n,11,2.29183414214446,,
motivating,motivating,1,motivating::n,n,6,2.29183414214446,,
quaalude,quaalude,1,quaalude::n,n,6,2.29183414214446,,
harrow,harrow,1,harrow::v,v,5,2.29183414214446,,
hoya,hoya,1,hoya::n,n,5,2.29183414214446,,
dogfight,dogfight,1,dogfight::v,v,4,2.2460766515837847,8.94,4.13
combust,combust,1,combust::v,v,4,2.2460766515837847,10.61,3.52
vaquero,vaquero,1,vaquero::n,n,12,2.2460766515837847,11.33,
ribald,ribald,1,ribald::n,n,7,2.2460766515837847,11.38,
cultivation,cultivation,1,cultivation::n,n,66,2.2460766515837847,11.63,3.13
twang,twang,1,twang::v,v,4,2.2460766515837847,11.89,2.96
articulation,articulation,1,articulation::n,n,19,2.2460766515837847,12.63,2.65
grafting,grafting,1,grafting::n,n,25,2.2460766515837847,12.72,3.04
strop,strop,1,strop::v,v,3,2.2460766515837847,12.8,
censure,censure,1,censure::v,v,16,2.2460766515837847,13.0,2.44
hydrangea,hydrangea,1,hydrangea::n,n,5,2.2460766515837847,13.2,
counterweight,counterweight,1,counterweight::v,v,6,2.2460766515837847,13.22,4.0
unyielding,unyielding,1,unyielding::a,a,10,2.2460766515837847,13.47,2.7
sorghum,sorghum,1,sorghum::n,n,15,2.2460766515837847,13.92,
marauding,marauding,1,marauding::a,a,6,2.2460766515837847,14.0,2.81
totalitarian,totalitarian,1,totalitarian::n,n,10,2.2460766515837847,14.18,2.6
ionic,ionic,1,ionic::a,a,5,2.2460766515837847,14.19,2.14
acacia,acacia,1,acacia::n,n,14,2.2460766515837847,14.25,
debit,debit,1,debit::v,v,3,2.2460766515837847,14.26,3.66
balsam,balsam,1,balsam::n,n,26,2.2460766515837847,14.43,4.21
tungsten,tungsten,1,tungsten::n,n,27,2.2460766515837847,14.83,4.38
catatonia,catatonia,1,catatonia::n,n,10,2.2460766515837847,15.07,
vitriol,vitriol,1,vitriol::v,v,5,2.2460766515837847,15.29,
bulwark,bulwark,1,bulwark::v,v,3,2.2460766515837847,15.4,
emeritus,emeritus,1,emeritus::a,a,8,2.2460766515837847,16.22,
balder,balder,1,balder::n,n,20,2.2460766515837847,,3.29
digitalis,digitalis,1,digitalis::n,n,16,2.2460766515837847,,
hematocrit,hematocrit,1,hematocrit::n,n,12,2.2460766515837847,,
karat,karat,1,karat::n,n,10,2.2460766515837847,,3.64
penobscot,penobscot,1,penobscot::n,n,10,2.2460766515837847,,
abyssinia,abyssinia,1,abyssinia::n,n,9,2.2460766515837847,,
ketch,ketch,1,ketch::n,n,8,2.2460766515837847,,
leastwise,leastwise,1,leastwise::r,r,8,2.2460766515837847,,1.75
vertebrate,vertebrate,1,vertebrate::n,n,56,2.1949241291364032,10.55,4.38
gleeful,gleeful,1,gleeful::a,a,5,2.1949241291364032,10.94,2.59
tourney,tourney,1,tourney::v,v,3,2.1949241291364032,11.25,
cowhide,cowhide,1,cowhide::v,v,3,2.1949241291364032,11.44,4.76
burl,burl,1,burl::n,n,8,2.1949241291364032,11.96584,
hieroglyphic,hieroglyphic,1,hieroglyphic::a,a,4,2.1949241291364032,12.0,4.07
quickstep,quickstep,1,quickstep::v,v,3,2.1949241291364032,12.06,3.54
creditor,creditor,1,creditor::n,n,11,2.1949241291364032,12.16,3.37
pumice,pumice,1,pumice::v,v,5,2.1949241291364032,12.18,3.85
steeplechase,steeplechase,1,steeplechase::n,n,9,2.1949241291364032,12.54,
freesia,freesia,1,freesia::n,n,8,2.1949241291364032,12.82,
flintlock,flintlock,1,flintlock::n,n,8,2.1949241291364032,13.17,
worsted,worsted,1,worsted::n,n,12,2.1949241291364032,13.29,
concertina,concertina,1,concertina::v,v,4,2.1949241291364032,13.4,
tariff,tariff,1,tariff::v,v,3,2.1949241291364032,13.95,3.38
bight,bight,1,bight::v,v,3,2.1949241291364032,14.11,
ptomaine,ptomaine,1,ptomaine::n,n,8,2.1949241291364032,14.2,
hibachi,hibachi,1,hibachi::v,v,4,2.1949241291364032,14.21,4.14
semaphore,semaphore,1,semaphore::v,v,3,2.1949241291364032,14.33,
endocrine,endocrine,2,endocrine::a;endocrine::n,a;n,18,2.1949241291364032,14.44,3.07
feldspar,feldspar,1,feldspar::n,n,25,2.1949241291364032,14.82,
hollo,hollo,1,hollo::v,v,3,2.1949241291364032,15.0,
creosote,creosote,1,creosote::v,v,3,2.1949241291364032,15.07,
cantilever,cantilever,1,cantilever::v,v,3,2.1949241291364032,15.2,
erythromycin,erythromycin,1,erythromycin::n,n,10,2.1949241291364032,15.25,
dialectic,dialectic,1,dialectic::a,a,4,2.1949241291364032,16.18,
bougainvillea,bougainvillea,1,bougainvillea::n,n,10,2.1949241291364032,16.88,
islam,islam,1,islam::n,n,90,2.1949241291364032,,2.9
frey,frey,1,frey::n,n,14,2.1949241291364032,,
leda,leda,1,leda::n,n,11,2.1949241291364032,,
paiute,paiute,1,paiute::n,n,11,2.1949241291364032,,
dominica,dominica,1,dominica::n,n,7,2.1949241291364032,,
congealed,congealed,1,congealed::a,a,6,2.1949241291364032,,
lupin,lupin,1,lupin::n,n,6,2.1949241291364032,,
maori,maori,1,maori::n,n,5,2.1949241291364032,,
congregating,congregating,1,congregating::n,n,3,2.1949241291364032,,
dartboard,dartboard,1,dartboard::n,n,8,2.136932182158717,8.44,4.75
buccaneer,buccaneer,1,buccaneer::v,v,4,2.136932182158717,8.76,3.76
trill,trill,1,trill::v,v,5,2.136932182158717,9.429474,
goldenrod,goldenrod,1,goldenrod::n,n,34,2.136932182158717,10.19,4.44
tarantella,tarantella,1,tarantella::n,n,6,2.136932182158717,10.58,
convulse,convulse,1,convulse::v,v,4,2.136932182158717,11.0,3.74
sallow,sallow,1,sallow::v,v,3,2.136932182158717,11.29,
zircon,zircon,1,zircon::n,n,15,2.136932182158717,12.0,
balsa,balsa,1,balsa::n,n,11,2.136932182158717,12.0,
cask,cask,1,cask::n,n,13,2.136932182158717,13.12,
rappel,rappel,1,rappel::v,v,6,2.136932182158717,13.36,
camphor,camphor,1,camphor::n,n,23,2.136932182158717,13.44,
bolero,bolero,1,bolero::n,n,6,2.136932182158717,13.92,4.56
damask,damask,1,damask::n,n,5,2.136932182158717,14.0,
pizzicato,pizzicato,1,pizzicato::n,n,5,2.136932182158717,14.2,
impinge,impinge,1,impinge::v,v,4,2.136932182158717,14.27,
pomade,pomade,1,pomade::v,v,4,2.136932182158717,14.5,
constituent,constituent,1,constituent::n,n,65,2.136932182158717,14.94,3.12
beriberi,beriberi,1,beriberi::n,n,12,2.136932182158717,15.11,
pitchblende,pitchblende,1,pitchblende::n,n,18,2.136932182158717,16.67,
aniline,aniline,1,aniline::n,n,8,2.136932182158717,16.8,
flemish,flemish,1,flemish::n,n,33,2.136932182158717,,
pleiades,pleiades,1,pleiades::n,n,12,2.136932182158717,,
nembutal,nembutal,1,nembutal::n,n,9,2.136932182158717,,
pud,pud,1,pud::n,n,7,2.136932182158717,,
pompano,pompano,1,pompano::n,n,6,2.136932182158717,,
conceding,conceding,1,conceding::n,n,4,2.136932182158717,,
corinthian,corinthian,1,corinthian::a,a,3,2.136932182158717,,
overeat,overeat,1,overeat::v,v,19,2.0699853925281033,7.67,2.93
sidesaddle,sidesaddle,1,sidesaddle::r,r,2,2.0699853925281033,9.94,4.12
pistil,pistil,1,pistil::n,n,14,2.0699853925281033,10.31,
agonize,agonize,1,agonize::v,v,4,2.0699853925281033,11.58,1.97
chasse,chasse,1,chasse::v,v,5,2.0699853925281033,12.0,
rasp,rasp,1,rasp::v,v,3,2.0699853925281033,12.65,3.17
contemplative,contemplative,1,contemplative::n,n,5,2.0699853925281033,13.0,1.78
furrow,furrow,1,furrow::v,v,5,2.0699853925281033,13.0,
filigree,filigree,1,filigree::v,v,4,2.0699853925281033,13.06,
fluorine,fluorine,1,fluorine::n,n,24,2.0699853925281033,13.47,4.09
acetaminophen,acetaminophen,1,acetaminophen::n,n,18,2.0699853925281033,13.47,3.8
cowl,cowl,1,cowl::v,v,3,2.0699853925281033,13.53,3.96
hibiscus,hibiscus,1,hibiscus::n,n,22,2.0699853925281033,13.88,4.48
alder,alder,1,alder::n,n,8,2.0699853925281033,14.08,
ascetic,ascetic,1,ascetic::a,a,9,2.0699853925281033,14.43,
caftan,caftan,1,caftan::n,n,7,2.0699853925281033,14.5,
mastoid,mastoid,1,mastoid::a,a,3,2.0699853925281033,14.58,
glissando,glissando,1,glissando::r,r,6,2.0699853925281033,17.71,
bilirubin,bilirubin,1,bilirubin::n,n,16,2.0699853925281033,,
extinguishing,extinguishing,1,extinguishing::n,n,16,2.0699853925281033,,
tefillin,tefillin,1,tefillin::n,n,16,2.0699853925281033,,
derris,derris,1,derris::n,n,15,2.0699853925281033,,
micronesia,micronesia,1,micronesia::n,n,15,2.0699853925281033,,
galatea,galatea,1,galatea::n,n,9,2.0699853925281033,,
pitocin,pitocin,1,pitocin::n,n,9,2.0699853925281033,,
persevering,persevering,1,persevering::a,a,7,2.0699853925281033,,2.47
champaign,champaign,1,champaign::n,n,6,2.0699853925281033,,
orlon,orlon,1,orlon::n,n,6,2.0699853925281033,,
pteropus,pteropus,1,pteropus::n,n,5,2.0699853925281033,,
burundi,burundi,1,burundi::a,a,4,2.0699853925281033,,
shellac,shellac,1,shellac::v,v,4,2.0699853925281033,,4.07
toboggan,toboggan,1,toboggan::v,v,6,1.9908041464804787,10.12,4.76
daub,daub,1,daub::n,n,3,1.9908041464804787,10.17,
carbohydrate,carbohydrate,1,carbohydrate::n,n,31,1.9908041464804787,10.83,3.59
papyrus,papyrus,1,papyrus::n,n,14,1.9908041464804787,10.88,4.44
sumac,sumac,1,sumac::n,n,17,1.9908041464804787,11.14,
partiality,partiality,1,partiality::n,n,17,1.9908041464804787,11.21,1.72
begonia,begonia,1,begonia::n,n,17,1.9908041464804787,11.33,
dockyard,dockyard,1,dockyard::n,n,5,1.9908041464804787,12.0,4.55
privateer,privateer,1,privateer::n,n,9,1.9908041464804787,12.06,3.52
dovetail,dovetail,1,dovetail::v,v,5,1.9908041464804787,12.21,
rhomboid,rhomboid,1,rhomboid::a,a,6,1.9908041464804787,12.67,
cytoplasm,cytoplasm,1,cytoplasm::n,n,47,1.9908041464804787,12.69,3.64
fetlock,fetlock,1,fetlock::n,n,5,1.9908041464804787,12.75,
germanium,germanium,1,germanium::n,n,13,1.9908041464804787,12.77,
expend,expend,1,expend::v,v,5,1.9908041464804787,13.06,1.73
surfeit,surfeit,1,surfeit::v,v,5,1.9908041464804787,13.22,
isometric,isometric,1,isometric::n,n,7,1.9908041464804787,13.32,2.27
bubo,bubo,1,bubo::n,n,7,1.9908041464804787,13.5,
unflagging,unflagging,1,unflagging::a,a,13,1.9908041464804787,13.53,2.42
calcite,calcite,1,calcite::n,n,20,1.9908041464804787,14.27,
jejunum,jejunum,1,jejunum::n,n,11,1.9908041464804787,14.5,
lessee,lessee,1,lessee::n,n,5,1.9908041464804787,14.71,
melatonin,melatonin,1,melatonin::n,n,6,1.9908041464804787,15.11,4.0
autoclave,autoclave,1,autoclave::v,v,3,1.9908041464804787,15.64,
kava,kava,1,kava::n,n,7,1.9908041464804787,15.78,
harangue,harangue,1,harangue::v,v,6,1.9908041464804787,16.0,
permanganate,permanganate,1,permanganate::n,n,9,1.9908041464804787,16.13,
qatar,qatar,1,qatar::n,n,24,1.9908041464804787,,
erebus,erebus,1,erebus::n,n,13,1.9908041464804787,,
atabrine,atabrine,1,atabrine::n,n,12,1.9908041464804787,,
aeneas,aeneas,1,aeneas::n,n,10,1.9908041464804787,,
montpelier,montpelier,1,montpelier::n,n,8,1.9908041464804787,,
aba,aba,1,aba::n,n,7,1.9908041464804787,,
agal,agal,1,agal::n,n,7,1.9908041464804787,,
bevel,bevel,1,bevel::v,v,6,1.9908041464804787,,4.22
blackwood,blackwood,1,blackwood::n,n,5,1.9908041464804787,,
raglan,raglan,1,raglan::n,n,5,1.9908041464804787,,
eurydice,eurydice,1,eurydice::n,n,4,1.9908041464804787,,
rhumba,rhumba,1,rhumba::v,v,4,1.9908041464804787,,
semitic,semitic,1,semitic::a,a,3,1.9908041464804787,,
platypus,platypus,1,platypus::n,n,14,1.8938941334724222,7.71,4.83
dropkick,dropkick,1,dropkick::v,v,5,1.8938941334724222,9.06,4.41
italic,italic,1,italic::a,a,2,1.8938941334724222,9.68,3.79
crocus,crocus,1,crocus::n,n,19,1.8938941334724222,11.19,
marinade,marinade,1,marinade::v,v,4,1.8938941334724222,11.21,4.07
percussive,percussive,1,percussive::a,a,8,1.8938941334724222,11.4,2.72
rhododendron,rhododendron,1,rhododendron::n,n,17,1.8938941334724222,11.53,
allergen,allergen,1,allergen::n,n,14,1.8938941334724222,11.58,3.93
pleat,pleat,1,pleat::v,v,4,1.8938941334724222,12.0,4.62
polynomial,polynomial,1,polynomial::a,a,3,1.8938941334724222,13.0,
hasp,hasp,2,hasp::n;hasp::v,n;v,11,1.8938941334724222,13.2,
mortise,mortise,1,mortise::n,n,9,1.8938941334724222,13.31,
quadrille,quadrille,1,quadrille::n,n,5,1.8938941334724222,13.8,
hob,hob,1,hob::v,v,3,1.8938941334724222,14.0,
ergot,ergot,1,ergot::n,n,12,1.8938941334724222,14.23,
impel,impel,1,impel::v,v,5,1.8938941334724222,14.44,
fructose,fructose,1,fructose::n,n,13,1.8938941334724222,14.5,4.23
postdoctoral,postdoctoral,1,postdoctoral::n,n,8,1.8938941334724222,14.94,2.28
catalpa,catalpa,1,catalpa::n,n,9,1.8938941334724222,15.0,
tritium,tritium,1,tritium::n,n,8,1.8938941334724222,16.0,
coif,coif,1,coif::v,v,3,1.8938941334724222,16.0,
strontium,strontium,1,strontium::n,n,16,1.8938941334724222,16.3,
tantalum,tantalum,1,tantalum::n,n,13,1.8938941334724222,16.5,
collodion,collodion,1,collodion::n,n,11,1.8938941334724222,19.0,
vicuna,vicuna,1,vicuna::n,n,3,1.8938941334724222,20.0,
notched,notched,1,notched::a,a,25,1.8938941334724222,,4.11
baal,baal,1,baal::n,n,14,1.8938941334724222,,
iva,iva,1,iva::n,n,14,1.8938941334724222,,
zinnia,zinnia,1,zinnia::n,n,13,1.8938941334724222,,
canna,canna,1,canna::n,n,12,1.8938941334724222,,
darvon,darvon,1,darvon::n,n,12,1.8938941334724222,,
sulphide,sulphide,1,sulphide::n,n,12,1.8938941334724222,,
propelling,propelling,1,propelling::a,a,10,1.8938941334724222,,
equipping,equipping,1,equipping::n,n,9,1.8938941334724222,,
allspice,allspice,1,allspice::n,n,8,1.8938941334724222,,4.54
moselle,moselle,1,moselle::n,n,8,1.8938941334724222,,
rhizopus,rhizopus,1,rhizopus::n,n,8,1.8938941334724222,,
jostling,jostling,1,jostling::n,n,7,1.8938941334724222,,
reddened,reddened,1,reddened::a,a,7,1.8938941334724222,,
agapanthus,agapanthus,1,agapanthus::n,n,6,1.8938941334724222,,
armagnac,armagnac,1,armagnac::n,n,6,1.8938941334724222,,
listeria,listeria,1,listeria::n,n,4,1.8938941334724222,,
brevet,brevet,1,brevet::v,v,3,1.8938941334724222,,
toughened,toughened,1,toughened::a,a,3,1.8938941334724222,,
tableware,tableware,1,tableware::n,n,18,1.7689553968641223,7.56,4.65
hipbone,hipbone,1,hipbone::n,n,17,1.7689553968641223,7.68,4.9
dogsled,dogsled,1,dogsled::v,v,4,1.7689553968641223,7.71,4.89
godchild,godchild,1,godchild::n,n,7,1.7689553968641223,8.06,3.65
suffix,suffix,1,suffix::v,v,3,1.7689553968641223,9.16,3.61
faintness,faintness,1,faintness::n,n,8,1.7689553968641223,9.94,2.04
exasperate,exasperate,1,exasperate::v,v,3,1.7689553968641223,10.17,2.14
casebook,casebook,1,casebook::a,a,7,1.7689553968641223,10.22,4.48
yew,yew,1,yew::n,n,30,1.7689553968641223,10.53,
oxbow,oxbow,1,oxbow::n,n,6,1.7689553968641223,11.23,4.17
shoetree,shoetree,1,shoetree::v,v,4,1.7689553968641223,11.42,
anther,anther,1,anther::n,n,8,1.7689553968641223,11.67,
whirligig,whirligig,1,whirligig::v,v,5,1.7689553968641223,11.69,
boldface,boldface,1,boldface::v,v,3,1.7689553968641223,11.74,2.96
parch,parch,1,parch::v,v,7,1.7689553968641223,11.82,3.35
unconsecrated,unconsecrated,1,unconsecrated::a,a,6,1.7689553968641223,12.13,
idyll,idyll,1,idyll::n,n,9,1.7689553968641223,12.4,
buttress,buttress,1,buttress::v,v,3,1.7689553968641223,12.8,4.25
whelk,whelk,1,whelk::v,v,3,1.7689553968641223,12.86,
solder,solder,1,solder::v,v,6,1.7689553968641223,13.12,
cornice,cornice,1,cornice::v,v,3,1.7689553968641223,13.36,
sociability,sociability,1,sociability::n,n,15,1.7689553968641223,13.63,1.76
nitrite,nitrite,1,nitrite::n,n,8,1.7689553968641223,14.06,3.72
meiosis,meiosis,1,meiosis::n,n,32,1.7689553968641223,14.1,
delphinium,delphinium,1,delphinium::n,n,17,1.7689553968641223,14.22,
kapok,kapok,1,kapok::n,n,19,1.7689553968641223,14.5,
cytosine,cytosine,1,cytosine::n,n,10,1.7689553968641223,14.5,
mesosphere,mesosphere,1,mesosphere::n,n,6,1.7689553968641223,14.5,
carpel,carpel,1,carpel::n,n,6,1.7689553968641223,14.53,
coloratura,coloratura,1,coloratura::n,n,6,1.7689553968641223,14.86,
woad,woad,1,woad::n,n,9,1.7689553968641223,15.0,
gladiolus,gladiolus,1,gladiolus::n,n,14,1.7689553968641223,15.15,
positron,positron,1,positron::n,n,19,1.7689553968641223,15.25,
calendula,calendula,1,calendula::n,n,10,1.7689553968641223,15.25,
dichromate,dichromate,1,dichromate::n,n,4,1.7689553968641223,15.47,
mendelevium,mendelevium,1,mendelevium::n,n,13,1.7689553968641223,15.62,
amaranth,amaranth,1,amaranth::n,n,6,1.7689553968641223,15.73,
verdigris,verdigris,1,verdigris::v,v,3,1.7689553968641223,15.8,
ranunculus,ranunculus,1,ranunculus::n,n,12,1.7689553968641223,16.5,
cassava,cassava,1,cassava::n,n,24,1.7689553968641223,17.44,
schottische,schottische,1,schottische::n,n,4,1.7689553968641223,20.25,
jointed,jointed,1,jointed::a,a,36,1.7689553968641223,,3.74
fluorescein,fluorescein,1,fluorescein::n,n,26,1.7689553968641223,,
confucianism,confucianism,1,confucianism::n,n,19,1.7689553968641223,,
aesir,aesir,1,aesir::n,n,18,1.7689553968641223,,
verbena,verbena,1,verbena::n,n,16,1.7689553968641223,,
oncidium,oncidium,1,oncidium::n,n,15,1.7689553968641223,,
apocrypha,apocrypha,1,apocrypha::n,n,14,1.7689553968641223,,
adenine,adenine,1,adenine::n,n,13,1.7689553968641223,,
botulin,botulin,1,botulin::n,n,11,1.7689553968641223,,
ampicillin,ampicillin,1,ampicillin::n,n,9,1.7689553968641223,,
djibouti,djibouti,1,djibouti::n,n,9,1.7689553968641223,,
jackstraws,jackstraws,1,jackstraws::n,n,9,1.7689553968641223,,
siemens,siemens,1,siemens::n,n,9,1.7689553968641223,,
carmelite,carmelite,2,carmelite::a;carmelite::n,a;n,8,1.7689553968641223,,
leaching,leaching,1,leaching::n,n,7,1.7689553968641223,,
prn,prn,1,prn::r,r,7,1.7689553968641223,,
candida,candida,1,candida::n,n,6,1.7689553968641223,,
manes,manes,1,manes::n,n,6,1.7689553968641223,,4.2
arbutus,arbutus,1,arbutus::n,n,5,1.7689553968641223,,
avowed,avowed,1,avowed::a,a,5,1.7689553968641223,,1.83
inclining,inclining,1,inclining::n,n,5,1.7689553968641223,,
jiao,jiao,1,jiao::n,n,5,1.7689553968641223,,
nigella,nigella,1,nigella::n,n,5,1.7689553968641223,,
ceding,ceding,1,ceding::n,n,4,1.7689553968641223,,
enfolding,enfolding,1,enfolding::n,n,2,1.7689553968641223,,
oldness,oldness,1,oldness::n,n,6,1.5928641378084412,8.56,2.7
applecart,applecart,1,applecart::n,n,4,1.5928641378084412,8.75,4.92
copperplate,copperplate,1,copperplate::n,n,7,1.5928641378084412,9.58,4.36
unshaken,unshaken,1,unshaken::a,a,4,1.5928641378084412,9.79,2.21
crape,crape,1,crape::v,v,5,1.5928641378084412,10.67,
verbalization,verbalization,1,verbalization::n,n,13,1.5928641378084412,10.75,2.89
teargas,teargas,1,teargas::v,v,5,1.5928641378084412,11.37,3.84
tithe,tithe,1,tithe::v,v,3,1.5928641378084412,11.5,
cudgel,cudgel,1,cudgel::v,v,4,1.5928641378084412,11.57,
arrowroot,arrowroot,1,arrowroot::n,n,17,1.5928641378084412,12.0,
antimony,antimony,1,antimony::n,n,18,1.5928641378084412,12.11,
tanbark,tanbark,1,tanbark::n,n,15,1.5928641378084412,12.29,
tubercle,tubercle,1,tubercle::n,n,10,1.5928641378084412,12.6,
royalist,royalist,1,royalist::n,n,5,1.5928641378084412,12.65,
germinate,germinate,1,germinate::v,v,7,1.5928641378084412,12.8,2.85
hydroplane,hydroplane,1,hydroplane::v,v,5,1.5928641378084412,12.8,3.59
silkscreen,silkscreen,1,silkscreen::v,v,3,1.5928641378084412,12.94,
predicate,predicate,1,predicate::v,v,6,1.5928641378084412,13.0,1.71
melamine,melamine,1,melamine::n,n,10,1.5928641378084412,13.08,
copyhold,copyhold,1,copyhold::n,n,15,1.5928641378084412,13.09,
bacillus,bacillus,1,bacillus::n,n,32,1.5928641378084412,13.33,
descant,descant,1,descant::v,v,4,1.5928641378084412,13.5,
tokay,tokay,1,tokay::n,n,4,1.5928641378084412,13.5,
coleus,coleus,1,coleus::n,n,11,1.5928641378084412,14.0,
barite,barite,1,barite::n,n,8,1.5928641378084412,14.0,
catalyze,catalyze,1,catalyze::v,v,14,1.5928641378084412,14.28,2.42
cymbidium,cymbidium,1,cymbidium::n,n,15,1.5928641378084412,14.62,
semiconductor,semiconductor,1,semiconductor::n,n,36,1.5928641378084412,14.79,4.28
exocrine,exocrine,1,exocrine::a,a,4,1.5928641378084412,14.79,
hypertrophy,hypertrophy,1,hypertrophy::v,v,3,1.5928641378084412,15.0,
acanthus,acanthus,1,acanthus::n,n,17,1.5928641378084412,15.17,
armorial,armorial,1,armorial::a,a,4,1.5928641378084412,15.25,
nonpartisan,nonpartisan,1,nonpartisan::n,n,8,1.5928641378084412,15.35,2.04
vanadium,vanadium,1,vanadium::n,n,14,1.5928641378084412,15.4,
carboniferous,carboniferous,1,carboniferous::a,a,4,1.5928641378084412,15.6,
polystyrene,polystyrene,1,polystyrene::n,n,10,1.5928641378084412,15.64,4.16
scandium,scandium,1,scandium::n,n,10,1.5928641378084412,15.78,
damson,damson,1,damson::n,n,6,1.5928641378084412,16.43,
valetudinarian,valetudinarian,1,valetudinarian::a,a,4,1.5928641378084412,16.5,
trillium,trillium,1,trillium::n,n,24,1.5928641378084412,16.92,
trepan,trepan,1,trepan::v,v,5,1.5928641378084412,17.57,
calceolaria,calceolaria,1,calceolaria::n,n,9,1.5928641378084412,21.0,
corolla,corolla,1,corolla::n,n,43,1.5928641378084412,,
cassia,cassia,1,cassia::n,n,41,1.5928641378084412,,
rhus,rhus,1,rhus::n,n,23,1.5928641378084412,,
sisyphus,sisyphus,1,sisyphus::n,n,23,1.5928641378084412,,
styrax,styrax,1,styrax::n,n,17,1.5928641378084412,,
timbale,timbale,1,timbale::n,n,16,1.5928641378084412,,
trental,trental,1,trental::n,n,15,1.5928641378084412,,
justinian,justinian,1,justinian::n,n,14,1.5928641378084412,,
hosta,hosta,1,hosta::n,n,13,1.5928641378084412,,
aureomycin,aureomycin,1,aureomycin::n,n,11,1.5928641378084412,,
fils,fils,1,fils::n,n,11,1.5928641378084412,,
globin,globin,1,globin::n,n,11,1.5928641378084412,,
spattering,spattering,1,spattering::n,n,11,1.5928641378084412,,3.39
osage,osage,1,osage::n,n,10,1.5928641378084412,,
althaea,althaea,1,althaea::n,n,9,1.5928641378084412,,
senna,senna,1,senna::n,n,9,1.5928641378084412,,
anopheles,anopheles,1,anopheles::n,n,8,1.5928641378084412,,
blemished,blemished,1,blemished::a,a,8,1.5928641378084412,,
medoc,medoc,1,medoc::n,n,8,1.5928641378084412,,
abaca,abaca,1,abaca::n,n,7,1.5928641378084412,,
papain,papain,1,papain::n,n,7,1.5928641378084412,,
agar,agar,1,agar::n,n,6,1.5928641378084412,,
habakkuk,habakkuk,1,habakkuk::n,n,6,1.5928641378084412,,
incus,incus,1,incus::n,n,6,1.5928641378084412,,
pavane,pavane,1,pavane::n,n,6,1.5928641378084412,,
vanda,vanda,1,vanda::n,n,6,1.5928641378084412,,
amharic,amharic,1,amharic::a,a,5,1.5928641378084412,,
arethusa,arethusa,1,arethusa::n,n,5,1.5928641378084412,,
chondrus,chondrus,1,chondrus::n,n,5,1.5928641378084412,,
gyps,gyps,1,gyps::n,n,5,1.5928641378084412,,
hellenic,hellenic,1,hellenic::n,n,5,1.5928641378084412,,
chelate,chelate,1,chelate::v,v,4,1.5928641378084412,,
datura,datura,1,datura::n,n,4,1.5928641378084412,,
poleax,poleax,1,poleax::v,v,4,1.5928641378084412,,
bitt,bitt,1,bitt::v,v,3,1.5928641378084412,,
bufo,bufo,1,bufo::n,n,3,1.5928641378084412,,
chaetodon,chaetodon,1,chaetodon::n,n,3,1.5928641378084412,,
conto,conto,1,conto::n,n,3,1.5928641378084412,,
doric,doric,1,doric::a,a,3,1.5928641378084412,,
mucor,mucor,1,mucor::n,n,3,1.5928641378084412,,
phytolacca,phytolacca,1,phytolacca::n,n,3,1.5928641378084412,,
gingerly,gingerly,1,gingerly::r,r,2,1.5928641378084412,,1.76
habanera,habanera,1,habanera::n,n,6,,12.27,
poniard,poniard,1,poniard::v,v,3,,14.0,
herbage,herbage,1,herbage::n,n,14,,14.25,
cinchona,cinchona,1,cinchona::n,n,12,,14.5,
foreordain,foreordain,1,foreordain::v,v,7,,16.27,
buckram,buckram,1,buckram::v,v,3,,16.5,
more_than,more than,1,more_than::a,a,618,,,
has_been,has been,1,has_been::n,n,426,,,
computer_science,computer science,1,computer_science::n,n,198,,,
metallic_element,metallic element,1,metallic_element::n,n,186,,,
spinal_cord,spinal cord,1,spinal_cord::n,n,115,,,4.73
sexual_intercourse,sexual intercourse,1,sexual_intercourse::n,n,95,,,
no_longer,no longer,1,no_longer::r,r,89,,,
central_nervous_system,central nervous system,1,central_nervous_system::n,n,71,,,
body_part,body part,1,body_part::n,n,68,,,4.47
electromagnetic_radiation,electromagnetic radiation,1,electromagnetic_radiation::n,n,63,,,
connective_tissue,connective tissue,1,connective_tissue::n,n,61,,,
high_speed,high speed,1,high_speed::a,a,59,,,3.52
magnetic_field,magnetic field,1,magnetic_field::n,n,56,,,3.42
carbon_dioxide,carbon dioxide,1,carbon_dioxide::n,n,55,,,3.97
blue_green,blue green,1,blue_green::n,n,54,,,
calyx,calyx,1,calyx::n,n,53,,,
hydrolysis,hydrolysis,1,hydrolysis::n,n,53,,,2.87
american_football,american football,1,american_football::n,n,52,,,
cerebral_cortex,cerebral cortex,1,cerebral_cortex::n,n,52,,,
internal_combustion_engine,internal combustion engine,1,internal_combustion_engine::n,n,52,,,
quantifier,quantifier,1,quantifier::n,n,48,,,2.63
aquatic_plant,aquatic plant,1,aquatic_plant::n,n,43,,,
long_legged,long legged,1,long_legged::a,a,40,,,
set_up,set up,1,set_up::v,v,40,,,
algonquian,algonquian,2,algonquian::a;algonquian::n,a;n,39,,,
heartwood,heartwood,1,heartwood::n,n,38,,,
central_africa,central africa,1,central_africa::n,n,37,,,
space_time,space time,1,space_time::n,n,36,,,
computer_system,computer system,1,computer_system::n,n,35,,,4.63
alimentary_canal,alimentary canal,1,alimentary_canal::n,n,31,,,
blastula,blastula,1,blastula::n,n,31,,,
cereal_grass,cereal grass,1,cereal_grass::n,n,29,,,
spadix,spadix,1,spadix::n,n,29,,,
adrenal_cortex,adrenal cortex,1,adrenal_cortex::n,n,28,,,
alcoholic_beverage,alcoholic beverage,1,alcoholic_beverage::n,n,28,,,
alkali_metal,alkali metal,1,alkali_metal::n,n,28,,,
menstrual_cycle,menstrual cycle,1,menstrual_cycle::n,n,28,,,
cochlea,cochlea,1,cochlea::n,n,27,,,
high_voltage,high voltage,1,high_voltage::a,a,27,,,
sago,sago,1,sago::n,n,27,,,
combining_form,combining form,1,combining_form::n,n,26,,,
compositae,compositae,1,compositae::n,n,26,,,
correlation_coefficient,correlation coefficient,1,correlation_coefficient::n,n,26,,,
ribosome,ribosome,1,ribosome::n,n,26,,,
taliban,taliban,1,taliban::n,n,26,,,
calcium_carbonate,calcium carbonate,1,calcium_carbonate::n,n,25,,,
red_wine,red wine,1,red_wine::n,n,25,,,
si_unit,si unit,1,si_unit::n,n,25,,,
sociopathic_personality,sociopathic personality,1,sociopathic_personality::n,n,25,,,
adult_male,adult male,1,adult_male::n,n,24,,,
ampere,ampere,1,ampere::n,n,24,,,
antisocial_personality_disorder,antisocial personality disorder,1,antisocial_personality_disorder::n,n,24,,,
come_together,come together,1,come_together::v,v,24,,,2.93
ice_hockey,ice hockey,1,ice_hockey::n,n,24,,,4.64
sea_level,sea level,1,sea_level::n,n,24,,,
breeding_season,breeding season,1,breeding_season::n,n,23,,,
color_spectrum,color spectrum,1,color_spectrum::n,n,23,,,
mak,mak,1,mak::n,n,23,,,
meeting_beam_headlamp,meeting beam headlamp,1,meeting_beam_headlamp::n,n,23,,,
taoism,taoism,1,taoism::n,n,23,,,
close_together,close together,1,close_together::a,a,22,,,
cock_ring,cock ring,1,cock_ring::n,n,22,,,
coriolis_force,coriolis force,1,coriolis_force::n,n,22,,,
middle_c,middle c,1,middle_c::n,n,22,,,
psychopathic_personality,psychopathic personality,1,psychopathic_personality::n,n,22,,,
subdivision_basidiomycota,subdivision basidiomycota,1,subdivision_basidiomycota::n,n,22,,,
vx_gas,vx gas,1,vx_gas::n,n,22,,,
abdominal_cavity,abdominal cavity,1,abdominal_cavity::n,n,21,,,
beaufort_scale,beaufort scale,1,beaufort_scale::n,n,21,,,
cucurbita_pepo,cucurbita pepo,1,cucurbita_pepo::n,n,21,,,
edge_tool,edge tool,1,edge_tool::n,n,21,,,
green_dinosaur,green dinosaur,1,green_dinosaur::n,n,21,,,
hold_back,hold back,1,hold_back::v,v,21,,,
ion_exchange_resin,ion exchange resin,1,ion_exchange_resin::n,n,21,,,
masdevallia,masdevallia,1,masdevallia::n,n,21,,,
namibia,namibia,1,namibia::n,n,21,,,
nucleic_acid,nucleic acid,1,nucleic_acid::n,n,21,,,
phintias,phintias,1,phintias::n,n,21,,,
pogonia,pogonia,1,pogonia::n,n,21,,,
romany,romany,1,romany::n,n,21,,,
sodium_chloride,sodium chloride,1,sodium_chloride::n,n,21,,,
tasmania,tasmania,1,tasmania::n,n,21,,,
antiparticle,antiparticle,1,antiparticle::n,n,20,,,
coal_tar,coal tar,1,coal_tar::n,n,20,,,
coniferophytina,coniferophytina,1,coniferophytina::n,n,20,,,
dead_burned_lime,dead burned lime,1,dead_burned_lime::n,n,20,,,
deadburned_lime,deadburned lime,1,deadburned_lime::n,n,20,,,
fibrin,fibrin,1,fibrin::n,n,20,,,
grams_method,grams method,1,grams_method::n,n,20,,,
hieracium,hieracium,1,hieracium::n,n,20,,,
homo_sapiens,homo sapiens,1,homo_sapiens::n,n,20,,,
hubble_constant,hubble constant,1,hubble_constant::n,n,20,,,
hypersensitivity_reaction,hypersensitivity reaction,1,hypersensitivity_reaction::n,n,20,,,
ion_exchange_polymer,ion exchange polymer,1,ion_exchange_polymer::n,n,20,,,
over_burned_lime,over burned lime,1,over_burned_lime::n,n,20,,,
overburned_lime,overburned lime,1,overburned_lime::n,n,20,,,
pitressin,pitressin,1,pitressin::n,n,20,,,
siouan_language,siouan language,1,siouan_language::n,n,20,,,
sphagnum,sphagnum,1,sphagnum::n,n,20,,,
third_base,third base,1,third_base::n,n,20,,,
angiotensin,angiotensin,1,angiotensin::n,n,19,,,
arthurian_legend,arthurian legend,1,arthurian_legend::n,n,19,,,
fuscoboletinus,fuscoboletinus,1,fuscoboletinus::n,n,19,,,
guinea_worm,guinea worm,1,guinea_worm::n,n,19,,,
ixodes_scapularis,ixodes scapularis,1,ixodes_scapularis::n,n,19,,,
meadow_rue,meadow rue,1,meadow_rue::n,n,19,,,
mefoxin,mefoxin,1,mefoxin::n,n,19,,,
parasympathetic,parasympathetic,1,parasympathetic::n,n,19,,,
phonograph_record,phonograph record,1,phonograph_record::n,n,19,,,
very_light,very light,1,very_light::n,n,19,,,
wild_crab,wild crab,1,wild_crab::n,n,19,,,
alupent,alupent,1,alupent::n,n,18,,,
botox,botox,1,botox::n,n,18,,,
cardiac_arrest,cardiac arrest,1,cardiac_arrest::n,n,18,,,4.2
coelogyne,coelogyne,1,coelogyne::n,n,18,,,
cycadophyta,cycadophyta,1,cycadophyta::n,n,18,,,
cycadopsida,cycadopsida,1,cycadopsida::n,n,18,,,
european_beech,european beech,1,european_beech::n,n,18,,,
gloriosa,gloriosa,1,gloriosa::n,n,18,,,
k_lor,k lor,1,k_lor::n,n,18,,,
leavening_agent,leavening agent,1,leavening_agent::n,n,18,,,
lenticular_nucleus,lenticular nucleus,1,lenticular_nucleus::n,n,18,,,
lions_foot,lions foot,1,lions_foot::n,n,18,,,
long_time,long time,1,long_time::a,a,18,,,
medulla_oblongata,medulla oblongata,1,medulla_oblongata::n,n,18,,,
subdivision_cycadophytina,subdivision cycadophytina,1,subdivision_cycadophytina::n,n,18,,,
arianism,arianism,1,arianism::n,n,17,,,
belemnite,belemnite,1,belemnite::n,n,17,,,
douglas_fir,douglas fir,1,douglas_fir::n,n,17,,,
ebola_hemorrhagic_fever,ebola hemorrhagic fever,1,ebola_hemorrhagic_fever::n,n,17,,,
ecliptic,ecliptic,1,ecliptic::n,n,17,,,
excretory_product,excretory product,1,excretory_product::n,n,17,,,
guided_missile,guided missile,1,guided_missile::n,n,17,,,
ixodes_pacificus,ixodes pacificus,1,ixodes_pacificus::n,n,17,,,
leakey,leakey,1,leakey::n,n,17,,,
loniten,loniten,1,loniten::n,n,17,,,
psa,psa,1,psa::n,n,17,,,
retrovir,retrovir,1,retrovir::n,n,17,,,
rh_factor,rh factor,1,rh_factor::n,n,17,,,
rogaine,rogaine,1,rogaine::n,n,17,,,
sanicle,sanicle,1,sanicle::n,n,17,,,
spirula,spirula,1,spirula::n,n,17,,,
sumer,sumer,1,sumer::n,n,17,,,
uraninite,uraninite,1,uraninite::n,n,17,,,
white_fungus,white fungus,1,white_fungus::n,n,17,,,
achromatic_color,achromatic color,1,achromatic_color::n,n,16,,,
aggregate_fruit,aggregate fruit,1,aggregate_fruit::n,n,16,,,
arava,arava,1,arava::n,n,16,,,
clamatores,clamatores,1,clamatores::n,n,16,,,
cocoa_powder,cocoa powder,1,cocoa_powder::n,n,16,,,
femoral_vein,femoral vein,1,femoral_vein::n,n,16,,,
first_year,first year,1,first_year::a,a,16,,,
fixed_exchange_rate,fixed exchange rate,1,fixed_exchange_rate::n,n,16,,,
fukien,fukien,1,fukien::n,n,16,,,
gastrolobium,gastrolobium,1,gastrolobium::n,n,16,,,
hydnocarpus_laurifolia,hydnocarpus laurifolia,1,hydnocarpus_laurifolia::n,n,16,,,
islamism,islamism,1,islamism::n,n,16,,,
ixodes_ricinus,ixodes ricinus,1,ixodes_ricinus::n,n,16,,,
kauri,kauri,1,kauri::n,n,16,,,
konimeter,konimeter,1,konimeter::n,n,16,,,
kroto,kroto,1,kroto::n,n,16,,,
laocoon,laocoon,1,laocoon::n,n,16,,,
lopressor,lopressor,1,lopressor::n,n,16,,,
macrodantin,macrodantin,1,macrodantin::n,n,16,,,
mercury_poisoning,mercury poisoning,1,mercury_poisoning::n,n,16,,,
methedrine,methedrine,1,methedrine::n,n,16,,,
parental_leave,parental leave,1,parental_leave::n,n,16,,,
phrenitis,phrenitis,1,phrenitis::n,n,16,,,
record_player,record player,1,record_player::n,n,16,,,4.66
scilla,scilla,1,scilla::n,n,16,,,
social_gathering,social gathering,1,social_gathering::n,n,16,,,
sperm_whale,sperm whale,1,sperm_whale::n,n,16,,,
alliaceae,alliaceae,1,alliaceae::n,n,15,,,
alyssum,alyssum,1,alyssum::n,n,15,,,
angular_vein,angular vein,1,angular_vein::n,n,15,,,
asynchronous_motor,asynchronous motor,1,asynchronous_motor::n,n,15,,,
austenite,austenite,1,austenite::n,n,15,,,
castor_oil,castor oil,1,castor_oil::n,n,15,,,
cattleya,cattleya,1,cattleya::n,n,15,,,
cellular_glass,cellular glass,1,cellular_glass::n,n,15,,,
chrysophyta,chrysophyta,1,chrysophyta::n,n,15,,,
clematis,clematis,1,clematis::n,n,15,,,
draba,draba,1,draba::n,n,15,,,
estronol,estronol,1,estronol::n,n,15,,,
evergreen_oak,evergreen oak,1,evergreen_oak::n,n,15,,,
expanded_glass,expanded glass,1,expanded_glass::n,n,15,,,
foam_glass,foam glass,1,foam_glass::n,n,15,,,
forsythia,forsythia,1,forsythia::n,n,15,,,
georgia_bark,georgia bark,1,georgia_bark::n,n,15,,,
gowen_cypress,gowen cypress,1,gowen_cypress::n,n,15,,,
helipterum,helipterum,1,helipterum::n,n,15,,,
higher_rank,higher rank,1,higher_rank::n,n,15,,,
hirschsprungs_disease,hirschsprungs disease,1,hirschsprungs_disease::n,n,15,,,
iseult,iseult,1,iseult::n,n,15,,,
klinefelters_syndrome,klinefelters syndrome,1,klinefelters_syndrome::n,n,15,,,
lanthanide_series,lanthanide series,1,lanthanide_series::n,n,15,,,
lithops,lithops,1,lithops::n,n,15,,,
memory_chip,memory chip,1,memory_chip::n,n,15,,,
mesophyte,mesophyte,1,mesophyte::n,n,15,,,
metrazol,metrazol,1,metrazol::n,n,15,,,
mexican_hat,mexican hat,1,mexican_hat::n,n,15,,,
mycenae,mycenae,1,mycenae::n,n,15,,,
neolentinus,neolentinus,1,neolentinus::n,n,15,,,
optic_nerve,optic nerve,1,optic_nerve::n,n,15,,,
pass_out,pass out,1,pass_out::v,v,15,,,
plavix,plavix,1,plavix::n,n,15,,,
progne,progne,1,progne::n,n,15,,,
psychological_disorder,psychological disorder,1,psychological_disorder::n,n,15,,,
public_transport,public transport,1,public_transport::n,n,15,,,
reproductive_cell,reproductive cell,1,reproductive_cell::n,n,15,,,
snellen_chart,snellen chart,1,snellen_chart::n,n,15,,,
south_southwest,south southwest,2,south_southwest::n;south_southwest::r,n;r,15,,,
tax_liability,tax liability,1,tax_liability::n,n,15,,,
terramycin,terramycin,1,terramycin::n,n,15,,,
vas_deferens,vas deferens,1,vas_deferens::n,n,15,,,
wallace,wallace,1,wallace::n,n,15,,,
ward_off,ward off,1,ward_off::v,v,15,,,2.54
woolly_mullein,woolly mullein,1,woolly_mullein::n,n,15,,,
xanthorrhoeaceae,xanthorrhoeaceae,1,xanthorrhoeaceae::n,n,15,,,
alloy_iron,alloy iron,1,alloy_iron::n,n,14,,,
angiospermae,angiospermae,1,angiospermae::n,n,14,,,
anthophyta,anthophyta,1,anthophyta::n,n,14,,,
assam_rubber,assam rubber,1,assam_rubber::n,n,14,,,
axillary_vein,axillary vein,1,axillary_vein::n,n,14,,,
borgia,borgia,1,borgia::n,n,14,,,
cardura,cardura,1,cardura::n,n,14,,,
cartesian,cartesian,1,cartesian::n,n,14,,,
ceftin,ceftin,1,ceftin::n,n,14,,,
cotoneaster,cotoneaster,1,cotoneaster::n,n,14,,,
division_magnoliophyta,division magnoliophyta,1,division_magnoliophyta::n,n,14,,,
earthstar,earthstar,1,earthstar::n,n,14,,,
episcia,episcia,1,episcia::n,n,14,,,
first_base,first base,1,first_base::n,n,14,,,
fly_poison,fly poison,1,fly_poison::n,n,14,,,
frisch,frisch,1,frisch::n,n,14,,,
gutta_percha,gutta percha,1,gutta_percha::n,n,14,,,
gymnospermae,gymnospermae,1,gymnospermae::n,n,14,,,
hepatica,hepatica,1,hepatica::n,n,14,,,
high_altitude,high altitude,1,high_altitude::a,a,14,,,
judgment_lien,judgment lien,1,judgment_lien::n,n,14,,,
khomeini,khomeini,1,khomeini::n,n,14,,,
lipitor,lipitor,1,lipitor::n,n,14,,,
mmpi,mmpi,1,mmpi::n,n,14,,,
morse_code,morse code,1,morse_code::n,n,14,,,4.08
muskhogean,muskhogean,1,muskhogean::n,n,14,,,
personal_information_manager,personal information manager,1,personal_information_manager::n,n,14,,,
phasmidia,phasmidia,1,phasmidia::n,n,14,,,
plassey,plassey,1,plassey::n,n,14,,,
powhatan,powhatan,1,powhatan::n,n,14,,,
provirus,provirus,1,provirus::n,n,14,,,
pteridaceae,pteridaceae,1,pteridaceae::n,n,14,,,
pulse_oximeter,pulse oximeter,1,pulse_oximeter::n,n,14,,,
raising_agent,raising agent,1,raising_agent::n,n,14,,,
recursion,recursion,1,recursion::n,n,14,,,
regression_coefficient,regression coefficient,1,regression_coefficient::n,n,14,,,
samoyed,samoyed,1,samoyed::n,n,14,,,
scleropages_jardinii,scleropages jardinii,1,scleropages_jardinii::n,n,14,,,
scleropages_leichardti,scleropages leichardti,1,scleropages_leichardti::n,n,14,,,
scrophulariaceae,scrophulariaceae,1,scrophulariaceae::n,n,14,,,
second_base,second base,1,second_base::n,n,14,,,
second_growth,second growth,1,second_growth::n,n,14,,,
sheet_metal,sheet metal,1,sheet_metal::n,n,14,,,
silkworm_moth,silkworm moth,1,silkworm_moth::n,n,14,,,
solfa,solfa,1,solfa::n,n,14,,,
tenormin,tenormin,1,tenormin::n,n,14,,,
trevelyan,trevelyan,1,trevelyan::n,n,14,,,
triglidae,triglidae,1,triglidae::n,n,14,,,
yhvh,yhvh,1,yhvh::n,n,14,,,
zinacef,zinacef,1,zinacef::n,n,14,,,
zithromax,zithromax,1,zithromax::n,n,14,,,
acoustic_impedance,acoustic impedance,1,acoustic_impedance::n,n,13,,,
acoustic_reactance,acoustic reactance,1,acoustic_reactance::n,n,13,,,
acoustic_resistance,acoustic resistance,1,acoustic_resistance::n,n,13,,,
alkaline_metal,alkaline metal,1,alkaline_metal::n,n,13,,,
bmi,bmi,1,bmi::n,n,13,,,
boethius,boethius,1,boethius::n,n,13,,,
boletellus,boletellus,1,boletellus::n,n,13,,,
cacodyl,cacodyl,1,cacodyl::n,n,13,,,
caracolito,caracolito,1,caracolito::n,n,13,,,
carafate,carafate,1,carafate::n,n,13,,,
caranx_hippos,caranx hippos,1,caranx_hippos::n,n,13,,,
clozaril,clozaril,1,clozaril::n,n,13,,,
complex_sentence,complex sentence,1,complex_sentence::n,n,13,,,
concrete_vibrator,concrete vibrator,1,concrete_vibrator::n,n,13,,,
cordarone,cordarone,1,cordarone::n,n,13,,,
corylus,corylus,1,corylus::n,n,13,,,
dahlia_pinnata,dahlia pinnata,1,dahlia_pinnata::n,n,13,,,
delphi,delphi,1,delphi::n,n,13,,,
division_gymnospermophyta,division gymnospermophyta,1,division_gymnospermophyta::n,n,13,,,
elisabethville,elisabethville,1,elisabethville::n,n,13,,,
falcatifolium_taxoides,falcatifolium taxoides,1,falcatifolium_taxoides::n,n,13,,,
frustum,frustum,1,frustum::n,n,13,,,
gastrula,gastrula,1,gastrula::n,n,13,,,
gnetophyta,gnetophyta,1,gnetophyta::n,n,13,,,
gnetopsida,gnetopsida,1,gnetopsida::n,n,13,,,
greyback,greyback,1,greyback::n,n,13,,,
head_line,head line,1,head_line::n,n,13,,,
humulin,humulin,1,humulin::n,n,13,,,
labor_movement,labor movement,1,labor_movement::n,n,13,,,
lanoxin,lanoxin,1,lanoxin::n,n,13,,,
leaven_agent,leaven agent,1,leaven_agent::n,n,13,,,
light_fixture,light fixture,1,light_fixture::n,n,13,,,
locoism,locoism,1,locoism::n,n,13,,,
loranthaceae,loranthaceae,1,loranthaceae::n,n,13,,,
lorfan,lorfan,1,lorfan::n,n,13,,,
luffa,luffa,1,luffa::n,n,13,,,
lumbar_vertebra,lumbar vertebra,1,lumbar_vertebra::n,n,13,,,
married_woman,married woman,1,married_woman::n,n,13,,,
mental_representation,mental representation,1,mental_representation::n,n,13,,,
mimamsa,mimamsa,1,mimamsa::n,n,13,,,
mv,mv,1,mv::n,n,13,,,
nafcil,nafcil,1,nafcil::n,n,13,,,
palmae,palmae,1,palmae::n,n,13,,,
pamelor,pamelor,1,pamelor::n,n,13,,,
parnassia,parnassia,1,parnassia::n,n,13,,,
perognathus,perognathus,1,perognathus::n,n,13,,,
pinopsida,pinopsida,1,pinopsida::n,n,13,,,
pipilo,pipilo,1,pipilo::n,n,13,,,
pluteaceae,pluteaceae,1,pluteaceae::n,n,13,,,
polemoniales,polemoniales,1,polemoniales::n,n,13,,,
remicade,remicade,1,remicade::n,n,13,,,
restoril,restoril,1,restoril::n,n,13,,,
riparia,riparia,1,riparia::n,n,13,,,
roneo,roneo,1,roneo::n,n,13,,,
rushlike,rushlike,1,rushlike::a,a,13,,,
ski_binding,ski binding,1,ski_binding::n,n,13,,,
spermatophyta,spermatophyta,1,spermatophyta::n,n,13,,,
subdivision_gnetophytina,subdivision gnetophytina,1,subdivision_gnetophytina::n,n,13,,,
subdivision_pinophytina,subdivision pinophytina,1,subdivision_pinophytina::n,n,13,,,
subdivision_taxophytina,subdivision taxophytina,1,subdivision_taxophytina::n,n,13,,,
tarantism,tarantism,1,tarantism::n,n,13,,,
taxopsida,taxopsida,1,taxopsida::n,n,13,,,
teraflop,teraflop,1,teraflop::n,n,13,,,
terrestrial_time,terrestrial time,1,terrestrial_time::n,n,13,,,
tithonia,tithonia,1,tithonia::n,n,13,,,
uighur,uighur,1,uighur::n,n,13,,,
ursus,ursus,1,ursus::n,n,13,,,
vldl,vldl,1,vldl::n,n,13,,,
wash_hand_stand,wash hand stand,1,wash_hand_stand::n,n,13,,,
west_bank,west bank,1,west_bank::n,n,13,,,
western_concert_flute,western concert flute,1,western_concert_flute::n,n,13,,,
zinc_sulfide,zinc sulfide,1,zinc_sulfide::n,n,13,,,
absolute_zero,absolute zero,1,absolute_zero::n,n,12,,,
agene,agene,1,agene::n,n,12,,,
alsophila,alsophila,1,alsophila::n,n,12,,,
araxes,araxes,1,araxes::n,n,12,,,
argemone,argemone,1,argemone::n,n,12,,,
avens,avens,1,avens::n,n,12,,,
axillary_artery,axillary artery,1,axillary_artery::n,n,12,,,
banksia,banksia,1,banksia::n,n,12,,,
bartholins_gland,bartholins gland,1,bartholins_gland::n,n,12,,,
boehm_flute,boehm flute,1,boehm_flute::n,n,12,,,
bone_ash,bone ash,1,bone_ash::n,n,12,,,
c_flute,c flute,1,c_flute::n,n,12,,,
cacao,cacao,1,cacao::n,n,12,,,
chaga,chaga,1,chaga::n,n,12,,,
cipro,cipro,1,cipro::n,n,12,,,
clusia,clusia,1,clusia::n,n,12,,,
coreopsis,coreopsis,1,coreopsis::n,n,12,,,
cornus,cornus,1,cornus::n,n,12,,,
crystal_violet,crystal violet,1,crystal_violet::n,n,12,,,
cucurbitaceae,cucurbitaceae,1,cucurbitaceae::n,n,12,,,
cycloloma,cycloloma,1,cycloloma::n,n,12,,,
dhu_al_hijja,dhu al hijja,1,dhu_al_hijja::n,n,12,,,
diocletian,diocletian,1,diocletian::n,n,12,,,
dry_snow,dry snow,1,dry_snow::n,n,12,,,
east_southeast,east southeast,1,east_southeast::n,n,12,,,
enbrel,enbrel,1,enbrel::n,n,12,,,
eucerin_anhydrous,eucerin anhydrous,1,eucerin_anhydrous::n,n,12,,,
eucerine_anhydrous,eucerine anhydrous,1,eucerine_anhydrous::n,n,12,,,
factor_xiii,factor xiii,1,factor_xiii::n,n,12,,,
fibrinase,fibrinase,1,fibrinase::n,n,12,,,
first_light,first light,1,first_light::n,n,12,,,
gastric_juice,gastric juice,1,gastric_juice::n,n,12,,,
genyonemus,genyonemus,1,genyonemus::n,n,12,,,
glomerulus,glomerulus,1,glomerulus::n,n,12,,,
halcion,halcion,1,halcion::n,n,12,,,
hegira,hegira,1,hegira::n,n,12,,,
hejaz,hejaz,1,hejaz::n,n,12,,,
high_low,high low,1,high_low::n,n,12,,,
hyazyme,hyazyme,1,hyazyme::n,n,12,,,
ice_field,ice field,1,ice_field::n,n,12,,,
inuit,inuit,1,inuit::n,n,12,,,
laboratory_glassware,laboratory glassware,1,laboratory_glassware::n,n,12,,,
lexeme,lexeme,1,lexeme::n,n,12,,,
loosestrife,loosestrife,1,loosestrife::n,n,12,,,
marduk,marduk,1,marduk::n,n,12,,,
marianas,marianas,1,marianas::n,n,12,,,
mauritius,mauritius,1,mauritius::n,n,12,,,
mental_condition,mental condition,1,mental_condition::n,n,12,,,
mevacor,mevacor,1,mevacor::n,n,12,,,
mutamycin,mutamycin,1,mutamycin::n,n,12,,,
naprosyn,naprosyn,1,naprosyn::n,n,12,,,
neurontin,neurontin,1,neurontin::n,n,12,,,
norlutin,norlutin,1,norlutin::n,n,12,,,
nubia,nubia,1,nubia::n,n,12,,,
oleaceae,oleaceae,1,oleaceae::n,n,12,,,
pawl,pawl,1,pawl::n,n,12,,,
philadelphus,philadelphus,1,philadelphus::n,n,12,,,
pineus_pinifoliae,pineus pinifoliae,1,pineus_pinifoliae::n,n,12,,,
poison_ivy,poison ivy,1,poison_ivy::n,n,12,,,
potamogetonaceae,potamogetonaceae,1,potamogetonaceae::n,n,12,,,
priestley,priestley,1,priestley::n,n,12,,,
pyrimidine,pyrimidine,1,pyrimidine::n,n,12,,,
qing_dynasty,qing dynasty,1,qing_dynasty::n,n,12,,,
rams_head,rams head,1,rams_head::n,n,12,,,
rhizoctinia,rhizoctinia,1,rhizoctinia::n,n,12,,,
scotch_tape,scotch tape,1,scotch_tape::n,n,12,,,4.86
sellotape,sellotape,2,sellotape::n;sellotape::v,n;v,12,,,
silage,silage,1,silage::n,n,12,,,
silicon_carbide,silicon carbide,1,silicon_carbide::n,n,12,,,
sodium_silicate,sodium silicate,1,sodium_silicate::n,n,12,,,
spathiphyllum,spathiphyllum,1,spathiphyllum::n,n,12,,,
stapelia,stapelia,1,stapelia::n,n,12,,,
stevia,stevia,1,stevia::n,n,12,,,
stir_up,stir up,1,stir_up::v,v,12,,,3.07
suksdorfia,suksdorfia,1,suksdorfia::n,n,12,,,
telephone_service,telephone service,1,telephone_service::n,n,12,,,
trombiculidae,trombiculidae,1,trombiculidae::n,n,12,,,
tungus,tungus,1,tungus::n,n,12,,,
tuvalu,tuvalu,1,tuvalu::n,n,12,,,
vapor_pressure,vapor pressure,1,vapor_pressure::n,n,12,,,
vapour_bath,vapour bath,1,vapour_bath::n,n,12,,,
vernonia,vernonia,1,vernonia::n,n,12,,,
vioxx,vioxx,1,vioxx::n,n,12,,,
water_oak,water oak,1,water_oak::n,n,12,,,
yellow_trumpet,yellow trumpet,1,yellow_trumpet::n,n,12,,,
abelia,abelia,1,abelia::n,n,11,,,
acid_rain,acid rain,1,acid_rain::n,n,11,,,4.2
actinide_series,actinide series,1,actinide_series::n,n,11,,,
adelgidae,adelgidae,1,adelgidae::n,n,11,,,
adult_female,adult female,1,adult_female::n,n,11,,,
alocasia,alocasia,1,alocasia::n,n,11,,,
aluminium_nitrate,aluminium nitrate,1,aluminium_nitrate::n,n,11,,,
amebic_dysentery,amebic dysentery,1,amebic_dysentery::n,n,11,,,
aplastic_anemia,aplastic anemia,1,aplastic_anemia::n,n,11,,,
ardennes_counteroffensive,ardennes counteroffensive,1,ardennes_counteroffensive::n,n,11,,,
astatine,astatine,1,astatine::n,n,11,,,
australopithecus_robustus,australopithecus robustus,1,australopithecus_robustus::n,n,11,,,
balance_wheel,balance wheel,1,balance_wheel::n,n,11,,,
ballistite,ballistite,1,ballistite::n,n,11,,,
belamcanda,belamcanda,1,belamcanda::n,n,11,,,
bellerophon,bellerophon,1,bellerophon::n,n,11,,,
belostomatidae,belostomatidae,1,belostomatidae::n,n,11,,,
betel_pepper,betel pepper,1,betel_pepper::n,n,11,,,
bletia,bletia,1,bletia::n,n,11,,,
brevibloc,brevibloc,1,brevibloc::n,n,11,,,
brodiaea,brodiaea,1,brodiaea::n,n,11,,,
caladium,caladium,1,caladium::n,n,11,,,
call_forth,call forth,1,call_forth::v,v,11,,,
capoten,capoten,1,capoten::n,n,11,,,
cassava_starch,cassava starch,1,cassava_starch::n,n,11,,,
casuarina,casuarina,1,casuarina::n,n,11,,,
catecholamine,catecholamine,1,catecholamine::n,n,11,,,
celiac_trunk,celiac trunk,1,celiac_trunk::n,n,11,,,
ceratozamia,ceratozamia,1,ceratozamia::n,n,11,,,
chalcostigma,chalcostigma,1,chalcostigma::n,n,11,,,
clintonia,clintonia,1,clintonia::n,n,11,,,
common_ginger,common ginger,1,common_ginger::n,n,11,,,
congo_red,congo red,1,congo_red::n,n,11,,,
coronary_sinus,coronary sinus,1,coronary_sinus::n,n,11,,,
cotton_grass,cotton grass,1,cotton_grass::n,n,11,,,
cuprimine,cuprimine,1,cuprimine::n,n,11,,,
cut_down,cut down,1,cut_down::v,v,11,,,3.44
cutting_off,cutting off,1,cutting_off::n,n,11,,,
daylight_vision,daylight vision,1,daylight_vision::n,n,11,,,
dilaudid,dilaudid,1,dilaudid::n,n,11,,,
drosophyllum,drosophyllum,1,drosophyllum::n,n,11,,,
eductor_jet_pump,eductor jet pump,1,eductor_jet_pump::n,n,11,,,
epacris,epacris,1,epacris::n,n,11,,,
erythrina,erythrina,1,erythrina::n,n,11,,,
ethocaine,ethocaine,1,ethocaine::n,n,11,,,
execution_speed,execution speed,1,execution_speed::n,n,11,,,
external_iliac_vein,external iliac vein,1,external_iliac_vein::n,n,11,,,
fringed_pink,fringed pink,1,fringed_pink::n,n,11,,,
given_name,given name,1,given_name::n,n,11,,,
glauconite,glauconite,1,glauconite::n,n,11,,,
gyromitra,gyromitra,1,gyromitra::n,n,11,,,
hemofil,hemofil,1,hemofil::n,n,11,,,
hydraulic_motor,hydraulic motor,1,hydraulic_motor::n,n,11,,,
jenner,jenner,1,jenner::n,n,11,,,
kierkegaard,kierkegaard,1,kierkegaard::n,n,11,,,
kniphofia,kniphofia,1,kniphofia::n,n,11,,,
kotex,kotex,1,kotex::n,n,11,,,
lamisil,lamisil,1,lamisil::n,n,11,,,
law_degree,law degree,1,law_degree::n,n,11,,,
lay_out,lay out,1,lay_out::v,v,11,,,
lemuroidea,lemuroidea,1,lemuroidea::n,n,11,,,
leucothoe,leucothoe,1,leucothoe::n,n,11,,,
listeria_monocytogenes,listeria monocytogenes,1,listeria_monocytogenes::n,n,11,,,
live_together,live together,1,live_together::v,v,11,,,
lots_wife,lots wife,1,lots_wife::n,n,11,,,
lycopodium_obscurum,lycopodium obscurum,1,lycopodium_obscurum::n,n,11,,,
malabsorption_syndrome,malabsorption syndrome,1,malabsorption_syndrome::n,n,11,,,
maxillary_palpus,maxillary palpus,1,maxillary_palpus::n,n,11,,,
mebaral,mebaral,1,mebaral::n,n,11,,,
myxosporidia,myxosporidia,1,myxosporidia::n,n,11,,,
nalfon,nalfon,1,nalfon::n,n,11,,,
neobiotic,neobiotic,1,neobiotic::n,n,11,,,
neophron,neophron,1,neophron::n,n,11,,,
nepenthes,nepenthes,1,nepenthes::n,n,11,,,
norflex,norflex,1,norflex::n,n,11,,,
northern_pitch_pine,northern pitch pine,1,northern_pitch_pine::n,n,11,,,
norvasc,norvasc,1,norvasc::n,n,11,,,
oxidation_number,oxidation number,1,oxidation_number::n,n,11,,,
panic_grass,panic grass,1,panic_grass::n,n,11,,,
paxil,paxil,1,paxil::n,n,11,,,
peloponnesus,peloponnesus,1,peloponnesus::n,n,11,,,
perennial_ragweed,perennial ragweed,1,perennial_ragweed::n,n,11,,,
pim,pim,1,pim::n,n,11,,,
pim_tool,pim tool,1,pim_tool::n,n,11,,,
pitta,pitta,1,pitta::n,n,11,,,
polystichum_scopulinum,polystichum scopulinum,1,polystichum_scopulinum::n,n,11,,,
ponstel,ponstel,1,ponstel::n,n,11,,,
pravachol,pravachol,1,pravachol::n,n,11,,,
princess_pine,princess pine,1,princess_pine::n,n,11,,,
purkinje,purkinje,1,purkinje::n,n,11,,,
pyracantha,pyracantha,1,pyracantha::n,n,11,,,
pyrola,pyrola,1,pyrola::n,n,11,,,
salicylic_alcohol,salicylic alcohol,1,salicylic_alcohol::n,n,11,,,
saligenin,saligenin,1,saligenin::n,n,11,,,
sandboy,sandboy,1,sandboy::n,n,11,,,
serax,serax,1,serax::n,n,11,,,
sex_toy,sex toy,1,sex_toy::n,n,11,,,
shortia,shortia,1,shortia::n,n,11,,,
sliding_bolt,sliding bolt,1,sliding_bolt::n,n,11,,,
solomons_seal,solomons seal,1,solomons_seal::n,n,11,,,
sporanox,sporanox,1,sporanox::n,n,11,,,
steam_ejector,steam ejector,1,steam_ejector::n,n,11,,,
steam_injector,steam injector,1,steam_injector::n,n,11,,,
strophanthus,strophanthus,1,strophanthus::n,n,11,,,
tagamet,tagamet,1,tagamet::n,n,11,,,
thermocompressor,thermocompressor,1,thermocompressor::n,n,11,,,
thorazine,thorazine,1,thorazine::n,n,11,,,
tiliomycetes,tiliomycetes,1,tiliomycetes::n,n,11,,,
tobacco_hornworm,tobacco hornworm,1,tobacco_hornworm::n,n,11,,,
true_blackberry,true blackberry,1,true_blackberry::n,n,11,,,
urochord,urochord,1,urochord::n,n,11,,,
vasotec,vasotec,1,vasotec::n,n,11,,,
viocin,viocin,1,viocin::n,n,11,,,
whole_meal_flour,whole meal flour,1,whole_meal_flour::n,n,11,,,
xeranthemum,xeranthemum,1,xeranthemum::n,n,11,,,
yellow_pea,yellow pea,1,yellow_pea::n,n,11,,,
zimmer,zimmer,1,zimmer::n,n,11,,,
zoloft,zoloft,1,zoloft::n,n,11,,,
zyloprim,zyloprim,1,zyloprim::n,n,11,,,
activase,activase,1,activase::n,n,10,,,
adelges_abietis,adelges abietis,1,adelges_abietis::n,n,10,,,
aegypius,aegypius,1,aegypius::n,n,10,,,
al_hakim,al hakim,1,al_hakim::n,n,10,,,
alkaptonuria,alkaptonuria,1,alkaptonuria::n,n,10,,,
anaphor,anaphor,1,anaphor::n,n,10,,,
angas,angas,1,angas::n,n,10,,,
antabuse,antabuse,1,antabuse::n,n,10,,,
apresoline,apresoline,1,apresoline::n,n,10,,,
arum,arum,1,arum::n,n,10,,,
augustinian,augustinian,1,augustinian::n,n,10,,,
bay_rum,bay rum,1,bay_rum::n,n,10,,,
bedstraw,bedstraw,1,bedstraw::n,n,10,,,
blephilia_hirsuta,blephilia hirsuta,1,blephilia_hirsuta::n,n,10,,,
bone_black,bone black,1,bone_black::n,n,10,,,
bring_back,bring back,1,bring_back::v,v,10,,,3.19
brynhild,brynhild,1,brynhild::n,n,10,,,
cadmium_sulphide,cadmium sulphide,1,cadmium_sulphide::n,n,10,,,
caryophyllales,caryophyllales,1,caryophyllales::n,n,10,,,
celiac_artery,celiac artery,1,celiac_artery::n,n,10,,,
clomid,clomid,1,clomid::n,n,10,,,
cold_weather,cold weather,1,cold_weather::n,n,10,,,
contralto,contralto,1,contralto::n,n,10,,,
corgard,corgard,1,corgard::n,n,10,,,
cowage,cowage,1,cowage::n,n,10,,,
cryptocoryne,cryptocoryne,1,cryptocoryne::n,n,10,,,
deckle,deckle,1,deckle::n,n,10,,,
declomycin,declomycin,1,declomycin::n,n,10,,,
deepfreeze,deepfreeze,1,deepfreeze::n,n,10,,,3.71
dennstaedtiaceae,dennstaedtiaceae,1,dennstaedtiaceae::n,n,10,,,
detached_retina,detached retina,1,detached_retina::n,n,10,,,
digging_up,digging up,1,digging_up::n,n,10,,,
digitaria_ischaemum,digitaria ischaemum,1,digitaria_ischaemum::n,n,10,,,
dombeya,dombeya,1,dombeya::n,n,10,,,
edmond_de_goncourt,edmond de goncourt,1,edmond_de_goncourt::n,n,10,,,
elavil,elavil,1,elavil::n,n,10,,,
elinvar,elinvar,1,elinvar::n,n,10,,,
encephalartos,encephalartos,1,encephalartos::n,n,10,,,
enkaid,enkaid,1,enkaid::n,n,10,,,
epimetheus,epimetheus,1,epimetheus::n,n,10,,,
epiphyllum,epiphyllum,1,epiphyllum::n,n,10,,,
et_al,et al,1,et_al::r,r,10,,,
et_alia,et alia,1,et_alia::r,r,10,,,
et_aliae,et aliae,1,et_aliae::r,r,10,,,
et_alii,et alii,1,et_alii::r,r,10,,,
euphractus,euphractus,1,euphractus::n,n,10,,,
feldene,feldene,1,feldene::n,n,10,,,
flower_stalk,flower stalk,1,flower_stalk::n,n,10,,,
fosamax,fosamax,1,fosamax::n,n,10,,,
gerardia,gerardia,1,gerardia::n,n,10,,,
giving_birth,giving birth,1,giving_birth::n,n,10,,,
go_through,go through,1,go_through::v,v,10,,,
golgi,golgi,1,golgi::n,n,10,,,
granadilla,granadilla,1,granadilla::n,n,10,,,
ground_control,ground control,1,ground_control::n,n,10,,,
halicarnassus,halicarnassus,1,halicarnassus::n,n,10,,,
helianthemum,helianthemum,1,helianthemum::n,n,10,,,
helianthus,helianthus,1,helianthus::n,n,10,,,
helotiaceae,helotiaceae,1,helotiaceae::n,n,10,,,
horsemint,horsemint,1,horsemint::n,n,10,,,
hydrofluoric_acid,hydrofluoric acid,1,hydrofluoric_acid::n,n,10,,,
hypertensin,hypertensin,1,hypertensin::n,n,10,,,
inocor,inocor,1,inocor::n,n,10,,,
kameez,kameez,1,kameez::n,n,10,,,
kavrin,kavrin,1,kavrin::n,n,10,,,
kwell,kwell,1,kwell::n,n,10,,,
lescol,lescol,1,lescol::n,n,10,,,
lignum_vitae,lignum vitae,1,lignum_vitae::n,n,10,,,
lincocin,lincocin,1,lincocin::n,n,10,,,
lobeliaceae,lobeliaceae,1,lobeliaceae::n,n,10,,,
long_chain,long chain,1,long_chain::n,n,10,,,
low_voltage,low voltage,1,low_voltage::a,a,10,,,
lycopodium_clavitum,lycopodium clavitum,1,lycopodium_clavitum::n,n,10,,,
macrozamia,macrozamia,1,macrozamia::n,n,10,,,
mandara,mandara,1,mandara::n,n,10,,,
mantissa,mantissa,1,mantissa::n,n,10,,,
marburg_disease,marburg disease,1,marburg_disease::n,n,10,,,
marsileaceae,marsileaceae,1,marsileaceae::n,n,10,,,
menieres_disease,menieres disease,1,menieres_disease::n,n,10,,,
merthiolate,merthiolate,1,merthiolate::n,n,10,,,
milkwort,milkwort,1,milkwort::n,n,10,,,
minocin,minocin,1,minocin::n,n,10,,,
mohs_scale,mohs scale,1,mohs_scale::n,n,10,,,
monkey_nut,monkey nut,1,monkey_nut::n,n,10,,,
mycobacteriaceae,mycobacteriaceae,1,mycobacteriaceae::n,n,10,,,
neohygrophorus,neohygrophorus,1,neohygrophorus::n,n,10,,,
nerva,nerva,1,nerva::n,n,10,,,
oceanic_bonito,oceanic bonito,1,oceanic_bonito::n,n,10,,,
parrys_pinyon,parrys pinyon,1,parrys_pinyon::n,n,10,,,
periclase,periclase,1,periclase::n,n,10,,,
phylloxeridae,phylloxeridae,1,phylloxeridae::n,n,10,,,
prostigmin,prostigmin,1,prostigmin::n,n,10,,,
protea,protea,1,protea::n,n,10,,,
pulmonary_trunk,pulmonary trunk,1,pulmonary_trunk::n,n,10,,,
pyinma,pyinma,1,pyinma::n,n,10,,,
red_jungle_fowl,red jungle fowl,1,red_jungle_fowl::n,n,10,,,
right_whale,right whale,1,right_whale::n,n,10,,,
rocephin,rocephin,1,rocephin::n,n,10,,,
rochelle_salt,rochelle salt,1,rochelle_salt::n,n,10,,,
rohypnol,rohypnol,1,rohypnol::n,n,10,,,
sandfly_fever,sandfly fever,1,sandfly_fever::n,n,10,,,
sapindales,sapindales,1,sapindales::n,n,10,,,
sciaenops,sciaenops,1,sciaenops::n,n,10,,,
sciaridae,sciaridae,1,sciaridae::n,n,10,,,
sclerotium,sclerotium,1,sclerotium::n,n,10,,,
scribbling_block,scribbling block,1,scribbling_block::n,n,10,,,
selaginella,selaginella,1,selaginella::n,n,10,,,
semicoke,semicoke,1,semicoke::n,n,10,,,
skin_over,skin over,1,skin_over::v,v,10,,,
sotho,sotho,2,sotho::a;sotho::n,a;n,10,,,
tambocor,tambocor,1,tambocor::n,n,10,,,
tulipwood,tulipwood,1,tulipwood::n,n,10,,,
west_northwest,west northwest,1,west_northwest::n,n,10,,,
wintergreen_oil,wintergreen oil,1,wintergreen_oil::n,n,10,,,
wrick,wrick,1,wrick::n,n,10,,,
yellow_green,yellow green,1,yellow_green::a,a,10,,,
zantac,zantac,1,zantac::n,n,10,,,
zocor,zocor,1,zocor::n,n,10,,,
zovirax,zovirax,1,zovirax::n,n,10,,,
acacia_catechu,acacia catechu,1,acacia_catechu::n,n,9,,,
achromycin,achromycin,1,achromycin::n,n,9,,,
acrilan,acrilan,1,acrilan::n,n,9,,,
actomyosin,actomyosin,1,actomyosin::n,n,9,,,
adrenal_medulla,adrenal medulla,1,adrenal_medulla::n,n,9,,,
alcaeus,alcaeus,1,alcaeus::n,n,9,,,
angora_goat,angora goat,1,angora_goat::n,n,9,,,
anisotremus,anisotremus,1,anisotremus::n,n,9,,,
antivert,antivert,1,antivert::n,n,9,,,
aphyllanthaceae,aphyllanthaceae,1,aphyllanthaceae::n,n,9,,,
apportioning,apportioning,1,apportioning::n,n,9,,,
aquilegia,aquilegia,1,aquilegia::n,n,9,,,
armhole,armhole,1,armhole::n,n,9,,,4.24
astilbe,astilbe,1,astilbe::n,n,9,,,
ativan,ativan,1,ativan::n,n,9,,,
atomic_mass,atomic mass,1,atomic_mass::n,n,9,,,
atrioventricular_bundle,atrioventricular bundle,1,atrioventricular_bundle::n,n,9,,,
azactam,azactam,1,azactam::n,n,9,,,
bairdiella,bairdiella,1,bairdiella::n,n,9,,,
bass_viol,bass viol,1,bass_viol::n,n,9,,,
bathsheba,bathsheba,1,bathsheba::n,n,9,,,
baycol,baycol,1,baycol::n,n,9,,,
bextra,bextra,1,bextra::n,n,9,,,
blephilia_celiata,blephilia celiata,1,blephilia_celiata::n,n,9,,,
book_jacket,book jacket,1,book_jacket::n,n,9,,,
botaurus_lentiginosus,botaurus lentiginosus,1,botaurus_lentiginosus::n,n,9,,,
bufferin,bufferin,1,bufferin::n,n,9,,,
camel_cavalry,camel cavalry,1,camel_cavalry::n,n,9,,,
caragana,caragana,1,caragana::n,n,9,,,
cast_away,cast away,1,cast_away::v,v,9,,,2.86
celebrex,celebrex,1,celebrex::n,n,9,,,
cercidium,cercidium,1,cercidium::n,n,9,,,
cerebroside,cerebroside,1,cerebroside::n,n,9,,,
chloromycetin,chloromycetin,1,chloromycetin::n,n,9,,,
claforan,claforan,1,claforan::n,n,9,,,
clethra,clethra,1,clethra::n,n,9,,,
clianthus,clianthus,1,clianthus::n,n,9,,,
clostridium_perfringens,clostridium perfringens,1,clostridium_perfringens::n,n,9,,,
clyde,clyde,1,clyde::n,n,9,,,
colorimeter,colorimeter,1,colorimeter::n,n,9,,,
coumadin,coumadin,1,coumadin::n,n,9,,,
creatine_phosphoric_acid,creatine phosphoric acid,1,creatine_phosphoric_acid::n,n,9,,,
crotalaria,crotalaria,1,crotalaria::n,n,9,,,
croton_oil,croton oil,1,croton_oil::n,n,9,,,
dead_season,dead season,1,dead_season::n,n,9,,,
degree_centigrade,degree centigrade,1,degree_centigrade::n,n,9,,,
degree_fahrenheit,degree fahrenheit,1,degree_fahrenheit::n,n,9,,,
desyrel,desyrel,1,desyrel::n,n,9,,,
diamagnetic,diamagnetic,1,diamagnetic::a,a,9,,,
diapensiaceae,diapensiaceae,1,diapensiaceae::n,n,9,,,
dillenia,dillenia,1,dillenia::n,n,9,,,
dolby,dolby,1,dolby::n,n,9,,,
dolobid,dolobid,1,dolobid::n,n,9,,,
double_jeopardy,double jeopardy,1,double_jeopardy::n,n,9,,,
dried_out,dried out,1,dried_out::a,a,9,,,
dynapen,dynapen,1,dynapen::n,n,9,,,
echinocactus,echinocactus,1,echinocactus::n,n,9,,,
elymus,elymus,1,elymus::n,n,9,,,
entolomataceae,entolomataceae,1,entolomataceae::n,n,9,,,
falkner,falkner,1,falkner::n,n,9,,,
flagyl,flagyl,1,flagyl::n,n,9,,,
forward_pass,forward pass,1,forward_pass::n,n,9,,,
galactose,galactose,1,galactose::n,n,9,,,
glucophage,glucophage,1,glucophage::n,n,9,,,
glucotrol,glucotrol,1,glucotrol::n,n,9,,,
go_after,go after,1,go_after::v,v,9,,,2.5
harrisburg,harrisburg,1,harrisburg::n,n,9,,,
helichrysum,helichrysum,1,helichrysum::n,n,9,,,
heliopsis,heliopsis,1,heliopsis::n,n,9,,,
hemerocallidaceae,hemerocallidaceae,1,hemerocallidaceae::n,n,9,,,
hygrophorus,hygrophorus,1,hygrophorus::n,n,9,,,
hypocreaceae,hypocreaceae,1,hypocreaceae::n,n,9,,,
inderal,inderal,1,inderal::n,n,9,,,
isuprel,isuprel,1,isuprel::n,n,9,,,
lactaid,lactaid,1,lactaid::n,n,9,,,
lasix,lasix,1,lasix::n,n,9,,,
leccinum,leccinum,1,leccinum::n,n,9,,,
license_plate,license plate,1,license_plate::n,n,9,,,4.89
liomys,liomys,1,liomys::n,n,9,,,
loasa,loasa,1,loasa::n,n,9,,,
lycopodium_complanatum,lycopodium complanatum,1,lycopodium_complanatum::n,n,9,,,
magnesium_carbonate,magnesium carbonate,1,magnesium_carbonate::n,n,9,,,
maguey,maguey,1,maguey::n,n,9,,,
major_general,major general,1,major_general::n,n,9,,,
make_believe,make believe,1,make_believe::v,v,9,,,
marasca,marasca,1,marasca::n,n,9,,,
marattiaceae,marattiaceae,1,marattiaceae::n,n,9,,,
mavik,mavik,1,mavik::n,n,9,,,
melopsittacus,melopsittacus,1,melopsittacus::n,n,9,,,
mesantoin,mesantoin,1,mesantoin::n,n,9,,,
metatarsus,metatarsus,1,metatarsus::n,n,9,,,
miltonia,miltonia,1,miltonia::n,n,9,,,
momotidae,momotidae,1,momotidae::n,n,9,,,
mountain_fern,mountain fern,1,mountain_fern::n,n,9,,,
movie_projector,movie projector,1,movie_projector::n,n,9,,,
multiplicative_inverse,multiplicative inverse,1,multiplicative_inverse::n,n,9,,,
niobium,niobium,1,niobium::n,n,9,,,
nux_vomica,nux vomica,1,nux_vomica::n,n,9,,,
odontoglossum,odontoglossum,1,odontoglossum::n,n,9,,,
oleandraceae,oleandraceae,1,oleandraceae::n,n,9,,,
oncovin,oncovin,1,oncovin::n,n,9,,,
orinase,orinase,1,orinase::n,n,9,,,
oruvail,oruvail,1,oruvail::n,n,9,,,
pathetic_fallacy,pathetic fallacy,1,pathetic_fallacy::n,n,9,,,
pepcid,pepcid,1,pepcid::n,n,9,,,
phenergan,phenergan,1,phenergan::n,n,9,,,
philippine_mahogany,philippine mahogany,1,philippine_mahogany::n,n,9,,,
phlomis,phlomis,1,phlomis::n,n,9,,,
physostegia,physostegia,1,physostegia::n,n,9,,,
pinaceae,pinaceae,1,pinaceae::n,n,9,,,
pipracil,pipracil,1,pipracil::n,n,9,,,
plaquenil,plaquenil,1,plaquenil::n,n,9,,,
prickle_cell,prickle cell,1,prickle_cell::n,n,9,,,
primula,primula,1,primula::n,n,9,,,
procardia,procardia,1,procardia::n,n,9,,,
proteaceae,proteaceae,1,proteaceae::n,n,9,,,
pteropus_hypomelanus,pteropus hypomelanus,1,pteropus_hypomelanus::n,n,9,,,
pull_back,pull back,1,pull_back::v,v,9,,,3.04
purinethol,purinethol,1,purinethol::n,n,9,,,
quarter_section,quarter section,1,quarter_section::n,n,9,,,
quira,quira,1,quira::n,n,9,,,
registered_post,registered post,1,registered_post::n,n,9,,,
retinene,retinene,1,retinene::n,n,9,,,
ribes_sanguineum,ribes sanguineum,1,ribes_sanguineum::n,n,9,,,
ritalin,ritalin,1,ritalin::n,n,9,,,4.69
saxifraga,saxifraga,1,saxifraga::n,n,9,,,
schizanthus,schizanthus,1,schizanthus::n,n,9,,,
second_year,second year,1,second_year::a,a,9,,,
single_channel,single channel,1,single_channel::a,a,9,,,
small_scale,small scale,1,small_scale::a,a,9,,,
sobralia,sobralia,1,sobralia::n,n,9,,,
soybean_milk,soybean milk,1,soybean_milk::n,n,9,,,
spalacidae,spalacidae,1,spalacidae::n,n,9,,,
stalinabad,stalinabad,1,stalinabad::n,n,9,,,
stelis,stelis,1,stelis::n,n,9,,,
supraorbital_vein,supraorbital vein,1,supraorbital_vein::n,n,9,,,
surmontil,surmontil,1,surmontil::n,n,9,,,
todidae,todidae,1,todidae::n,n,9,,,
tolu_balsam,tolu balsam,1,tolu_balsam::n,n,9,,,
topgallant_mast,topgallant mast,1,topgallant_mast::n,n,9,,,
trapa,trapa,1,trapa::n,n,9,,,
viagra,viagra,1,viagra::n,n,9,,,
vice_admiral,vice admiral,1,vice_admiral::n,n,9,,,
virazole,virazole,1,virazole::n,n,9,,,
wild_geranium,wild geranium,1,wild_geranium::n,n,9,,,
yellowwood,yellowwood,1,yellowwood::n,n,9,,,
zinc_oxide,zinc oxide,1,zinc_oxide::n,n,9,,,
acaridae,acaridae,1,acaridae::n,n,8,,,
achillea,achillea,1,achillea::n,n,8,,,
acrocephalus,acrocephalus,1,acrocephalus::n,n,8,,,
aeschynanthus,aeschynanthus,1,aeschynanthus::n,n,8,,,
aldactone,aldactone,1,aldactone::n,n,8,,,
aldomet,aldomet,1,aldomet::n,n,8,,,
altace,altace,1,altace::n,n,8,,,
ammonium_carbonate,ammonium carbonate,1,ammonium_carbonate::n,n,8,,,
ampere_second,ampere second,1,ampere_second::n,n,8,,,
axial_flow_turbine,axial flow turbine,1,axial_flow_turbine::n,n,8,,,
bessemer,bessemer,1,bessemer::n,n,8,,,
black_locust,black locust,1,black_locust::n,n,8,,,4.93
bony_labyrinth,bony labyrinth,1,bony_labyrinth::n,n,8,,,
breed_line,breed line,1,breed_line::n,n,8,,,
burgoyne,burgoyne,1,burgoyne::n,n,8,,,
buspar,buspar,1,buspar::n,n,8,,,
cadastral_value,cadastral value,1,cadastral_value::n,n,8,,,
calanthe,calanthe,1,calanthe::n,n,8,,,
cambria,cambria,1,cambria::n,n,8,,,
canonist,canonist,1,canonist::a,a,8,,,
capros,capros,1,capros::n,n,8,,,
carbamic_acid,carbamic acid,1,carbamic_acid::n,n,8,,,
cardizem,cardizem,1,cardizem::n,n,8,,,
carissa,carissa,1,carissa::n,n,8,,,
cartagena_bark,cartagena bark,1,cartagena_bark::n,n,8,,,
cascara_buckthorn,cascara buckthorn,1,cascara_buckthorn::n,n,8,,,
catapres,catapres,1,catapres::n,n,8,,,
catch_sight,catch sight,1,catch_sight::v,v,8,,,
ceratopteris,ceratopteris,1,ceratopteris::n,n,8,,,
ceresin,ceresin,1,ceresin::n,n,8,,,
chainlike,chainlike,1,chainlike::a,a,8,,,
churidars,churidars,1,churidars::n,n,8,,,
cialis,cialis,1,cialis::n,n,8,,,
corixidae,corixidae,1,corixidae::n,n,8,,,
corozo,corozo,1,corozo::n,n,8,,,
cortinariaceae,cortinariaceae,1,cortinariaceae::n,n,8,,,
cupids_bow,cupids bow,1,cupids_bow::n,n,8,,,
cyanamide,cyanamide,1,cyanamide::n,n,8,,,
cyclades,cyclades,1,cyclades::n,n,8,,,
cypripedium,cypripedium,1,cypripedium::n,n,8,,,
dalmane,dalmane,1,dalmane::n,n,8,,,
davallia,davallia,1,davallia::n,n,8,,,
davalliaceae,davalliaceae,1,davalliaceae::n,n,8,,,
dc_motor,dc motor,1,dc_motor::n,n,8,,,
deutzia,deutzia,1,deutzia::n,n,8,,,
dexedrine,dexedrine,1,dexedrine::n,n,8,,,
dimetane,dimetane,1,dimetane::n,n,8,,,
dioon,dioon,1,dioon::n,n,8,,,
disk_brake,disk brake,1,disk_brake::n,n,8,,,
diuril,diuril,1,diuril::n,n,8,,,
doorhandle,doorhandle,1,doorhandle::n,n,8,,,4.82
dracontium,dracontium,1,dracontium::n,n,8,,,
drum_brake,drum brake,1,drum_brake::n,n,8,,,
ebenales,ebenales,1,ebenales::n,n,8,,,
erik_von_willebrand,erik von willebrand,1,erik_von_willebrand::n,n,8,,,
european_raspberry,european raspberry,1,european_raspberry::n,n,8,,,
external_iliac_artery,external iliac artery,1,external_iliac_artery::n,n,8,,,
extravasation,extravasation,1,extravasation::n,n,8,,,
fasciolidae,fasciolidae,1,fasciolidae::n,n,8,,,
fermat,fermat,1,fermat::n,n,8,,,
field_gun,field gun,1,field_gun::n,n,8,,,
fissurellidae,fissurellidae,1,fissurellidae::n,n,8,,,
flaxedil,flaxedil,1,flaxedil::n,n,8,,,
flexeril,flexeril,1,flexeril::n,n,8,,,
frigg,frigg,1,frigg::n,n,8,,,
frunze,frunze,1,frunze::n,n,8,,,
full_stop,full stop,1,full_stop::n,n,8,,,3.44
fulvicin,fulvicin,1,fulvicin::n,n,8,,,
garamycin,garamycin,1,garamycin::n,n,8,,,
garden_webworm,garden webworm,1,garden_webworm::n,n,8,,,
genipa,genipa,1,genipa::n,n,8,,,
german_language,german language,1,german_language::n,n,8,,,
guard_hair,guard hair,1,guard_hair::n,n,8,,,
gula,gula,1,gula::n,n,8,,,
haldol,haldol,1,haldol::n,n,8,,,
helvella,helvella,1,helvella::n,n,8,,,
hermaphroditus,hermaphroditus,1,hermaphroditus::n,n,8,,,
hexalectris,hexalectris,1,hexalectris::n,n,8,,,
high_dudgeon,high dudgeon,1,high_dudgeon::n,n,8,,,
hospital_attendant,hospital attendant,1,hospital_attendant::n,n,8,,,
hottonia,hottonia,1,hottonia::n,n,8,,,
hydrangeaceae,hydrangeaceae,1,hydrangeaceae::n,n,8,,,
hygeia,hygeia,1,hygeia::n,n,8,,,
hygrocybe,hygrocybe,1,hygrocybe::n,n,8,,,
hyperstat,hyperstat,1,hyperstat::n,n,8,,,
imuran,imuran,1,imuran::n,n,8,,,
inga,inga,1,inga::n,n,8,,,
isordil,isordil,1,isordil::n,n,8,,,
ixodes_dentatus,ixodes dentatus,1,ixodes_dentatus::n,n,8,,,
ixodes_spinipalpis,ixodes spinipalpis,1,ixodes_spinipalpis::n,n,8,,,
izanami,izanami,1,izanami::n,n,8,,,
jerome,jerome,1,jerome::n,n,8,,,
jockey_shorts,jockey shorts,1,jockey_shorts::n,n,8,,,
kongo,kongo,1,kongo::n,n,8,,,
late_blight,late blight,1,late_blight::n,n,8,,,
lecanopteris,lecanopteris,1,lecanopteris::n,n,8,,,
leguminous_plant,leguminous plant,1,leguminous_plant::n,n,8,,,
leonidas,leonidas,1,leonidas::n,n,8,,,
levitra,levitra,1,levitra::n,n,8,,,
lobelia,lobelia,1,lobelia::n,n,8,,,
lopid,lopid,1,lopid::n,n,8,,,
low_altitude,low altitude,1,low_altitude::a,a,8,,,
loxostege_similalis,loxostege similalis,1,loxostege_similalis::n,n,8,,,
luluabourg,luluabourg,1,luluabourg::n,n,8,,,
lycopodium_lucidulum,lycopodium lucidulum,1,lycopodium_lucidulum::n,n,8,,,
make_full,make full,1,make_full::v,v,8,,,
maranta,maranta,1,maranta::n,n,8,,,
married_man,married man,1,married_man::n,n,8,,,
maxillaria,maxillaria,1,maxillaria::n,n,8,,,
mecholyl,mecholyl,1,mecholyl::n,n,8,,,
meclomen,meclomen,1,meclomen::n,n,8,,,
mellaril,mellaril,1,mellaril::n,n,8,,,
mitra,mitra,1,mitra::n,n,8,,,
mountain_mint,mountain mint,1,mountain_mint::n,n,8,,,
move_ahead,move ahead,1,move_ahead::v,v,8,,,
mucuna,mucuna,1,mucuna::n,n,8,,,
muscari,muscari,1,muscari::n,n,8,,,
mysoline,mysoline,1,mysoline::n,n,8,,,
nalline,nalline,1,nalline::n,n,8,,,
narcan,narcan,1,narcan::n,n,8,,,
nebcin,nebcin,1,nebcin::n,n,8,,,
nolle_prosequi,nolle prosequi,1,nolle_prosequi::v,v,8,,,
normandie,normandie,1,normandie::n,n,8,,,
north_northeast,north northeast,2,north_northeast::n;north_northeast::r,n;r,8,,,
north_northwest,north northwest,2,north_northwest::n;north_northwest::r,n;r,8,,,
nydrazid,nydrazid,1,nydrazid::n,n,8,,,
ophioglossaceae,ophioglossaceae,1,ophioglossaceae::n,n,8,,,
osmitrol,osmitrol,1,osmitrol::n,n,8,,,
oxalis,oxalis,1,oxalis::n,n,8,,,
pagrus,pagrus,1,pagrus::n,n,8,,,
pandanus,pandanus,1,pandanus::n,n,8,,,
patellidae,patellidae,1,patellidae::n,n,8,,,
paternity_leave,paternity leave,1,paternity_leave::n,n,8,,,
peritrate,peritrate,1,peritrate::n,n,8,,,
phylloporus,phylloporus,1,phylloporus::n,n,8,,,
pick_out,pick out,1,pick_out::v,v,8,,,3.07
pisiform,pisiform,1,pisiform::n,n,8,,,
plectranthus,plectranthus,1,plectranthus::n,n,8,,,
pleurothallis,pleurothallis,1,pleurothallis::n,n,8,,,
pneumovax,pneumovax,1,pneumovax::n,n,8,,,
polyborus,polyborus,1,polyborus::n,n,8,,,
polychrome,polychrome,1,polychrome::v,v,8,,,
prevacid,prevacid,1,prevacid::n,n,8,,,
prilosec,prilosec,1,prilosec::n,n,8,,,
provera,provera,1,provera::n,n,8,,,
psychrometer,psychrometer,1,psychrometer::n,n,8,,,
purine,purine,1,purine::n,n,8,,,
ramphomicron,ramphomicron,1,ramphomicron::n,n,8,,,
red_silk_cotton,red silk cotton,1,red_silk_cotton::n,n,8,,,
rescriptor,rescriptor,1,rescriptor::n,n,8,,,
rioja,rioja,1,rioja::n,n,8,,,
roll_down,roll down,1,roll_down::v,v,8,,,
sabbatia,sabbatia,1,sabbatia::n,n,8,,,
salvia_divinorum,salvia divinorum,1,salvia_divinorum::n,n,8,,,
sceloglaux,sceloglaux,1,sceloglaux::n,n,8,,,
sesbania,sesbania,1,sesbania::n,n,8,,,
ships_bell,ships bell,1,ships_bell::n,n,8,,,
shoebox,shoebox,1,shoebox::n,n,8,,,4.85
single_lane,single lane,1,single_lane::a,a,8,,,
soricidae,soricidae,1,soricidae::n,n,8,,,
south_southeast,south southeast,2,south_southeast::n;south_southeast::r,n;r,8,,,
stanhopea,stanhopea,1,stanhopea::n,n,8,,,
stretch_out,stretch out,1,stretch_out::v,v,8,,,3.72
sulamyd,sulamyd,1,sulamyd::n,n,8,,,
talwin,talwin,1,talwin::n,n,8,,,
tandearil,tandearil,1,tandearil::n,n,8,,,
tear_down,tear down,1,tear_down::v,v,8,,,3.27
tenth_part,tenth part,1,tenth_part::n,n,8,,,
tonocard,tonocard,1,tonocard::n,n,8,,,
trombidiidae,trombidiidae,1,trombidiidae::n,n,8,,,
tubulidentata,tubulidentata,1,tubulidentata::n,n,8,,,
tut_tut,tut tut,1,tut_tut::v,v,8,,,
uropsilus,uropsilus,1,uropsilus::n,n,8,,,
vasomax,vasomax,1,vasomax::n,n,8,,,
viramune,viramune,1,viramune::n,n,8,,,
woodwardia_virginica,woodwardia virginica,1,woodwardia_virginica::n,n,8,,,
wytensin,wytensin,1,wytensin::n,n,8,,,
zamia,zamia,1,zamia::n,n,8,,,
abelard,abelard,1,abelard::n,n,7,,,
achimenes,achimenes,1,achimenes::n,n,7,,,
achoerodus,achoerodus,1,achoerodus::n,n,7,,,
actitis,actitis,1,actitis::n,n,7,,,
addax,addax,1,addax::n,n,7,,,
additive_inverse,additive inverse,1,additive_inverse::n,n,7,,,
agrimonia,agrimonia,1,agrimonia::n,n,7,,,
agropyron,agropyron,1,agropyron::n,n,7,,,
ailanthus,ailanthus,1,ailanthus::n,n,7,,,
akhbari,akhbari,1,akhbari::n,n,7,,,
albatrellus,albatrellus,1,albatrellus::n,n,7,,,
alkeran,alkeran,1,alkeran::n,n,7,,,
allamanda,allamanda,1,allamanda::n,n,7,,,
aluminum_hydroxide,aluminum hydroxide,1,aluminum_hydroxide::n,n,7,,,
aluminum_oxide,aluminum oxide,1,aluminum_oxide::n,n,7,,,
amboyna_pine,amboyna pine,1,amboyna_pine::n,n,7,,,
ammonal,ammonal,1,ammonal::n,n,7,,,
anchusa,anchusa,1,anchusa::n,n,7,,,
anguidae,anguidae,1,anguidae::n,n,7,,,
ansaid,ansaid,1,ansaid::n,n,7,,,
antigonia,antigonia,1,antigonia::n,n,7,,,
aplectrum,aplectrum,1,aplectrum::n,n,7,,,
aralia,aralia,1,aralia::n,n,7,,,
arctocebus_calabarensis,arctocebus calabarensis,1,arctocebus_calabarensis::n,n,7,,,
argyrol,argyrol,1,argyrol::n,n,7,,,
asclepias,asclepias,1,asclepias::n,n,7,,,
asperula,asperula,1,asperula::n,n,7,,,
atherurus,atherurus,1,atherurus::n,n,7,,,
bailment,bailment,1,bailment::n,n,7,,,
bald_cypress,bald cypress,1,bald_cypress::n,n,7,,,
barbarea,barbarea,1,barbarea::n,n,7,,,
barrymore,barrymore,1,barrymore::n,n,7,,,
bathyergus,bathyergus,1,bathyergus::n,n,7,,,
bergenia,bergenia,1,bergenia::n,n,7,,,
blarina,blarina,1,blarina::n,n,7,,,
blind_date,blind date,1,blind_date::n,n,7,,,3.23
boston_fern,boston fern,1,boston_fern::n,n,7,,,
botaurus_stellaris,botaurus stellaris,1,botaurus_stellaris::n,n,7,,,
browallia,browallia,1,browallia::n,n,7,,,
brownish_yellow,brownish yellow,1,brownish_yellow::a,a,7,,,
car_wheel,car wheel,1,car_wheel::n,n,7,,,
carven,carven,1,carven::a,a,7,,,
cefobid,cefobid,1,cefobid::n,n,7,,,
chaulmoogra,chaulmoogra,1,chaulmoogra::n,n,7,,,
chewing_gum,chewing gum,1,chewing_gum::n,n,7,,,4.8
chicle_gum,chicle gum,1,chicle_gum::n,n,7,,,
chorea,chorea,1,chorea::n,n,7,,,
christian_year,christian year,1,christian_year::n,n,7,,,
chrysopsis,chrysopsis,1,chrysopsis::n,n,7,,,
cladoniaceae,cladoniaceae,1,cladoniaceae::n,n,7,,,
cochlearia,cochlearia,1,cochlearia::n,n,7,,,
cola_extract,cola extract,1,cola_extract::n,n,7,,,
convolvulus,convolvulus,1,convolvulus::n,n,7,,,
coronilla,coronilla,1,coronilla::n,n,7,,,
countersink,countersink,1,countersink::v,v,7,,,
crataegus,crataegus,1,crataegus::n,n,7,,,
credit_hour,credit hour,1,credit_hour::n,n,7,,,
deer_grass,deer grass,1,deer_grass::n,n,7,,,
dendranthema,dendranthema,1,dendranthema::n,n,7,,,
dendrobium,dendrobium,1,dendrobium::n,n,7,,,
derange,derange,1,derange::v,v,7,,,1.96
descending_colon,descending colon,1,descending_colon::n,n,7,,,
divi_divi,divi divi,1,divi_divi::n,n,7,,,
doriden,doriden,1,doriden::n,n,7,,,
doronicum,doronicum,1,doronicum::n,n,7,,,
drink_down,drink down,1,drink_down::v,v,7,,,
ecdysteroid,ecdysteroid,1,ecdysteroid::n,n,7,,,
edecrin,edecrin,1,edecrin::n,n,7,,,
elspar,elspar,1,elspar::n,n,7,,,
enterokinase,enterokinase,1,enterokinase::n,n,7,,,
epistatic_gene,epistatic gene,1,epistatic_gene::n,n,7,,,
eptesicus,eptesicus,1,eptesicus::n,n,7,,,
ereshkigal,ereshkigal,1,ereshkigal::n,n,7,,,
ethrane,ethrane,1,ethrane::n,n,7,,,
european_dogtooth,european dogtooth,1,european_dogtooth::n,n,7,,,
fall_webworm,fall webworm,1,fall_webworm::n,n,7,,,
filago,filago,1,filago::n,n,7,,,
fourth_ventricle,fourth ventricle,1,fourth_ventricle::n,n,7,,,
funnel_web,funnel web,1,funnel_web::n,n,7,,,
gantanol,gantanol,1,gantanol::n,n,7,,,
gantrisin,gantrisin,1,gantrisin::n,n,7,,,
gemonil,gemonil,1,gemonil::n,n,7,,,
glial,glial,1,glial::a,a,7,,,
glossodia,glossodia,1,glossodia::n,n,7,,,
gnomon,gnomon,1,gnomon::n,n,7,,,
good_afternoon,good afternoon,1,good_afternoon::n,n,7,,,
good_evening,good evening,1,good_evening::n,n,7,,,
good_morning,good morning,1,good_morning::n,n,7,,,
graphic_engine,graphic engine,1,graphic_engine::n,n,7,,,
grow_together,grow together,1,grow_together::v,v,7,,,
guaranine,guaranine,1,guaranine::n,n,7,,,
half_dollar,half dollar,1,half_dollar::n,n,7,,,4.86
half_timbered,half timbered,1,half_timbered::a,a,7,,,
hamamelis,hamamelis,1,hamamelis::n,n,7,,,
high_low_jack,high low jack,1,high_low_jack::n,n,7,,,
homo_soloensis,homo soloensis,1,homo_soloensis::n,n,7,,,
hydrobromic_acid,hydrobromic acid,1,hydrobromic_acid::n,n,7,,,
hydrocyanic_acid,hydrocyanic acid,1,hydrocyanic_acid::n,n,7,,,
hyphantria_cunea,hyphantria cunea,1,hyphantria_cunea::n,n,7,,,
hytrin,hytrin,1,hytrin::n,n,7,,,
ictonyx,ictonyx,1,ictonyx::n,n,7,,,
invirase,invirase,1,invirase::n,n,7,,,
irenidae,irenidae,1,irenidae::n,n,7,,,
jerez,jerez,1,jerez::n,n,7,,,
kantrex,kantrex,1,kantrex::n,n,7,,,
keep_quiet,keep quiet,1,keep_quiet::v,v,7,,,
kemadrin,kemadrin,1,kemadrin::n,n,7,,,
krigia,krigia,1,krigia::n,n,7,,,
laelia,laelia,1,laelia::n,n,7,,,
lasiurus,lasiurus,1,lasiurus::n,n,7,,,
leukeran,leukeran,1,leukeran::n,n,7,,,
liliidae,liliidae,1,liliidae::n,n,7,,,
linguistic_competence,linguistic competence,1,linguistic_competence::n,n,7,,,
long_wool,long wool,1,long_wool::a,a,7,,,
loxitane,loxitane,1,loxitane::n,n,7,,,
lozal,lozal,1,lozal::n,n,7,,,
lymantria,lymantria,1,lymantria::n,n,7,,,
machine_hour,machine hour,1,machine_hour::n,n,7,,,
make_clean,make clean,1,make_clean::v,v,7,,,
male_parent,male parent,1,male_parent::n,n,7,,,
maple_sugar,maple sugar,1,maple_sugar::n,n,7,,,
march_out,march out,1,march_out::v,v,7,,,
market_economy,market economy,1,market_economy::n,n,7,,,
marplan,marplan,1,marplan::n,n,7,,,
medullary_sheath,medullary sheath,1,medullary_sheath::n,n,7,,,
mesial,mesial,1,mesial::a,a,7,,,
mexitil,mexitil,1,mexitil::n,n,7,,,
milontin,milontin,1,milontin::n,n,7,,,
mithracin,mithracin,1,mithracin::n,n,7,,,
moban,moban,1,moban::n,n,7,,,
monistat,monistat,1,monistat::n,n,7,,,
nabalus,nabalus,1,nabalus::n,n,7,,,
naqua,naqua,1,naqua::n,n,7,,,
nardil,nardil,1,nardil::n,n,7,,,
navane,navane,1,navane::n,n,7,,,
nuytsia,nuytsia,1,nuytsia::n,n,7,,,
origanum,origanum,1,origanum::n,n,7,,,
otaheite_arrowroot_starch,otaheite arrowroot starch,1,otaheite_arrowroot_starch::n,n,7,,,
oxeye_daisy,oxeye daisy,1,oxeye_daisy::n,n,7,,,
pachysandra,pachysandra,1,pachysandra::n,n,7,,,
palaquium_gutta,palaquium gutta,1,palaquium_gutta::n,n,7,,,
pamlico,pamlico,1,pamlico::n,n,7,,,
parmeliaceae,parmeliaceae,1,parmeliaceae::n,n,7,,,
pavonia,pavonia,1,pavonia::n,n,7,,,
peperomia,peperomia,1,peperomia::n,n,7,,,
periactin,periactin,1,periactin::n,n,7,,,
petaurus,petaurus,1,petaurus::n,n,7,,,
photoblepharon,photoblepharon,1,photoblepharon::n,n,7,,,
pinicola,pinicola,1,pinicola::n,n,7,,,
pocket_watch,pocket watch,1,pocket_watch::n,n,7,,,4.97
polemonium,polemonium,1,polemonium::n,n,7,,,
polymerize,polymerize,1,polymerize::v,v,7,,,
porphyra,porphyra,1,porphyra::n,n,7,,,
prairie_gourd,prairie gourd,1,prairie_gourd::n,n,7,,,
prinia,prinia,1,prinia::n,n,7,,,
prosom,prosom,1,prosom::n,n,7,,,
pterion,pterion,1,pterion::n,n,7,,,
pull_along,pull along,1,pull_along::v,v,7,,,
put_right,put right,1,put_right::v,v,7,,,
pyridium,pyridium,1,pyridium::n,n,7,,,
pyrocellulose,pyrocellulose,1,pyrocellulose::n,n,7,,,
quarter_mile,quarter mile,1,quarter_mile::n,n,7,,,
red_bordeaux,red bordeaux,1,red_bordeaux::n,n,7,,,
red_sandalwood,red sandalwood,1,red_sandalwood::n,n,7,,,
reovirus,reovirus,1,reovirus::n,n,7,,,
rice_paper,rice paper,1,rice_paper::n,n,7,,,4.82
right_smart,right smart,1,right_smart::r,r,7,,,
robaxin,robaxin,1,robaxin::n,n,7,,,
roccellaceae,roccellaceae,1,roccellaceae::n,n,7,,,
roccus,roccus,1,roccus::n,n,7,,,
roughened,roughened,1,roughened::a,a,7,,,
salvia,salvia,1,salvia::n,n,7,,,
sarracenia,sarracenia,1,sarracenia::n,n,7,,,
sclerotiniaceae,sclerotiniaceae,1,sclerotiniaceae::n,n,7,,,
sectral,sectral,1,sectral::n,n,7,,,
self_discipline,self discipline,1,self_discipline::n,n,7,,,
sente,sente,1,sente::n,n,7,,,
small_cane,small cane,1,small_cane::n,n,7,,,
smoked_herring,smoked herring,1,smoked_herring::n,n,7,,,
soldering_flux,soldering flux,1,soldering_flux::n,n,7,,,
solvay,solvay,1,solvay::n,n,7,,,
spike_lavender,spike lavender,1,spike_lavender::n,n,7,,,
steering_gear,steering gear,1,steering_gear::n,n,7,,,
stephanotis,stephanotis,1,stephanotis::n,n,7,,,
sterculia,sterculia,1,sterculia::n,n,7,,,
stereoscope,stereoscope,1,stereoscope::n,n,7,,,4.19
storeria,storeria,1,storeria::n,n,7,,,
streptocarpus,streptocarpus,1,streptocarpus::n,n,7,,,
suharto,suharto,1,suharto::n,n,7,,,
talk_over,talk over,1,talk_over::v,v,7,,,
tank_iron,tank iron,1,tank_iron::n,n,7,,,
tapa,tapa,1,tapa::n,n,7,,,
tea_bag,tea bag,1,tea_bag::n,n,7,,,4.8
tetramerous,tetramerous,1,tetramerous::a,a,7,,,
thiocyanate,thiocyanate,1,thiocyanate::n,n,7,,,
thysanoptera,thysanoptera,1,thysanoptera::n,n,7,,,
tolinase,tolinase,1,tolinase::n,n,7,,,
torodal,torodal,1,torodal::n,n,7,,,
trema,trema,1,trema::n,n,7,,,
triavil,triavil,1,triavil::n,n,7,,,
tringa_flavipes,tringa flavipes,1,tringa_flavipes::n,n,7,,,
tringa_melanoleuca,tringa melanoleuca,1,tringa_melanoleuca::n,n,7,,,
tung_oil,tung oil,1,tung_oil::n,n,7,,,
universal_solvent,universal solvent,1,universal_solvent::n,n,7,,,
unvarying,unvarying,1,unvarying::a,a,7,,,1.67
urosaurus,urosaurus,1,urosaurus::n,n,7,,,
vancocin,vancocin,1,vancocin::n,n,7,,,
velban,velban,1,velban::n,n,7,,,
very_loudly,very loudly,1,very_loudly::r,r,7,,,
vesicular_stomatitis,vesicular stomatitis,1,vesicular_stomatitis::n,n,7,,,
vespertilio,vespertilio,1,vespertilio::n,n,7,,,
viracept,viracept,1,viracept::n,n,7,,,
visken,visken,1,visken::n,n,7,,,
voltaren,voltaren,1,voltaren::n,n,7,,,
west_southwest,west southwest,1,west_southwest::n,n,7,,,
wild_apple,wild apple,1,wild_apple::n,n,7,,,
zhuang,zhuang,1,zhuang::n,n,7,,,
achomawi,achomawi,1,achomawi::n,n,6,,,
acoustic_waveguide,acoustic waveguide,1,acoustic_waveguide::n,n,6,,,
actinomeris,actinomeris,1,actinomeris::n,n,6,,,
adenoidectomy,adenoidectomy,1,adenoidectomy::n,n,6,,,
adiantum,adiantum,1,adiantum::n,n,6,,,
alarm_bell,alarm bell,1,alarm_bell::n,n,6,,,
albizia,albizia,1,albizia::n,n,6,,,
alectis,alectis,1,alectis::n,n,6,,,
alstroemeria,alstroemeria,1,alstroemeria::n,n,6,,,
ammobium,ammobium,1,ammobium::n,n,6,,,
amorpha,amorpha,1,amorpha::n,n,6,,,
amphiprion,amphiprion,1,amphiprion::n,n,6,,,
anacanthini,anacanthini,1,anacanthini::n,n,6,,,
andryala,andryala,1,andryala::n,n,6,,,
austerlitz,austerlitz,1,austerlitz::n,n,6,,,
baiza,baiza,1,baiza::n,n,6,,,
banana_split,banana split,1,banana_split::n,n,6,,,4.88
bar_mitzvah,bar mitzvah,1,bar_mitzvah::v,v,6,,,
bat_mitzvah,bat mitzvah,1,bat_mitzvah::v,v,6,,,
bench_press,bench press,1,bench_press::n,n,6,,,
blocadren,blocadren,1,blocadren::n,n,6,,,
blue_curls,blue curls,1,blue_curls::n,n,6,,,
blue_lotus,blue lotus,1,blue_lotus::n,n,6,,,
brassica_oleracea,brassica oleracea,1,brassica_oleracea::n,n,6,,,
brazilwood,brazilwood,1,brazilwood::n,n,6,,,
bring_outside,bring outside,1,bring_outside::v,v,6,,,
callorhinus,callorhinus,1,callorhinus::n,n,6,,,
campanula,campanula,1,campanula::n,n,6,,,
campephilus,campephilus,1,campephilus::n,n,6,,,
caranx_bartholomaei,caranx bartholomaei,1,caranx_bartholomaei::n,n,6,,,
cardamine,cardamine,1,cardamine::n,n,6,,,
carrageenan,carrageenan,1,carrageenan::n,n,6,,,
carthusian,carthusian,2,carthusian::a;carthusian::n,a;n,6,,,
cataflam,cataflam,1,cataflam::n,n,6,,,
catananche,catananche,1,catananche::n,n,6,,,
cation_exchange_resin,cation exchange resin,1,cation_exchange_resin::n,n,6,,,
centropus,centropus,1,centropus::n,n,6,,,
cestoda,cestoda,1,cestoda::n,n,6,,,
charina,charina,1,charina::n,n,6,,,
chemakum,chemakum,1,chemakum::n,n,6,,,
chinese_privet,chinese privet,1,chinese_privet::n,n,6,,,
citharichthys,citharichthys,1,citharichthys::n,n,6,,,
clethrionomys,clethrionomys,1,clethrionomys::n,n,6,,,
clinoril,clinoril,1,clinoril::n,n,6,,,
come_after,come after,1,come_after::v,v,6,,,
company_union,company union,1,company_union::n,n,6,,,
conepatus,conepatus,1,conepatus::n,n,6,,,
contradance,contradance,1,contradance::v,v,6,,,
core_drill,core drill,1,core_drill::n,n,6,,,
cornaceae,cornaceae,1,cornaceae::n,n,6,,,
create_mentally,create mentally,1,create_mentally::v,v,6,,,
crixivan,crixivan,1,crixivan::n,n,6,,,
cryptacanthodes,cryptacanthodes,1,cryptacanthodes::n,n,6,,,
cuscuta,cuscuta,1,cuscuta::n,n,6,,,
cynopterus,cynopterus,1,cynopterus::n,n,6,,,
daricon,daricon,1,daricon::n,n,6,,,
daypro,daypro,1,daypro::n,n,6,,,
denisonia,denisonia,1,denisonia::n,n,6,,,
depokene,depokene,1,depokene::n,n,6,,,
dinner_jacket,dinner jacket,1,dinner_jacket::n,n,6,,,
dioscoreaceae,dioscoreaceae,1,dioscoreaceae::n,n,6,,,
dry_ice,dry ice,1,dry_ice::n,n,6,,,
ellipsoid,ellipsoid,1,ellipsoid::a,a,6,,,
euderma,euderma,1,euderma::n,n,6,,,
facing_pages,facing pages,1,facing_pages::n,n,6,,,
factor_ix,factor ix,1,factor_ix::n,n,6,,,
fasciolopsis,fasciolopsis,1,fasciolopsis::n,n,6,,,
ferricyanic_acid,ferricyanic acid,1,ferricyanic_acid::n,n,6,,,
ferrocyanic_acid,ferrocyanic acid,1,ferrocyanic_acid::n,n,6,,,
flat_bottom,flat bottom,1,flat_bottom::a,a,6,,,
flax_rust,flax rust,1,flax_rust::n,n,6,,,
fundulus,fundulus,1,fundulus::n,n,6,,,
get_along,get along,1,get_along::v,v,6,,,2.67
ginkgoaceae,ginkgoaceae,1,ginkgoaceae::n,n,6,,,
glaucomys,glaucomys,1,glaucomys::n,n,6,,,
gorgonocephalus,gorgonocephalus,1,gorgonocephalus::n,n,6,,,
gorilla_gorilla_gorilla,gorilla gorilla gorilla,1,gorilla_gorilla_gorilla::n,n,6,,,
grapefruit_peel,grapefruit peel,1,grapefruit_peel::n,n,6,,,
graphic_art,graphic art,1,graphic_art::n,n,6,,,
half_hour,half hour,1,half_hour::n,n,6,,,
half_mile,half mile,1,half_mile::n,n,6,,,
hamelia,hamelia,1,hamelia::n,n,6,,,
handling_cost,handling cost,1,handling_cost::n,n,6,,,
hawkbit,hawkbit,1,hawkbit::n,n,6,,,
holofernes,holofernes,1,holofernes::n,n,6,,,
horsepower_hour,horsepower hour,1,horsepower_hour::n,n,6,,,
hydrogen_iodide,hydrogen iodide,1,hydrogen_iodide::n,n,6,,,
hypentelium,hypentelium,1,hypentelium::n,n,6,,,
indocin,indocin,1,indocin::n,n,6,,,
irrational_number,irrational number,1,irrational_number::n,n,6,,,
kafir,kafir,1,kafir::n,n,6,,,
khabarovsk,khabarovsk,1,khabarovsk::n,n,6,,,
kurus,kurus,1,kurus::n,n,6,,,
labial_palpus,labial palpus,1,labial_palpus::n,n,6,,,
lanthanotus,lanthanotus,1,lanthanotus::n,n,6,,,
lathyrus,lathyrus,1,lathyrus::n,n,6,,,
leptospira,leptospira,1,leptospira::n,n,6,,,
leptotyphlopidae,leptotyphlopidae,1,leptotyphlopidae::n,n,6,,,
lobster_newburg,lobster newburg,1,lobster_newburg::n,n,6,,,
lodine,lodine,1,lodine::n,n,6,,,
lomatia,lomatia,1,lomatia::n,n,6,,,
low_cut,low cut,1,low_cut::a,a,6,,,
lycopodiaceae,lycopodiaceae,1,lycopodiaceae::n,n,6,,,
macadam,macadam,1,macadam::v,v,6,,,
magnetic_compass,magnetic compass,1,magnetic_compass::n,n,6,,,
magnificat,magnificat,1,magnificat::n,n,6,,,
mapquest,mapquest,1,mapquest::v,v,6,,,
marsilea,marsilea,1,marsilea::n,n,6,,,
marut,marut,1,marut::n,n,6,,,
mass_spectrum,mass spectrum,1,mass_spectrum::n,n,6,,,
matching_funds,matching funds,1,matching_funds::n,n,6,,,
may_apple,may apple,1,may_apple::n,n,6,,,
mentally_retarded,mentally retarded,1,mentally_retarded::n,n,6,,,
nemophila,nemophila,1,nemophila::n,n,6,,,
non_finite,non finite,1,non_finite::a,a,6,,,
norvir,norvir,1,norvir::n,n,6,,,
obeche,obeche,1,obeche::n,n,6,,,
oligoporus,oligoporus,1,oligoporus::n,n,6,,,
orchil,orchil,1,orchil::n,n,6,,,
othonna,othonna,1,othonna::n,n,6,,,
paralichthys,paralichthys,1,paralichthys::n,n,6,,,
pertusariaceae,pertusariaceae,1,pertusariaceae::n,n,6,,,
phaius,phaius,1,phaius::n,n,6,,,
phalaenoptilus,phalaenoptilus,1,phalaenoptilus::n,n,6,,,
placidyl,placidyl,1,placidyl::n,n,6,,,
plecotus,plecotus,1,plecotus::n,n,6,,,
plectorrhiza,plectorrhiza,1,plectorrhiza::n,n,6,,,
portulaca,portulaca,1,portulaca::n,n,6,,,
postimpressionist,postimpressionist,1,postimpressionist::n,n,6,,,2.38
potato_moth,potato moth,1,potato_moth::n,n,6,,,
prismatoid,prismatoid,1,prismatoid::n,n,6,,,
psaltriparus,psaltriparus,1,psaltriparus::n,n,6,,,
psettichthys,psettichthys,1,psettichthys::n,n,6,,,
psittacula,psittacula,1,psittacula::n,n,6,,,
pteriidae,pteriidae,1,pteriidae::n,n,6,,,
pterocarya,pterocarya,1,pterocarya::n,n,6,,,
pulp_cavity,pulp cavity,1,pulp_cavity::n,n,6,,,
pulsatilla_occidentalis,pulsatilla occidentalis,1,pulsatilla_occidentalis::n,n,6,,,
qindarka,qindarka,1,qindarka::n,n,6,,,
reciprocal_ohm,reciprocal ohm,1,reciprocal_ohm::n,n,6,,,
relafen,relafen,1,relafen::n,n,6,,,
remain_down,remain down,1,remain_down::v,v,6,,,
rhinoptera,rhinoptera,1,rhinoptera::n,n,6,,,
salmonella_typhosa,salmonella typhosa,1,salmonella_typhosa::n,n,6,,,
salsify,salsify,1,salsify::n,n,6,,,
schistosomatidae,schistosomatidae,1,schistosomatidae::n,n,6,,,
sclerotinia,sclerotinia,1,sclerotinia::n,n,6,,,
second_hand,second hand,1,second_hand::n,n,6,,,2.57
sedum,sedum,1,sedum::n,n,6,,,
silene,silene,1,silene::n,n,6,,,
skype,skype,1,skype::v,v,6,,,4.04
slantwise,slantwise,1,slantwise::r,r,6,,,
sonora,sonora,1,sonora::n,n,6,,,
syndetikon,syndetikon,1,syndetikon::n,n,6,,,
taxaceae,taxaceae,1,taxaceae::n,n,6,,,
tenno,tenno,1,tenno::n,n,6,,,
think_about,think about,1,think_about::v,v,6,,,
thripidae,thripidae,1,thripidae::n,n,6,,,
tokenish,tokenish,1,tokenish::a,a,6,,,
tolectin,tolectin,1,tolectin::n,n,6,,,
tractor_trailer,tractor trailer,1,tractor_trailer::n,n,6,,,
travel_along,travel along,1,travel_along::v,v,6,,,
trigonometric,trigonometric,1,trigonometric::a,a,6,,,2.42
true_false,true false,1,true_false::a,a,6,,,
ultracef,ultracef,1,ultracef::n,n,6,,,
ursinia,ursinia,1,ursinia::n,n,6,,,
very_softly,very softly,1,very_softly::r,r,6,,,
vidalia,vidalia,1,vidalia::n,n,6,,,
weight_down,weight down,1,weight_down::v,v,6,,,
wood_shavings,wood shavings,1,wood_shavings::n,n,6,,,
write_about,write about,1,write_about::v,v,6,,,
xanax,xanax,1,xanax::n,n,6,,,
abudefduf,abudefduf,1,abudefduf::n,n,5,,,
acanthoscelides,acanthoscelides,1,acanthoscelides::n,n,5,,,
acorus,acorus,1,acorus::n,n,5,,,
acrobates,acrobates,1,acrobates::n,n,5,,,
actinomyxidia,actinomyxidia,1,actinomyxidia::n,n,5,,,
albuca,albuca,1,albuca::n,n,5,,,
alternanthera,alternanthera,1,alternanthera::n,n,5,,,
amazona,amazona,1,amazona::n,n,5,,,
andrena,andrena,1,andrena::n,n,5,,,
anion_exchange_resin,anion exchange resin,1,anion_exchange_resin::n,n,5,,,
antrozous,antrozous,1,antrozous::n,n,5,,,
apsu,apsu,1,apsu::n,n,5,,,
arctocebus,arctocebus,1,arctocebus::n,n,5,,,
arctocephalus,arctocephalus,1,arctocephalus::n,n,5,,,
ariomma,ariomma,1,ariomma::n,n,5,,,
atriplex,atriplex,1,atriplex::n,n,5,,,
atrovent,atrovent,1,atrovent::n,n,5,,,
auditory_sense,auditory sense,1,auditory_sense::n,n,5,,,
auriparus,auriparus,1,auriparus::n,n,5,,,
azolla,azolla,1,azolla::n,n,5,,,
bangiaceae,bangiaceae,1,bangiaceae::n,n,5,,,
bartramia,bartramia,1,bartramia::n,n,5,,,
baseball_play,baseball play,1,baseball_play::n,n,5,,,
basiliscus,basiliscus,1,basiliscus::n,n,5,,,
birdlime,birdlime,1,birdlime::v,v,5,,,
bite_off,bite off,1,bite_off::v,v,5,,,
black_mangrove,black mangrove,1,black_mangrove::n,n,5,,,
bromoil,bromoil,1,bromoil::n,n,5,,,
brown_rot_gummosis,brown rot gummosis,1,brown_rot_gummosis::n,n,5,,,
buphthalmum,buphthalmum,1,buphthalmum::n,n,5,,,
butazolidin,butazolidin,1,butazolidin::n,n,5,,,
cairina,cairina,1,cairina::n,n,5,,,
calamus,calamus,1,calamus::n,n,5,,,
calisthenic,calisthenic,1,calisthenic::a,a,5,,,
caparison,caparison,1,caparison::v,v,5,,,
carboxyl,carboxyl,1,carboxyl::a,a,5,,,
centas,centas,1,centas::n,n,5,,,
centaurea,centaurea,1,centaurea::n,n,5,,,
cephalotaxus,cephalotaxus,1,cephalotaxus::n,n,5,,,
charronia,charronia,1,charronia::n,n,5,,,
chateura,chateura,1,chateura::n,n,5,,,
christella,christella,1,christella::n,n,5,,,
chromate,chromate,1,chromate::n,n,5,,,
cn_gas,cn gas,1,cn_gas::n,n,5,,,
coin_slot,coin slot,1,coin_slot::n,n,5,,,
come_upon,come upon,1,come_upon::v,v,5,,,
congridae,congridae,1,congridae::n,n,5,,,
conilurus,conilurus,1,conilurus::n,n,5,,,
conium,conium,1,conium::n,n,5,,,
court_banner,court banner,1,court_banner::n,n,5,,,
crinoidea,crinoidea,1,crinoidea::n,n,5,,,
crocethia,crocethia,1,crocethia::n,n,5,,,
crystal_ball,crystal ball,1,crystal_ball::n,n,5,,,4.73
delichon,delichon,1,delichon::n,n,5,,,
desmidium,desmidium,1,desmidium::n,n,5,,,
diapensia,diapensia,1,diapensia::n,n,5,,,
dipsacus,dipsacus,1,dipsacus::n,n,5,,,
dishevel,dishevel,1,dishevel::v,v,5,,,2.46
drive_back,drive back,1,drive_back::v,v,5,,,
drum_memory,drum memory,1,drum_memory::n,n,5,,,
drydock,drydock,1,drydock::v,v,5,,,
drymarchon,drymarchon,1,drymarchon::n,n,5,,,
elagatis,elagatis,1,elagatis::n,n,5,,,
elsholtzia,elsholtzia,1,elsholtzia::n,n,5,,,
eriogonum,eriogonum,1,eriogonum::n,n,5,,,
eumetopias,eumetopias,1,eumetopias::n,n,5,,,
exhaust_manifold,exhaust manifold,1,exhaust_manifold::n,n,5,,,
expunging,expunging,1,expunging::n,n,5,,,
face_off,face off,1,face_off::v,v,5,,,3.0
falco,falco,1,falco::n,n,5,,,
fasciola,fasciola,1,fasciola::n,n,5,,,
flow_off,flow off,1,flow_off::v,v,5,,,
foster_brother,foster brother,1,foster_brother::n,n,5,,,
foster_sister,foster sister,1,foster_sister::n,n,5,,,
galop,galop,1,galop::n,n,5,,,
gazania,gazania,1,gazania::n,n,5,,,
gerrhonotus,gerrhonotus,1,gerrhonotus::n,n,5,,,
gigartinaceae,gigartinaceae,1,gigartinaceae::n,n,5,,,
give_suck,give suck,1,give_suck::v,v,5,,,
glareolidae,glareolidae,1,glareolidae::n,n,5,,,
groschen,groschen,1,groschen::n,n,5,,,
gum_acacia,gum acacia,1,gum_acacia::n,n,5,,,
gum_ammoniac,gum ammoniac,1,gum_ammoniac::n,n,5,,,
gymnadeniopsis,gymnadeniopsis,1,gymnadeniopsis::n,n,5,,,
half_crown,half crown,1,half_crown::n,n,5,,,
haliaeetus,haliaeetus,1,haliaeetus::n,n,5,,,
hang_glider,hang glider,1,hang_glider::n,n,5,,,4.82
hausmannite,hausmannite,1,hausmannite::n,n,5,,,
heavier_than_air,heavier than air,1,heavier_than_air::a,a,5,,,
heteromeles,heteromeles,1,heteromeles::n,n,5,,,
high_octane,high octane,1,high_octane::a,a,5,,,
iberis,iberis,1,iberis::n,n,5,,,
ilang_ilang,ilang ilang,1,ilang_ilang::n,n,5,,,
intransitivize,intransitivize,1,intransitivize::v,v,5,,,
knock_down,knock down,1,knock_down::a,a,5,,,
lachnolaimus,lachnolaimus,1,lachnolaimus::n,n,5,,,
lagodon,lagodon,1,lagodon::n,n,5,,,
landler,landler,1,landler::n,n,5,,,
last_minute,last minute,1,last_minute::a,a,5,,,2.48
lecanora,lecanora,1,lecanora::n,n,5,,,
ler,ler,1,ler::n,n,5,,,
liquidambar,liquidambar,1,liquidambar::n,n,5,,,
live_out,live out,1,live_out::v,v,5,,,
llyr,llyr,1,llyr::n,n,5,,,
lobster_tail,lobster tail,1,lobster_tail::n,n,5,,,
loxodonta,loxodonta,1,loxodonta::n,n,5,,,
lufengpithecus,lufengpithecus,1,lufengpithecus::n,n,5,,,
lumma,lumma,1,lumma::n,n,5,,,
lupulin,lupulin,1,lupulin::n,n,5,,,
lutjanidae,lutjanidae,1,lutjanidae::n,n,5,,,
lwei,lwei,1,lwei::n,n,5,,,
mandrillus,mandrillus,1,mandrillus::n,n,5,,,
manganate,manganate,1,manganate::n,n,5,,,
marrubium,marrubium,1,marrubium::n,n,5,,,
massachuset,massachuset,1,massachuset::n,n,5,,,
melogale,melogale,1,melogale::n,n,5,,,
melolontha,melolontha,1,melolontha::n,n,5,,,
merluccius,merluccius,1,merluccius::n,n,5,,,
mexican_black_cherry,mexican black cherry,1,mexican_black_cherry::n,n,5,,,
microflora,microflora,1,microflora::n,n,5,,,
minipress,minipress,1,minipress::n,n,5,,,
monarda,monarda,1,monarda::n,n,5,,,
monilia,monilia,1,monilia::n,n,5,,,
mosul,mosul,1,mosul::n,n,5,,,
multiplicand,multiplicand,1,multiplicand::n,n,5,,,
neurotrichus,neurotrichus,1,neurotrichus::n,n,5,,,
ngwee,ngwee,1,ngwee::n,n,5,,,
nierembergia,nierembergia,1,nierembergia::n,n,5,,,
nymphicus,nymphicus,1,nymphicus::n,n,5,,,
open_air,open air,1,open_air::a,a,5,,,
otus,otus,1,otus::n,n,5,,,
pagophila,pagophila,1,pagophila::n,n,5,,,
paranthias,paranthias,1,paranthias::n,n,5,,,
parophrys,parophrys,1,parophrys::n,n,5,,,
peel_off,peel off,1,peel_off::v,v,5,,,4.56
perodicticus,perodicticus,1,perodicticus::n,n,5,,,
phacelia,phacelia,1,phacelia::n,n,5,,,
philophylla,philophylla,1,philophylla::n,n,5,,,
pipe_clay,pipe clay,1,pipe_clay::v,v,5,,,
plate_iron,plate iron,1,plate_iron::n,n,5,,,
platichthys,platichthys,1,platichthys::n,n,5,,,
pluvianus,pluvianus,1,pluvianus::n,n,5,,,
podalyria,podalyria,1,podalyria::n,n,5,,,
poison_oak,poison oak,1,poison_oak::n,n,5,,,
poison_sumac,poison sumac,1,poison_sumac::n,n,5,,,
polygonaceae,polygonaceae,1,polygonaceae::n,n,5,,,
pooecetes,pooecetes,1,pooecetes::n,n,5,,,
prickly_ash,prickly ash,1,prickly_ash::n,n,5,,,
pseudotaxus,pseudotaxus,1,pseudotaxus::n,n,5,,,
qepiq,qepiq,1,qepiq::n,n,5,,,
ranunculaceae,ranunculaceae,1,ranunculaceae::n,n,5,,,
re_equip,re equip,1,re_equip::v,v,5,,,
regalecidae,regalecidae,1,regalecidae::n,n,5,,,
rete_testis,rete testis,1,rete_testis::n,n,5,,,
ride_away,ride away,1,ride_away::v,v,5,,,3.52
sabicu,sabicu,1,sabicu::n,n,5,,,
saraband,saraband,1,saraband::n,n,5,,,
scalar_product,scalar product,1,scalar_product::n,n,5,,,
scissors_kick,scissors kick,1,scissors_kick::n,n,5,,,
seafood_newburg,seafood newburg,1,seafood_newburg::n,n,5,,,
seniti,seniti,1,seniti::n,n,5,,,
seriphus,seriphus,1,seriphus::n,n,5,,,
serzone,serzone,1,serzone::n,n,5,,,
setophaga,setophaga,1,setophaga::n,n,5,,,
shrimp_newburg,shrimp newburg,1,shrimp_newburg::n,n,5,,,
shut_out,shut out,1,shut_out::v,v,5,,,
shuttlecock,shuttlecock,1,shuttlecock::v,v,5,,,
spilogale,spilogale,1,spilogale::n,n,5,,,
spirometer,spirometer,1,spirometer::n,n,5,,,
stotinka,stotinka,1,stotinka::n,n,5,,,
strickle,strickle,1,strickle::v,v,5,,,
strip_mine,strip mine,1,strip_mine::v,v,5,,,
take_time_off,take time off,1,take_time_off::v,v,5,,,
tambala,tambala,1,tambala::n,n,5,,,
tautogolabrus,tautogolabrus,1,tautogolabrus::n,n,5,,,
tenge,tenge,1,tenge::n,n,5,,,
tetri,tetri,1,tetri::n,n,5,,,
thalassoma,thalassoma,1,thalassoma::n,n,5,,,
thebe,thebe,1,thebe::n,n,5,,,
throw_back,throw back,1,throw_back::v,v,5,,,
thrown_away,thrown away,1,thrown_away::a,a,5,,,
titer,titer,1,titer::n,n,5,,,
tiyin,tiyin,1,tiyin::n,n,5,,,
tolypeutes,tolypeutes,1,tolypeutes::n,n,5,,,
tomogram,tomogram,1,tomogram::n,n,5,,,
toxin_antitoxin,toxin antitoxin,1,toxin_antitoxin::n,n,5,,,
trachinotus,trachinotus,1,trachinotus::n,n,5,,,
trichys,trichys,1,trichys::n,n,5,,,
trinectes,trinectes,1,trinectes::n,n,5,,,
tungstate,tungstate,1,tungstate::n,n,5,,,
tupaia,tupaia,1,tupaia::n,n,5,,,
turbinate,turbinate,1,turbinate::a,a,5,,,
tyiyn,tyiyn,1,tyiyn::n,n,5,,,
urophycis,urophycis,1,urophycis::n,n,5,,,
vector_sum,vector sum,1,vector_sum::n,n,5,,,
venn,venn,1,venn::n,n,5,,,
wainscoted,wainscoted,1,wainscoted::a,a,5,,,
water_biscuit,water biscuit,1,water_biscuit::n,n,5,,,
wing_tip,wing tip,1,wing_tip::n,n,5,,,
xenopodidae,xenopodidae,1,xenopodidae::n,n,5,,,
yemeni_fils,yemeni fils,1,yemeni_fils::n,n,5,,,
zalophus,zalophus,1,zalophus::n,n,5,,,
abutilon,abutilon,1,abutilon::n,n,4,,,
acridotheres,acridotheres,1,acridotheres::n,n,4,,,
actaea,actaea,1,actaea::n,n,4,,,
adenota,adenota,1,adenota::n,n,4,,,
affine,affine,1,affine::a,a,4,,,
agapornis,agapornis,1,agapornis::n,n,4,,,
akwaala,akwaala,1,akwaala::n,n,4,,,
alma_mater,alma mater,1,alma_mater::n,n,4,,,
amphiumidae,amphiumidae,1,amphiumidae::n,n,4,,,
anglian,anglian,1,anglian::n,n,4,,,
arch_over,arch over,1,arch_over::v,v,4,,,
argentine_hemorrhagic_fever,argentine hemorrhagic fever,1,argentine_hemorrhagic_fever::n,n,4,,,
argonauta,argonauta,1,argonauta::n,n,4,,,
assistant_professor,assistant professor,1,assistant_professor::n,n,4,,,
astrantia,astrantia,1,astrantia::n,n,4,,,
audio_library,audio library,1,audio_library::n,n,4,,,
batidaceae,batidaceae,1,batidaceae::n,n,4,,,
beef_neck,beef neck,1,beef_neck::n,n,4,,,
boat_race,boat race,1,boat_race::v,v,4,,,
botaurus,botaurus,1,botaurus::n,n,4,,,
brail,brail,1,brail::v,v,4,,,
brattice,brattice,1,brattice::v,v,4,,,
breaking_away,breaking away,1,breaking_away::n,n,4,,,
bromate,bromate,1,bromate::n,n,4,,,
butt_weld,butt weld,1,butt_weld::v,v,4,,,
cactaceae,cactaceae,1,cactaceae::n,n,4,,,
calamondin,calamondin,1,calamondin::n,n,4,,,
calidris,calidris,1,calidris::n,n,4,,,
calluna,calluna,1,calluna::n,n,4,,,
calymmatobacterium,calymmatobacterium,1,calymmatobacterium::n,n,4,,,
camlet,camlet,1,camlet::n,n,4,,,
capriole,capriole,1,capriole::v,v,4,,,
cariama,cariama,1,cariama::n,n,4,,,
carpobrotus,carpobrotus,1,carpobrotus::n,n,4,,,
casino_hotel,casino hotel,1,casino_hotel::n,n,4,,,
centrarchidae,centrarchidae,1,centrarchidae::n,n,4,,,
cephalotaxaceae,cephalotaxaceae,1,cephalotaxaceae::n,n,4,,,
ceratophyllaceae,ceratophyllaceae,1,ceratophyllaceae::n,n,4,,,
cetacea,cetacea,1,cetacea::n,n,4,,,
chamaea,chamaea,1,chamaea::n,n,4,,,
change_surface,change surface,1,change_surface::v,v,4,,,
chelydra,chelydra,1,chelydra::n,n,4,,,
chian_turpentine,chian turpentine,1,chian_turpentine::n,n,4,,,
chordeiles,chordeiles,1,chordeiles::n,n,4,,,
co_author,co author,1,co_author::v,v,4,,,
co_star,co star,1,co_star::v,v,4,,,
code_flag,code flag,1,code_flag::n,n,4,,,
colaptes,colaptes,1,colaptes::n,n,4,,,
cold_cream,cold cream,1,cold_cream::v,v,4,,,
collocalia,collocalia,1,collocalia::n,n,4,,,
combretum,combretum,1,combretum::n,n,4,,,
conuropsis,conuropsis,1,conuropsis::n,n,4,,,
cosh,cosh,1,cosh::v,v,4,,,
crepis,crepis,1,crepis::n,n,4,,,
crotalidae,crotalidae,1,crotalidae::n,n,4,,,
cumulous,cumulous,1,cumulous::a,a,4,,,
currycomb,currycomb,1,currycomb::v,v,4,,,
deep_freeze,deep freeze,1,deep_freeze::v,v,4,,,3.93
deferred_payment,deferred payment,1,deferred_payment::n,n,4,,,
denture_adhesive,denture adhesive,1,denture_adhesive::n,n,4,,,
dioscorea,dioscorea,1,dioscorea::n,n,4,,,
discina,discina,1,discina::n,n,4,,,
district_banner,district banner,1,district_banner::n,n,4,,,
dorotheanthus,dorotheanthus,1,dorotheanthus::n,n,4,,,
dropseed,dropseed,1,dropseed::n,n,4,,,
dry_point,dry point,1,dry_point::n,n,4,,,
dry_rot,dry rot,1,dry_rot::v,v,4,,,
dungeness_crab,dungeness crab,1,dungeness_crab::n,n,4,,,
echidnophaga,echidnophaga,1,echidnophaga::n,n,4,,,
empty_talk,empty talk,1,empty_talk::n,n,4,,,
ensete,ensete,1,ensete::n,n,4,,,
eoraptor,eoraptor,1,eoraptor::n,n,4,,,
eptatretus,eptatretus,1,eptatretus::n,n,4,,,
erolia,erolia,1,erolia::n,n,4,,,
express_mail,express mail,1,express_mail::v,v,4,,,
final_payment,final payment,1,final_payment::n,n,4,,,
foot_joint,foot joint,1,foot_joint::n,n,4,,,
garlic_salt,garlic salt,1,garlic_salt::n,n,4,,,
get_together,get together,1,get_together::v,v,4,,,3.14
glissade,glissade,1,glissade::v,v,4,,,
go_under,go under,1,go_under::v,v,4,,,
gracula,gracula,1,gracula::n,n,4,,,
gregarinida,gregarinida,1,gregarinida::n,n,4,,,
grevillea,grevillea,1,grevillea::n,n,4,,,
half_page,half page,1,half_page::n,n,4,,,
halicoeres,halicoeres,1,halicoeres::n,n,4,,,
harpullia,harpullia,1,harpullia::n,n,4,,,
hippodamia,hippodamia,1,hippodamia::n,n,4,,,
holm_oak,holm oak,1,holm_oak::n,n,4,,,
homeland_security,homeland security,1,homeland_security::n,n,4,,,
horseradish_peroxidase,horseradish peroxidase,1,horseradish_peroxidase::n,n,4,,,
hyperoglyphe,hyperoglyphe,1,hyperoglyphe::n,n,4,,,
isoetaceae,isoetaceae,1,isoetaceae::n,n,4,,,
ixobrychus,ixobrychus,1,ixobrychus::n,n,4,,,
jerusalem_artichoke,jerusalem artichoke,1,jerusalem_artichoke::n,n,4,,,
kalmia,kalmia,1,kalmia::n,n,4,,,
kidney_pie,kidney pie,1,kidney_pie::n,n,4,,,
kitten_heel,kitten heel,1,kitten_heel::n,n,4,,,
kobus,kobus,1,kobus::n,n,4,,,
korlan,korlan,1,korlan::n,n,4,,,
ladder_back,ladder back,1,ladder_back::n,n,4,,,
lauraceae,lauraceae,1,lauraceae::n,n,4,,,
leaven,leaven,1,leaven::v,v,4,,,
left_hand,left hand,1,left_hand::a,a,4,,,
leishmania,leishmania,1,leishmania::n,n,4,,,
limonium,limonium,1,limonium::n,n,4,,,
make_unnecessary,make unnecessary,1,make_unnecessary::v,v,4,,,
mammillaria,mammillaria,1,mammillaria::n,n,4,,,
meriones,meriones,1,meriones::n,n,4,,,
monstera,monstera,1,monstera::n,n,4,,,
morchella,morchella,1,morchella::n,n,4,,,
muraenidae,muraenidae,1,muraenidae::n,n,4,,,
northeastward,northeastward,1,northeastward::r,r,4,,,3.16
northwestward,northwestward,1,northwestward::r,r,4,,,3.72
nycticebus,nycticebus,1,nycticebus::n,n,4,,,
oil_shale,oil shale,1,oil_shale::n,n,4,,,
onion_salt,onion salt,1,onion_salt::n,n,4,,,
oscan,oscan,1,oscan::n,n,4,,,
ouranopithecus,ouranopithecus,1,ouranopithecus::n,n,4,,,
oxyuridae,oxyuridae,1,oxyuridae::n,n,4,,,
pennycress,pennycress,1,pennycress::n,n,4,,,
perodicticus_potto,perodicticus potto,1,perodicticus_potto::n,n,4,,,
phonic,phonic,1,phonic::a,a,4,,,2.68
phylum_porifera,phylum porifera,1,phylum_porifera::n,n,4,,,
picumnus,picumnus,1,picumnus::n,n,4,,,
pinctada,pinctada,1,pinctada::n,n,4,,,
pleurobrachia,pleurobrachia,1,pleurobrachia::n,n,4,,,
pleurobrachiidae,pleurobrachiidae,1,pleurobrachiidae::n,n,4,,,
press_down,press down,1,press_down::v,v,4,,,3.78
printed_symbol,printed symbol,1,printed_symbol::n,n,4,,,
propping_up,propping up,1,propping_up::n,n,4,,,
psenes,psenes,1,psenes::n,n,4,,,
psilophyton,psilophyton,1,psilophyton::n,n,4,,,
ptilocrinus,ptilocrinus,1,ptilocrinus::n,n,4,,,
put_back,put back,1,put_back::v,v,4,,,
qurush,qurush,1,qurush::n,n,4,,,
regicide,regicide,1,regicide::n,n,4,,,
rissa,rissa,1,rissa::n,n,4,,,
romani,romani,1,romani::a,a,4,,,
rynchopidae,rynchopidae,1,rynchopidae::n,n,4,,,
sardinops,sardinops,1,sardinops::n,n,4,,,
saurosuchus,saurosuchus,1,saurosuchus::n,n,4,,,
scabiosa,scabiosa,1,scabiosa::n,n,4,,,
scophthalmus,scophthalmus,1,scophthalmus::n,n,4,,,
sene,sene,1,sene::n,n,4,,,
seriola,seriola,1,seriola::n,n,4,,,
sheet_metal_work,sheet metal work,1,sheet_metal_work::n,n,4,,,
sinhalese,sinhalese,1,sinhalese::a,a,4,,,
slam_dance,slam dance,1,slam_dance::v,v,4,,,
southeastward,southeastward,1,southeastward::r,r,4,,,2.83
southwestward,southwestward,1,southwestward::r,r,4,,,3.7
sparganiaceae,sparganiaceae,1,sparganiaceae::n,n,4,,,
spatchcock,spatchcock,1,spatchcock::v,v,4,,,
sphyrapicus,sphyrapicus,1,sphyrapicus::n,n,4,,,
spyeria,spyeria,1,spyeria::n,n,4,,,
stenopterygius,stenopterygius,1,stenopterygius::n,n,4,,,
streptomyces_griseus,streptomyces griseus,1,streptomyces_griseus::n,n,4,,,
streusel,streusel,1,streusel::n,n,4,,,4.46
syntax_language,syntax language,1,syntax_language::n,n,4,,,
take_apart,take apart,1,take_apart::v,v,4,,,
tarsiidae,tarsiidae,1,tarsiidae::n,n,4,,,
tarsius_syrichta,tarsius syrichta,1,tarsius_syrichta::n,n,4,,,
tatahumara,tatahumara,1,tatahumara::n,n,4,,,
taurotragus,taurotragus,1,taurotragus::n,n,4,,,
telugu,telugu,1,telugu::n,n,4,,,
thamnophilus,thamnophilus,1,thamnophilus::n,n,4,,,
toea,toea,1,toea::n,n,4,,,
trichoglossus,trichoglossus,1,trichoglossus::n,n,4,,,
trichosurus,trichosurus,1,trichosurus::n,n,4,,,
tringa,tringa,1,tringa::n,n,4,,,
tropaeolaceae,tropaeolaceae,1,tropaeolaceae::n,n,4,,,
truckage,truckage,1,truckage::n,n,4,,,
tungusic,tungusic,1,tungusic::n,n,4,,,
unmoved,unmoved,1,unmoved::a,a,4,,,2.0
verticillium,verticillium,1,verticillium::n,n,4,,,
woodcut,woodcut,1,woodcut::n,n,4,,,3.89
zooecdysone,zooecdysone,1,zooecdysone::n,n,4,,,
zoysia,zoysia,1,zoysia::n,n,4,,,
addend,addend,1,addend::n,n,3,,,
aepyceros,aepyceros,1,aepyceros::n,n,3,,,
aerides,aerides,1,aerides::n,n,3,,,
agastache,agastache,1,agastache::n,n,3,,,
agathis,agathis,1,agathis::n,n,3,,,
alcelaphus,alcelaphus,1,alcelaphus::n,n,3,,,
altaic,altaic,1,altaic::a,a,3,,,
amorphophallus,amorphophallus,1,amorphophallus::n,n,3,,,
anthoceros,anthoceros,1,anthoceros::n,n,3,,,
anthocerotaceae,anthocerotaceae,1,anthocerotaceae::n,n,3,,,
aquatint,aquatint,1,aquatint::v,v,3,,,
argynnis,argynnis,1,argynnis::n,n,3,,,
bantoid,bantoid,1,bantoid::a,a,3,,,
belly_dance,belly dance,1,belly_dance::v,v,3,,,
benday,benday,1,benday::v,v,3,,,
benefice,benefice,1,benefice::v,v,3,,,
betulaceous,betulaceous,1,betulaceous::a,a,3,,,
boehmeria,boehmeria,1,boehmeria::n,n,3,,,
boselaphus,boselaphus,1,boselaphus::n,n,3,,,
botrychium,botrychium,1,botrychium::n,n,3,,,
bound_off,bound off,1,bound_off::v,v,3,,,
break_dance,break dance,1,break_dance::v,v,3,,,
brown_goldstone,brown goldstone,1,brown_goldstone::n,n,3,,,
burglar_alarm,burglar alarm,1,burglar_alarm::n,n,3,,,4.48
caladenia,caladenia,1,caladenia::n,n,3,,,
calcimine,calcimine,1,calcimine::v,v,3,,,
calosoma,calosoma,1,calosoma::n,n,3,,,
caltha,caltha,1,caltha::n,n,3,,,
ceding_back,ceding back,1,ceding_back::n,n,3,,,
centrolobium,centrolobium,1,centrolobium::n,n,3,,,
cha_cha,cha cha,1,cha_cha::v,v,3,,,4.26
chamaecyparis,chamaecyparis,1,chamaecyparis::n,n,3,,,
chenopodium,chenopodium,1,chenopodium::n,n,3,,,
chionanthus,chionanthus,1,chionanthus::n,n,3,,,
chlorella,chlorella,1,chlorella::n,n,3,,,
colinus,colinus,1,colinus::n,n,3,,,
commelina,commelina,1,commelina::n,n,3,,,
common_law,common law,1,common_law::a,a,3,,,2.16
connochaetes,connochaetes,1,connochaetes::n,n,3,,,
copper_bottom,copper bottom,1,copper_bottom::v,v,3,,,
coprinaceae,coprinaceae,1,coprinaceae::n,n,3,,,
corbel,corbel,1,corbel::v,v,3,,,
corynebacterium_diphtheriae,corynebacterium diphtheriae,1,corynebacterium_diphtheriae::n,n,3,,,
coryphantha,coryphantha,1,coryphantha::n,n,3,,,
cursorius,cursorius,1,cursorius::n,n,3,,,
damaliscus,damaliscus,1,damaliscus::n,n,3,,,
demulsify,demulsify,1,demulsify::v,v,3,,,
den_mother,den mother,1,den_mother::n,n,3,,,
dhegiha,dhegiha,1,dhegiha::n,n,3,,,
dictostylium,dictostylium,1,dictostylium::n,n,3,,,
dont_know,dont know,1,dont_know::n,n,3,,,
dropforge,dropforge,1,dropforge::v,v,3,,,
enterobius,enterobius,1,enterobius::n,n,3,,,
ephemeridae,ephemeridae,1,ephemeridae::n,n,3,,,
erithacus,erithacus,1,erithacus::n,n,3,,,
folk_dance,folk dance,1,folk_dance::v,v,3,,,
forestiera,forestiera,1,forestiera::n,n,3,,,
fritillaria,fritillaria,1,fritillaria::n,n,3,,,
fusillade,fusillade,1,fusillade::v,v,3,,,
gesneria,gesneria,1,gesneria::n,n,3,,,
glyceria,glyceria,1,glyceria::n,n,3,,,
haematopodidae,haematopodidae,1,haematopodidae::n,n,3,,,
haematopus,haematopus,1,haematopus::n,n,3,,,
hang_back,hang back,1,hang_back::v,v,3,,,2.7
helleborus,helleborus,1,helleborus::n,n,3,,,
hen_turkey,hen turkey,1,hen_turkey::n,n,3,,,
holystone,holystone,1,holystone::v,v,3,,,
horse_race,horse race,1,horse_race::v,v,3,,,4.62
hydrogen_bomb,hydrogen bomb,1,hydrogen_bomb::v,v,3,,,
inula,inula,1,inula::n,n,3,,,
jacklight,jacklight,1,jacklight::v,v,3,,,
laguncularia,laguncularia,1,laguncularia::n,n,3,,,
largemouth_bass,largemouth bass,1,largemouth_bass::n,n,3,,,
lepiota,lepiota,1,lepiota::n,n,3,,,
lepisosteidae,lepisosteidae,1,lepisosteidae::n,n,3,,,
livonian,livonian,1,livonian::n,n,3,,,
locker_room,locker room,1,locker_room::a,a,3,,,4.72
long_distance,long distance,1,long_distance::a,a,3,,,2.74
machine_gun,machine gun,1,machine_gun::v,v,3,,,5.0
micropogonias,micropogonias,1,micropogonias::n,n,3,,,
minuend,minuend,1,minuend::n,n,3,,,
mutisia,mutisia,1,mutisia::n,n,3,,,
myricaceae,myricaceae,1,myricaceae::n,n,3,,,
nephthytis,nephthytis,1,nephthytis::n,n,3,,,
notomys,notomys,1,notomys::n,n,3,,,
obsessive_compulsive,obsessive compulsive,1,obsessive_compulsive::n,n,3,,,
ocyurus,ocyurus,1,ocyurus::n,n,3,,,
oryzopsis,oryzopsis,1,oryzopsis::n,n,3,,,
paper_toweling,paper toweling,1,paper_toweling::n,n,3,,,
papio,papio,1,papio::n,n,3,,,
partita,partita,1,partita::n,n,3,,,
persoonia,persoonia,1,persoonia::n,n,3,,,
phoenicurus,phoenicurus,1,phoenicurus::n,n,3,,,
phyllocladaceae,phyllocladaceae,1,phyllocladaceae::n,n,3,,,
physostigma,physostigma,1,physostigma::n,n,3,,,
pointed_toe,pointed toe,1,pointed_toe::a,a,3,,,
power_dive,power dive,1,power_dive::v,v,3,,,
proterochampsa,proterochampsa,1,proterochampsa::n,n,3,,,
pythium,pythium,1,pythium::n,n,3,,,
quarter_hour,quarter hour,1,quarter_hour::n,n,3,,,
raphicerus,raphicerus,1,raphicerus::n,n,3,,,
rear_end,rear end,1,rear_end::v,v,3,,,4.21
red_ink,red ink,1,red_ink::v,v,3,,,
relative_clause,relative clause,1,relative_clause::n,n,3,,,
revenant,revenant,1,revenant::a,a,3,,,
salpiglossis,salpiglossis,1,salpiglossis::n,n,3,,,
sandblast,sandblast,1,sandblast::v,v,3,,,4.15
short_aria,short aria,1,short_aria::n,n,3,,,
skank,skank,1,skank::v,v,3,,,
smallmouth_bass,smallmouth bass,1,smallmouth_bass::n,n,3,,,
snapchat,snapchat,1,snapchat::v,v,3,,,
soft_solder,soft solder,1,soft_solder::v,v,3,,,
sorbian,sorbian,1,sorbian::n,n,3,,,
spodoptera,spodoptera,1,spodoptera::n,n,3,,,
straight_backed,straight backed,1,straight_backed::r,r,3,,,
sundacarpus,sundacarpus,1,sundacarpus::n,n,3,,,
swage,swage,1,swage::v,v,3,,,
tap_dance,tap dance,1,tap_dance::v,v,3,,,
telopea,telopea,1,telopea::n,n,3,,,
tip_up,tip up,1,tip_up::a,a,3,,,
trephine,trephine,1,trephine::v,v,3,,,
true_statement,true statement,1,true_statement::n,n,3,,,
ultracentrifuge,ultracentrifuge,1,ultracentrifuge::v,v,3,,,
umbrina,umbrina,1,umbrina::n,n,3,,,
untoughened,untoughened,1,untoughened::a,a,3,,,
vector_product,vector product,1,vector_product::n,n,3,,,
vlog,vlog,1,vlog::v,v,3,,,
wingback,wingback,1,wingback::n,n,3,,,3.29
woodsia,woodsia,1,woodsia::n,n,3,,,
yeast_dough,yeast dough,1,yeast_dough::n,n,3,,,
zapotec,zapotec,1,zapotec::a,a,3,,,
back_channel,back channel,1,back_channel::a,a,2,,,
bibos,bibos,1,bibos::n,n,2,,,
calamagrostis,calamagrostis,1,calamagrostis::n,n,2,,,
cancroid,cancroid,1,cancroid::a,a,2,,,
christ_child,christ child,1,christ_child::n,n,2,,,
circaea,circaea,1,circaea::n,n,2,,,
closed_circuit,closed circuit,1,closed_circuit::a,a,2,,,
corynebacterium,corynebacterium,1,corynebacterium::n,n,2,,,
cut_out,cut out,1,cut_out::a,a,2,,,
elaeagnus,elaeagnus,1,elaeagnus::n,n,2,,,
fucus,fucus,1,fucus::n,n,2,,,
half_price,half price,1,half_price::r,r,2,,,
hydrophyllum,hydrophyllum,1,hydrophyllum::n,n,2,,,
open_chain,open chain,1,open_chain::a,a,2,,,
open_hearth,open hearth,1,open_hearth::a,a,2,,,
pay_cash,pay cash,1,pay_cash::v,v,2,,,
physa,physa,1,physa::n,n,2,,,
ride_horseback,ride horseback,1,ride_horseback::v,v,2,,,
satureja,satureja,1,satureja::n,n,2,,,
testacea,testacea,1,testacea::n,n,2,,,
