sense_key,lemma_or_redacted,pos,gloss_or_elided,gold_lexicality,stratum,notes
oewn-i__1.27.00..,I,n,a nonmetallic element belonging to the halogens; used especially in medicine and photography and in dyes; occurs naturally only in combination in small quantities (as in sea water or rocks),chemical,short_seed,gloss: chemical substance/element cue
oewn-v__1.23.02..,V,n,the cardinal number that is the sum of four and one,symbol-code,short_seed,single-character lemma
oewn-n__1.23.00..,N,n,(of a solution) concentration expressed in gram equivalents of solute per liter,symbol-code,short_seed,single-character lemma
oewn-l__1.23.06..,L,n,the cardinal number that is the product of ten and five,symbol-code,short_seed,single-character lemma
oewn-do__2.38.00..,do,v,travel or traverse (a distance),lexical-word,short_seed,short token on the ordinary-word whitelist
oewn-be__2.42.06..,be,v,be identical to; be someone or something,lexical-word,short_seed,short token on the ordinary-word whitelist
oewn-w__1.23.00..,W,n,a unit of power equal to 1 joule per second; the power dissipated by a current of 1 ampere flowing across a resistance of 1 ohm,symbol-code,short_seed,single-character lemma
oewn-v__1.10.00..,V,n,the 22nd letter of the Roman alphabet,symbol-code,short_seed,single-character lemma
oewn-ai__1.09.00..,AI,n,the branch of computer science that deal with writing computer programs that can solve problems creatively,symbol-code,short_seed,short upper/mixed-case token (code)
oewn-s__1.10.01..,s,n,the 19th letter of the Roman alphabet,symbol-code,short_seed,single-character lemma
oewn-s__1.24.00..,S,n,the cardinal compass point that is at 180 degrees,symbol-code,short_seed,single-character lemma
oewn-w__1.10.00..,W,n,the 23rd letter of the Roman alphabet,symbol-code,short_seed,single-character lemma
oewn-ax__1.06.00..,ax,n,an edge tool with a heavy bladed head mounted across a handle,lexical-word,short_seed,short token on the ordinary-word whitelist
oewn-g__1.10.00..,G,n,the 7th letter of the Roman alphabet,symbol-code,short_seed,single-character lemma
oewn-b__1.10.01..,b,n,the 2nd letter of the Roman alphabet,symbol-code,short_seed,single-character lemma
oewn-z__1.10.00..,Z,n,the 26th letter of the Roman alphabet,symbol-code,short_seed,single-character lemma
oewn-e__1.24.00..,E,n,the cardinal compass point that is at 90 degrees,symbol-code,short_seed,single-character lemma
oewn-be__2.42.09..,be,v,be priced at,lexical-word,short_seed,short token on the ordinary-word whitelist
oewn-b__1.08.00..,B,n,the blood group whose red cells carry the B antigen,symbol-code,short_seed,single-character lemma
oewn-b__1.23.00..,b,n,(physics) a unit of nuclear cross section; the effective circular area that one particle presents to another as a target for an encounter,symbol-code,short_seed,single-character lemma
oewn-ph__1.07.00..,pH,n,(from potential of Hydrogen) the logarithm of the reciprocal of hydrogen-ion concentration in gram atoms per liter; provides a measure on a scale from 0 to 14 of the acidity or alkalinity of a solution (where 7 is neutral and greater than 7 is more basic and less than 7 is more acidic),symbol-code,short_seed,short upper/mixed-case token (code)
oewn-be__2.42.01..,be,v,"have life, be alive",lexical-word,short_seed,short token on the ordinary-word whitelist
oewn-z__1.11.00..,Z,n,the ending of a series or sequence,symbol-code,short_seed,single-character lemma
oewn-th__1.28.00..,Th,n,the fifth day of the week; the fourth working day,symbol-code,short_seed,"short titlecase token, not whitelisted"
oewn-axe__1.06.00..,axe,n,an edge tool with a heavy bladed head mounted across a handle,lexical-word,short_seed,short token on the ordinary-word whitelist
oewn-v__5.00.00.cardinal.00,v,a,being one more than four,symbol-code,short_seed,single-character lemma
oewn-t__1.23.01..,t,n,a unit of weight equivalent to 1000 kilograms,symbol-code,short_seed,single-character lemma
oewn-g__1.10.01..,g,n,the 7th letter of the Roman alphabet,symbol-code,short_seed,single-character lemma
oewn-am__4.02.05..,AM,r,before 12 noon,symbol-code,short_seed,short upper/mixed-case token (code)
oewn-h__1.23.00..,H,n,a unit of inductance in which an induced electromotive force of one volt is produced when the current is varied at the rate of one ampere per second,symbol-code,short_seed,single-character lemma
oewn-am__4.02.04..,am,r,before 12 noon,lexical-word,short_seed,short token on the ordinary-word whitelist
oewn-m__5.00.00.cardinal.00,m,a,"denoting a quantity consisting of 1,000 items or units",symbol-code,short_seed,single-character lemma
oewn-v__1.27.00..,V,n,a soft silvery white toxic metallic element used in steel alloys; it occurs in several complex minerals including carnotite and vanadinite,chemical,short_seed,gloss: chemical substance/element cue
oewn-no__1.10.00..,no,n,a negative,lexical-word,short_seed,short token on the ordinary-word whitelist
oewn-k__1.23.05..,K,n,the basic unit of thermodynamic temperature adopted under the Systeme International d'Unites,symbol-code,short_seed,single-character lemma
oewn-be__1.27.00..,Be,n,a light strong brittle grey toxic bivalent metallic element,chemical,short_seed,gloss: chemical substance/element cue
oewn-no__3.00.00..,no,a,(quantifier) used with either mass nouns or plural count nouns for indicating a complete or almost complete lack or zero quantity of,lexical-word,short_seed,short token on the ordinary-word whitelist
oewn-pm__1.10.00..,PM,n,modulation of the phase of the carrier wave,symbol-code,short_seed,short upper/mixed-case token (code)
oewn-s__1.10.00..,S,n,the 19th letter of the Roman alphabet,symbol-code,short_seed,single-character lemma
oewn-v__1.23.00..,V,n,a unit of potential equal to the potential difference between two points on a conductor carrying a current of 1 ampere when the power dissipated between the two points is 1 watt; equivalent to the potential difference across a resistance of 1 ohm when 1 ampere of current flows through it,symbol-code,short_seed,single-character lemma
oewn-h__1.10.01..,h,n,the 8th letter of the Roman alphabet,symbol-code,short_seed,single-character lemma
oewn-x__5.00.00.cardinal.00,x,a,being one more than nine,symbol-code,short_seed,single-character lemma
oewn-pm__1.04.00..,PM,n,an examination and dissection of a dead body to determine cause of death or the changes produced by disease,symbol-code,short_seed,short upper/mixed-case token (code)
oewn-ce__4.02.00..,CE,r,of the period coinciding with the Christian era; preferred by some writers who are not Christians,symbol-code,short_seed,short upper/mixed-case token (code)
oewn-l__1.23.00..,l,n,"a metric unit of capacity, formerly defined as the volume of one kilogram of pure water under standard conditions; now equal to 1,000 cubic centimeters (or approximately 1.75 pints)",symbol-code,short_seed,single-character lemma
oewn-w__1.10.01..,w,n,the 23rd letter of the Roman alphabet,symbol-code,short_seed,single-character lemma
oewn-m__1.10.00..,M,n,the 13th letter of the Roman alphabet,symbol-code,short_seed,single-character lemma
oewn-do__2.29.04..,do,v,arrange attractively,lexical-word,short_seed,short token on the ordinary-word whitelist
oewn-k__1.06.00..,K,n,street names for ketamine,symbol-code,short_seed,single-character lemma
oewn-k__1.27.00..,K,n,a light soft silver-white metallic element of the alkali metal group; oxidizes rapidly in air and reacts violently with water; is abundant in nature in combined forms occurring in sea water and in carnallite and kainite and sylvite,chemical,short_seed,gloss: chemical substance/element cue
oewn-u__1.27.00..,U,n,a heavy toxic silvery-white radioactive metallic element; occurs in many isotopes; used for nuclear fuels and nuclear weapons,chemical,short_seed,gloss: chemical substance/element cue
oewn-b__1.27.00..,B,n,a trivalent metalloid element; occurs both in a hard black crystal and in the form of a yellow or brown powder,symbol-code,short_seed,single-character lemma
oewn-do__2.36.02..,do,v,"give rise to; cause to happen or occur, not always intentionally",lexical-word,short_seed,short token on the ordinary-word whitelist
oewn-m__1.23.00..,m,n,the basic unit of length adopted under the Systeme International d'Unites (approximately 1.094 yards),symbol-code,short_seed,single-character lemma
oewn-g__1.23.03..,G,n,"a unit of information equal to 1000 megabytes or 10^9 (1,000,000,000) bytes",symbol-code,short_seed,single-character lemma
oewn-t__1.27.01..,T,n,a base found in DNA (but not in RNA) and derived from pyrimidine; pairs with adenine,symbol-code,short_seed,single-character lemma
oewn-b__1.27.01..,B,n,originally thought to be a single vitamin but now separated into several B vitamins,symbol-code,short_seed,single-character lemma
oewn-do__2.42.01..,do,v,"be sufficient; be adequate, either in quality or quantity",lexical-word,short_seed,short token on the ordinary-word whitelist
oewn-k__1.10.00..,K,n,the 11th letter of the Roman alphabet,symbol-code,short_seed,single-character lemma
oewn-c__1.27.03..,C,n,a vitamin found in fresh fruits (especially citrus fruits) and vegetables; prevents scurvy,symbol-code,short_seed,single-character lemma
oewn-set__2.35.04..,set,v,"give a fine, sharp edge to a knife or razor",symbol-code,short_token,short token not on whitelist
oewn-toe__2.35.01..,toe,v,hit (a golf ball) with the toe of the club,symbol-code,short_token,short token not on whitelist
oewn-cog__1.18.00..,cog,n,a subordinate who performs an important but routine function,symbol-code,short_token,short token not on whitelist
oewn-xxx__1.23.00..,XXX,n,the cardinal number that is the product of ten and three,symbol-code,short_token,short upper/mixed-case token (code)
oewn-db__1.27.00..,Db,n,a transuranic element with atomic number 105,chemical,short_token,gloss: chemical substance/element cue
oewn-sub__2.40.00..,sub,v,be a substitute,symbol-code,short_token,short token not on whitelist
oewn-tip__1.15.01..,tip,n,the top or extreme point of something (usually a mountain or hill),symbol-code,short_token,short token not on whitelist
oewn-66__5.00.00.cardinal.00,66,a,being six more than sixty,symbol-code,short_token,short token not on whitelist
oewn-see__2.36.00..,see,v,imagine; conceive of; see in one's mind,symbol-code,short_token,short token not on whitelist
oewn-haw__2.32.00..,haw,v,utter ‘haw’,symbol-code,short_token,short token not on whitelist
oewn-day__1.28.04..,day,n,the recurring hours when you are not sleeping (especially those when you are working),symbol-code,short_token,short token not on whitelist
oewn-wen__1.26.00..,wen,n,a common cyst of the skin; filled with fatty matter (sebum) that is secreted by a sebaceous gland that has been blocked,symbol-code,short_token,short token not on whitelist
oewn-map__2.36.00..,map,v,make a map of; show or establish the features of details of,symbol-code,short_token,short token not on whitelist
oewn-gig__1.06.02..,gig,n,long and light rowing boat; especially for racing,symbol-code,short_token,short token not on whitelist
oewn-man__1.18.03..,man,n,a man who serves in the armed forces; a member of a military force,symbol-code,short_token,short token not on whitelist
oewn-tot__1.18.00..,tot,n,a young child who is just beginning to walk,symbol-code,short_token,short token not on whitelist
oewn-map__1.06.00..,map,n,a diagrammatic representation of the earth's surface (or part of it),symbol-code,short_token,short token not on whitelist
oewn-put__1.04.00..,put,n,the option to sell a given stock (or stock index or commodity future) at a given price before a given date,symbol-code,short_token,short token not on whitelist
oewn-pat__5.00.00.plausible.00,pat,a,having only superficial plausibility,symbol-code,short_token,short token not on whitelist
oewn-mud__1.27.00..,mud,n,water soaked soil; soft wet earth,symbol-code,short_token,short token not on whitelist
oewn-bwr__1.06.00..,BWR,n,a nuclear reactor that uses water as a coolant and moderator; the water boils in the reactor core and the steam produced can drive a steam turbine,symbol-code,short_token,short upper/mixed-case token (code)
oewn-sun__1.17.02..,sun,n,the star that is the source of light and heat for the planets in the solar system,symbol-code,short_token,short token not on whitelist
oewn-icy__5.00.00.frozen.00,icy,a,covered with or containing or consisting of ice,symbol-code,short_token,short token not on whitelist
oewn-rig__2.41.00..,rig,v,arrange the outcome of by means of deceit,symbol-code,short_token,short token not on whitelist
oewn-don__1.18.02..,don,n,teacher at a university or college (especially at Cambridge or Oxford),symbol-code,short_token,short token not on whitelist
oewn-sad__5.00.00.sorrowful.00,sad,a,of things that make you feel sad,symbol-code,short_token,short token not on whitelist
oewn-ci__5.00.00.cardinal.00,ci,a,being one more than one hundred,symbol-code,short_token,short token not on whitelist
oewn-off__4.02.04..,off,r,no longer on or in contact or attached,symbol-code,short_token,short token not on whitelist
oewn-kui__1.18.00..,Kui,n,a member of the Dravidian people living in southeastern India,symbol-code,short_token,"short titlecase token, not whitelisted"
oewn-ace__1.06.00..,ace,n,one of four playing cards in a deck having a single pip on its face,symbol-code,short_token,short token not on whitelist
oewn-hen__1.05.03..,hen,n,female of certain aquatic animals e.g. octopus or lobster,symbol-code,short_token,short token not on whitelist
oewn-lay__2.35.01..,lay,v,put into a certain place or abstract location,symbol-code,short_token,short token not on whitelist
oewn-jra__1.14.00..,JRA,n,a terrorist group organized in 1970 to overthrow the Japanese government and monarchy and to foment world revolution; is said to have close ties with Palestinian terrorists,symbol-code,short_token,short upper/mixed-case token (code)
oewn-off__2.41.00..,off,v,kill intentionally and with premeditation,symbol-code,short_token,short token not on whitelist
oewn-elk__1.05.02..,elk,n,large North American deer with large much-branched antlers in the male,symbol-code,short_token,short token not on whitelist
oewn-van__1.14.01..,van,n,any creative group active in the innovation and application of new concepts and techniques in a given field (especially in the arts),symbol-code,short_token,short token not on whitelist
oewn-bum__1.18.01..,bum,n,a vagrant,symbol-code,short_token,short token not on whitelist
oewn-job__2.41.03..,job,v,arranged for contracted work to be done by others,symbol-code,short_token,short token not on whitelist
oewn-nuwc__1.14.00..,NUWC,n,the agency that provides scientific and engineering and technical support for submarine and undersea warfare systems,lexical-word,short_token,ordinary content word (default)
oewn-dim__5.00.00.stupid.00,dim,a,slow to learn or understand; lacking intellectual acuity,symbol-code,short_token,short token not on whitelist
oewn-cut__2.36.01..,cut,v,"form by probing, penetrating, or digging",symbol-code,short_token,short token not on whitelist
oewn-kos__1.23.00..,kos,n,(in India) a unit of length having different values in different localities,symbol-code,short_token,gloss: letter/symbol/unit-code cue
oewn-tad__1.23.00..,tad,n,a slight amount or degree of difference,symbol-code,short_token,short token not on whitelist
oewn-fog__1.26.01..,fog,n,an atmosphere in which visibility is reduced because of a cloud of some substance,symbol-code,short_token,short token not on whitelist
oewn-act__2.33.00..,act,v,discharge one's duties,symbol-code,short_token,short token not on whitelist
oewn-pap__1.13.00..,pap,n,a diet that does not require chewing; advised for those with intestinal disorders,symbol-code,short_token,short token not on whitelist
oewn-5th__5.00.00.ordinal.00,5th,a,coming next after the fourth and just before the sixth in position,symbol-code,short_token,short token not on whitelist
oewn-sum__1.14.01..,sum,n,a set containing all and only the members of two or more given sets,symbol-code,short_token,short token not on whitelist
oewn-xix__1.23.00..,XIX,n,the cardinal number that is the sum of eighteen and one,symbol-code,short_token,short upper/mixed-case token (code)
oewn-toe__1.06.01..,toe,n,(golf) the part of a clubhead farthest from the shaft,symbol-code,short_token,short token not on whitelist
oewn-lx__1.23.00..,LX,n,the cardinal number that is the product of ten and six,symbol-code,short_token,short upper/mixed-case token (code)
oewn-yet__4.02.05..,yet,r,used after a superlative,symbol-code,short_token,short token not on whitelist
oewn-dia__1.14.00..,DIA,n,an intelligence agency of the United States in the Department of Defense; is responsible for providing intelligence in support of military planning and operations and weapons acquisition,symbol-code,short_token,short upper/mixed-case token (code)
oewn-el_cid__1.18.00..,El Cid,n,the hero of a Spanish epic poem from the 12th century,proper-name,short_token,gloss: named-entity cue
oewn-bay__2.32.01..,bay,v,utter in deep prolonged tones,symbol-code,short_token,short token not on whitelist
oewn-hug__2.35.01..,hug,v,"hold (someone) tightly in your arms, usually with fondness",symbol-code,short_token,short token not on whitelist
oewn-gee__2.32.00..,gee,v,give a command to a horse to turn to the right side,symbol-code,short_token,short token not on whitelist
oewn-art__1.09.00..,art,n,a superior skill that you can learn by study and practice and observation,symbol-code,short_token,short token not on whitelist
oewn-ga__1.27.00..,Ga,n,a rare silvery (usually trivalent) metallic element; brittle at low temperatures but liquid above room temperature; occurs in trace amounts in bauxite and zinc ores,chemical,short_token,gloss: chemical substance/element cue
oewn-ex__5.00.00.unfashionable.00,ex,a,out of fashion,symbol-code,short_token,short token not on whitelist
oewn-say__2.32.03..,say,v,express a supposition,symbol-code,short_token,short token not on whitelist
oewn-mon__1.10.00..,Mon,n,the Mon-Khmer language spoken by the Mon,symbol-code,short_token,"short titlecase token, not whitelisted"
oewn-jib__2.38.00..,jib,v,shift from one side of the ship to the other,symbol-code,short_token,short token not on whitelist
oewn-bad__5.00.00.nonstandard.03,bad,a,nonstandard,symbol-code,short_token,short token not on whitelist
oewn-get__2.36.14..,get,v,apprehend and reproduce accurately,symbol-code,short_token,short token not on whitelist
oewn-hip__1.20.00..,[redacted-offensive-lexicon],n,[gloss elided],symbol-code,short_token,short token not on whitelist | OFFENSIVE-REDACTED
oewn-pat__4.02.00..,pat,r,completely or perfectly,symbol-code,short_token,short token not on whitelist
oewn-orb__2.38.00..,orb,v,move in an orbit,symbol-code,short_token,short token not on whitelist
oewn-basic__1.10.00..,BASIC,n,a popular programming language that is relatively easy to learn; an acronym for beginner's all-purpose symbolic instruction code; no longer in general use,abbreviation,short_token,gloss: abbreviation/acronym cue
oewn-gd__1.27.00..,Gd,n,a ductile silvery-white ductile ferromagnetic trivalent metallic element of the rare earth group,chemical,short_token,gloss: chemical substance/element cue
oewn-air__2.32.00..,air,v,make public,symbol-code,short_token,short token not on whitelist
oewn-rip__1.04.00..,rip,n,the act of rending or ripping or splitting something,symbol-code,short_token,short token not on whitelist
oewn-gp__1.18.00..,GP,n,a physician who is not a specialist but treats all illnesses,symbol-code,short_token,short upper/mixed-case token (code)
oewn-bar__1.23.00..,bar,n,(meteorology) a unit of pressure equal to a million dynes per square centimeter,symbol-code,short_token,gloss: letter/symbol/unit-code cue
oewn-aim__2.32.09..,aim,v,move into a desired direction of discourse,symbol-code,short_token,short token not on whitelist
oewn-ask__2.32.01..,ask,v,make a request or demand for something to somebody,symbol-code,short_token,short token not on whitelist
oewn-jam__1.14.00..,jam,n,a dense crowd of people,symbol-code,short_token,short token not on whitelist
oewn-cpa__1.18.00..,CPA,n,an accountant who has passed certain examinations and met all other statutory and licensing requirements of a United States state to be certified by that state,symbol-code,short_token,short upper/mixed-case token (code)
oewn-bob__1.05.00..,bob,n,a short or shortened tail of certain animals,symbol-code,short_token,short token not on whitelist
oewn-bar__1.14.00..,bar,n,the body of individuals qualified to practice law in a particular jurisdiction,technical-term,short_token,gloss: technical-domain cue
oewn-zep__1.13.00..,zep,n,a large sandwich made of a long crusty roll split lengthwise and filled with meats and cheese (and tomato and onion and lettuce and condiments); different names are used in different sections of the United States,symbol-code,short_token,short token not on whitelist
oewn-esr__1.04.00..,ESR,n,microwave spectroscopy in which there is resonant absorption of radiation by a paramagnet,symbol-code,short_token,short upper/mixed-case token (code)
oewn-cpu__1.06.00..,CPU,n,(computer science) the part of a computer (a microprocessor chip) that does most of the data processing,symbol-code,short_token,short upper/mixed-case token (code)
oewn-arc__2.38.00..,arc,v,form an arch or curve,symbol-code,short_token,short token not on whitelist
oewn-pig__1.06.00..,pig,n,a crude block of metal (lead or iron) poured from a smelting furnace,symbol-code,short_token,short token not on whitelist
oewn-mil__1.23.02..,mil,n,a metric unit of volume equal to one thousandth of a liter,symbol-code,short_token,gloss: letter/symbol/unit-code cue
oewn-sky__2.35.00..,sky,v,throw or toss with a light motion,symbol-code,short_token,short token not on whitelist
oewn-grapo__1.14.00..,GRAPO,n,an armed wing of the (illegal) Communist Party of Spain; seeks to overthrow the Spanish government and replace it with a Marxist-Leninist regime,lexical-word,short_token,ordinary content word (default)
oewn-gsr__1.04.00..,GSR,n,a change in the electrical properties of the skin in response to stress or anxiety; can be measured either by recording the electrical resistance of the skin or by recording weak currents generated by the body,symbol-code,short_token,short upper/mixed-case token (code)
oewn-rib__1.10.00..,rib,n,a teasing remark,symbol-code,short_token,short token not on whitelist
oewn-cad__1.18.00..,cad,n,someone who is morally reprehensible,symbol-code,short_token,short token not on whitelist
oewn-ex__1.10.00..,ex,n,the 24th letter of the Roman alphabet,symbol-code,short_token,gloss: letter/symbol/unit-code cue
oewn-cap__1.06.03..,cap,n,something serving as a cover or protection,symbol-code,short_token,short token not on whitelist
oewn-tt__1.15.00..,TT,n,a country scattered over Micronesia with a constitutional government in free association with the United States; achieved independence in 1986,symbol-code,short_token,short upper/mixed-case token (code)
oewn-ec__1.14.00..,EC,n,an international organization of European countries formed after World War II to reduce trade barriers and increase cooperation among its members,symbol-code,short_token,short upper/mixed-case token (code)
oewn-rim__1.06.03..,rim,n,(basketball) the hoop from which the net is suspended,symbol-code,short_token,short token not on whitelist
oewn-tub__1.06.00..,tub,n,a large open vessel for holding or storing liquids,symbol-code,short_token,short token not on whitelist
oewn-tee__2.35.00..,tee,v,place on a tee,symbol-code,short_token,short token not on whitelist
oewn-die__2.30.00..,die,v,pass from physical life and lose all bodily attributes and functions necessary to sustain life,symbol-code,short_token,short token not on whitelist
oewn-nap__2.29.00..,nap,v,take a siesta,symbol-code,short_token,short token not on whitelist
oewn-13__5.00.00.cardinal.00,13,a,being one more than twelve,symbol-code,short_token,short token not on whitelist
oewn-cog__1.06.00..,cog,n,tooth on the rim of gear wheel,symbol-code,short_token,short token not on whitelist
oewn-man__2.41.00..,man,v,take charge of a certain job; occupy a certain work place,symbol-code,short_token,short token not on whitelist
oewn-pow__1.18.00..,POW,n,a person who surrenders to (or is taken by) the enemy in time of war,symbol-code,short_token,short upper/mixed-case token (code)
oewn-boy__1.18.00..,boy,n,a youthful male person,symbol-code,short_token,short token not on whitelist
oewn-cd8__1.27.00..,CD8,n,a membrane glycoprotein that is found primarily on the surface of cytotoxic T cells,symbol-code,short_token,short upper/mixed-case token (code)
oewn-edd__1.10.00..,EdD,n,a doctor's degree in education,symbol-code,short_token,short upper/mixed-case token (code)
oewn-rna__1.27.00..,RNA,n,(biochemistry) a long linear polymer of nucleotides found in the nucleus but mainly in the cytoplasm of a cell where it is associated with microsomes; it transmits genetic information from DNA to the cytoplasm and controls certain chemical processes in the cell,chemical,short_token,lemma is a chemical formula + chemistry gloss
oewn-asp__1.05.02..,asp,n,cobra used by the Pharaohs as a symbol of their power over life and death,symbol-code,short_token,short token not on whitelist
oewn-map__2.42.00..,map,v,locate within a specific region of a chromosome in relation to known DNA or gene sequences,symbol-code,short_token,short token not on whitelist
oewn-vex__2.35.00..,vex,v,change the arrangement or position of,symbol-code,short_token,short token not on whitelist
oewn-ney__1.18.00..,Ney,n,French marshal in the Napoleonic Wars (1769-1815),symbol-code,short_token,"short titlecase token, not whitelisted"
oewn-run__2.36.02..,run,v,include as the content; broadcast or publicize,symbol-code,short_token,short token not on whitelist
oewn-iaa__1.14.00..,IAA,n,Yemen-based terrorist group that supports al-Qaeda's goals; seeks to overthrow the Yemeni government and eliminate United States interests; responsible for bombings and kidnappings and killing western tourists in Yemen,symbol-code,short_token,short upper/mixed-case token (code)
oewn-bbl__1.23.01..,bbl,n,any of various units of capacity,symbol-code,short_token,short token not on whitelist
oewn-cut__2.35.00..,cut,v,separate with or as if with an instrument,symbol-code,short_token,short token not on whitelist
oewn-sew__2.36.00..,sew,v,create (clothes) with cloth,symbol-code,short_token,short token not on whitelist
oewn-v-j_day__1.28.00..,V-J Day,n,"the date of Allied victory over Japan, World War II",phrase,short_token,compositional multiword lemma
oewn-pb__1.23.00..,PB,n,a unit of information equal to 1024 tebibytes or 2^50 bytes,symbol-code,short_token,short upper/mixed-case token (code)
oewn-wok__1.06.00..,wok,n,pan with a convex bottom; used for frying in Chinese cooking,symbol-code,short_token,short token not on whitelist
oewn-dry__3.00.04..,dry,a,opposed to or prohibiting the production and sale of alcoholic beverages,symbol-code,short_token,short token not on whitelist
oewn-git__1.18.00..,git,n,a person who is deemed to be despicable or contemptible,symbol-code,short_token,short token not on whitelist
oewn-lid__1.06.01..,lid,n,headdress that protects the head from bad weather; has shaped crown and usually a brim,symbol-code,short_token,short token not on whitelist
oewn-dm__1.23.00..,dm,n,a metric unit of length equal to one tenth of a meter,symbol-code,short_token,gloss: letter/symbol/unit-code cue
oewn-leg__1.06.02..,leg,n,a prosthesis that replaces a missing leg,symbol-code,short_token,short token not on whitelist
oewn-ddc__1.06.01..,DDC,n,an antiviral drug used to combat HIV infection; a nucleoside analog reverse transcriptase inhibitor (NARTI),symbol-code,short_token,short upper/mixed-case token (code)
oewn-dab__2.34.01..,dab,v,to smoke marijuana using butane hash oil,symbol-code,short_token,short token not on whitelist
oewn-npa__1.14.00..,NPA,n,a terrorist organization that is the militant wing of the Communist Party of the Philippines; a Maoist organization formed to overthrow the government; uses hit squads called Sparrow Units; opposes United States military presence in the Philippines,symbol-code,short_token,short upper/mixed-case token (code)
oewn-ig__1.27.00..,Ig,n,a class of proteins produced in lymph tissue in vertebrates and that function as antibodies in the immune response,taxon,short_token,gloss: taxonomic rank cue
oewn-zap__2.37.00..,zap,v,strike suddenly and with force,symbol-code,short_token,short token not on whitelist
oewn-dip__2.35.11..,dip,v,immerse in a disinfectant solution,symbol-code,short_token,short token not on whitelist
oewn-dun__5.00.00.chromatic.00,dun,a,of a dull greyish brown to brownish grey color,symbol-code,short_token,short token not on whitelist
oewn-ng__1.23.00..,ng,n,"one billionth (1/1,000,000,000) gram",symbol-code,short_token,short token not on whitelist
oewn-ipod__1.06.00..,iPod,n,(trademark) a pocket-sized device used to play music files,technical-term,short_token,gloss: technical-domain cue
oewn-bid__2.40.00..,bid,v,propose a payment,symbol-code,short_token,short token not on whitelist
oewn-die__2.37.00..,die,v,"be brought to or as if to the point of death by an intense emotion such as embarrassment, amusement, or shame",symbol-code,short_token,short token not on whitelist
oewn-kw-hr__1.23.00..,kW-hr,n,a unit of energy equal to the work done by a power of 1000 watts operating for one hour,phrase,short_token,compositional multiword lemma
oewn-try__2.30.00..,try,v,melt (fat or lard) in order to separate out impurities,symbol-code,short_token,short token not on whitelist
oewn-hob__1.06.00..,hob,n,a shelf beside an open fire where something can be kept warm,symbol-code,short_token,short token not on whitelist
oewn-fly__2.38.03..,fly,v,run away quickly,symbol-code,short_token,short token not on whitelist
oewn-red__5.00.00.colored.00,red,a,(especially of the face) reddened or suffused with or as if with blood from emotion or exertion,symbol-code,short_token,short token not on whitelist
oewn-tc__1.14.00..,TC,n,a permanent council of the United Nations that commissions a country (or countries) to undertake the administration of a territory,symbol-code,short_token,short upper/mixed-case token (code)
oewn-hot__5.00.00.new.00,hot,a,newest or most recent,symbol-code,short_token,short token not on whitelist
oewn-pap__1.10.00..,pap,n,worthless or oversimplified ideas,symbol-code,short_token,short token not on whitelist
oewn-run__2.42.04..,run,v,have a particular form,symbol-code,short_token,short token not on whitelist
oewn-dim__2.39.01..,dim,v,switch (a car's headlights) from a higher to a lower beam,symbol-code,short_token,short token not on whitelist
oewn-fly__2.38.01..,fly,v,operate an airplane,symbol-code,short_token,short token not on whitelist
oewn-lxx__1.23.00..,LXX,n,the cardinal number that is the product of ten and seven,symbol-code,short_token,short upper/mixed-case token (code)
oewn-buy__2.40.00..,buy,v,obtain by purchase; acquire by means of a financial transaction,symbol-code,short_token,short token not on whitelist
oewn-tap__2.38.04..,tap,v,draw (liquor) from a tap,symbol-code,short_token,short token not on whitelist
oewn-rut__2.35.00..,rut,v,hollow out in the form of a furrow or groove,symbol-code,short_token,short token not on whitelist
oewn-toy__2.41.00..,toy,v,behave carelessly or indifferently,symbol-code,short_token,short token not on whitelist
oewn-al__1.15.00..,AL,n,a state in the southeastern United States on the Gulf of Mexico; one of the Confederate states during the American Civil War,symbol-code,short_token,short upper/mixed-case token (code)
oewn-box__1.23.00..,box,n,the quantity contained in a box,symbol-code,short_token,short token not on whitelist
oewn-52__5.00.00.cardinal.00,52,a,being two more than fifty,symbol-code,short_token,short token not on whitelist
oewn-hit__2.33.00..,hit,v,"make a strategic, offensive, assault against an enemy, opponent, or a target",symbol-code,short_token,short token not on whitelist
oewn-21__1.23.00..,21,n,the cardinal number that is the sum of twenty and one,symbol-code,short_token,gloss: letter/symbol/unit-code cue
oewn-topv__1.06.00..,TOPV,n,an oral vaccine (containing live but weakened poliovirus) that is given to provide immunity to poliomyelitis,lexical-word,short_token,ordinary content word (default)
oewn-dry__2.30.00..,dry,v,become dry or drier,symbol-code,short_token,short token not on whitelist
oewn-bob__1.06.01..,bob,n,"a hanging weight, especially a metal ball on a string",symbol-code,short_token,short token not on whitelist
oewn-tut__2.32.00..,tut,v,"utter ‘tsk,’ ‘tut,’ or ‘tut-tut,’ as in disapproval",symbol-code,short_token,short token not on whitelist
oewn-end__1.15.00..,end,n,either extremity of something that has length,symbol-code,short_token,short token not on whitelist
oewn-mar__1.07.00..,mar,n,a mark or flaw that spoils the appearance of something (especially on a person's body),technical-term,short_token,gloss: technical-domain cue
oewn-pius_v__1.18.00..,Pius V,n,Italian pope from 1566 to 1572 who led the reformation of the Roman Catholic Church; he excommunicated Elizabeth I (1504-1572),phrase,short_token,compositional multiword lemma
oewn-tag__1.10.00..,tag,n,"a label written or printed on paper, cardboard, or plastic that is attached to something to indicate its owner, nature, price, etc.",symbol-code,short_token,short token not on whitelist
oewn-get__2.35.09..,get,v,"succeed in catching or seizing, especially after a chase",symbol-code,short_token,short token not on whitelist
oewn-bog__2.30.00..,bog,v,cause to slow down or get stuck,symbol-code,short_token,short token not on whitelist
oewn-gut__1.06.00..,gut,n,a strong cord made from the intestines of sheep and used in surgery,symbol-code,short_token,short token not on whitelist
oewn-set__5.00.00.hard.01,set,a,converted to solid form (as concrete),symbol-code,short_token,short token not on whitelist
oewn-nc__1.15.00..,NC,n,a state in southeastern United States; one of the original 13 colonies,symbol-code,short_token,short upper/mixed-case token (code)
oewn-cos__1.13.00..,cos,n,lettuce with long dark-green leaves in a loosely packed elongated head,symbol-code,short_token,short token not on whitelist
oewn-ply__1.06.01..,ply,n,one of the strands twisted together to make yarn or rope or thread; often used in combination,symbol-code,short_token,short token not on whitelist
oewn-aid__1.04.01..,aid,n,the work of providing treatment for or attending to someone or something,symbol-code,short_token,short token not on whitelist
oewn-mat__1.06.04..,mat,n,mounting consisting of a border or background for a picture,symbol-code,short_token,short token not on whitelist
oewn-4wd__1.06.01..,4WD,n,a motor vehicle with a four-wheel drive transmission system,symbol-code,short_token,short upper/mixed-case token (code)
oewn-get__2.29.11..,get,v,undergo (as of injuries and illnesses),symbol-code,short_token,short token not on whitelist
oewn-dog__1.06.01..,dog,n,metal supports for logs in a fireplace,symbol-code,short_token,short token not on whitelist
oewn-olm__1.05.00..,olm,n,European aquatic salamander with permanent external gills that lives in caves,symbol-code,short_token,short token not on whitelist
oewn-pad__1.27.01..,pad,n,a number of sheets of paper fastened together along one edge,symbol-code,short_token,short token not on whitelist
oewn-bag__1.04.00..,bag,n,an activity that you like or at which you are superior,symbol-code,short_token,short token not on whitelist
oewn-dollar_mark__1.10.00..,dollar mark,n,a mark ($) written before a number to indicate that it stands for the number of dollars,abbreviation,abbreviation,gloss: abbreviation/acronym cue
oewn-d.o.a.__5.00.00.dead.01,d.o.a.,a,abbreviation for ‘dead on arrival’ at the emergency room,abbreviation,abbreviation,gloss: abbreviation/acronym cue
oewn-apocope__1.10.00..,apocope,n,abbreviation of a word by omitting the final sound or sounds,abbreviation,abbreviation,gloss: abbreviation/acronym cue
oewn-for_short__4.02.00..,for short,r,as an abbreviation,abbreviation,abbreviation,gloss: abbreviation/acronym cue
oewn-et_aliae__4.02.00..,et aliae,r,and others (‘et al.’ is used as an abbreviation of ‘et alii’ (masculine plural) or ‘et aliae’ (feminine plural) or ‘et alia’ (neuter plural) when referring to a number of people),abbreviation,abbreviation,gloss: abbreviation/acronym cue
oewn-pelican_crossing__1.06.00..,pelican crossing,n,an acronym for pedestrian light control; a pedestrian crossing with traffic lights that are controlled by pedestrians,abbreviation,abbreviation,gloss: abbreviation/acronym cue
oewn-fortran__1.10.00..,FORTRAN,n,a high-level programing language for mathematical and scientific purposes; stands for formula translation,chemical,abbreviation,lemma is a chemical formula + chemistry gloss
oewn-hazmat__1.27.00..,hazmat,n,an abbreviation for ‘hazardous material’ used on warning signs,abbreviation,abbreviation,gloss: abbreviation/acronym cue
oewn-choc__1.13.00..,choc,n,colloquial British abbreviation,abbreviation,abbreviation,gloss: abbreviation/acronym cue
oewn-shorthand__1.10.00..,shorthand,n,a method of writing rapidly using an abbreviated symbolic system,abbreviation,abbreviation,gloss: abbreviation/acronym cue
oewn-elves__1.19.00..,elves,n,an acronym for emissions of light and very low frequency perturbations due to electromagnetic pulse sources; extremely bright extremely short (less than a msec) electrical flashes forming a huge ring (up to 400 km diameter) in the ionosphere,abbreviation,abbreviation,gloss: abbreviation/acronym cue
oewn-dpt_vaccine__1.06.00..,DPT vaccine,n,abbreviation for combination vaccine against diphtheria and pertussis (whooping cough) and tetanus toxoids; usually given in a series of injections in early childhood,abbreviation,abbreviation,gloss: abbreviation/acronym cue
oewn-boeing_b-52_stratofortress__1.06.01..,Boeing B-52 Stratofortress,n,United States military aircraft; B- stands for bomber,abbreviation,abbreviation,gloss: abbreviation/acronym cue
oewn-aqualung__1.06.00..,aqualung,n,a device (trade name Aqua-Lung) that lets divers breathe under water; scuba is an acronym for self-contained underwater breathing apparatus,abbreviation,abbreviation,gloss: abbreviation/acronym cue
oewn-et_alia__4.02.00..,et alia,r,and others (‘et al.’ is used as an abbreviation of ‘et alii’ (masculine plural) or ‘et aliae’ (feminine plural) or ‘et alia’ (neuter plural) when referring to a number of people),abbreviation,abbreviation,gloss: abbreviation/acronym cue
oewn-mnemonic__1.04.00..,mnemonic,n,a device (such as a rhyme or acronym) used to aid recall,abbreviation,abbreviation,gloss: abbreviation/acronym cue
oewn-et_alii__4.02.00..,et alii,r,and others (‘et al.’ is used as an abbreviation of ‘et alii’ (masculine plural) or ‘et aliae’ (feminine plural) or ‘et alia’ (neuter plural) when referring to a number of people),abbreviation,abbreviation,gloss: abbreviation/acronym cue
oewn-et_al__4.02.00..,et al,r,and others (‘et al.’ is used as an abbreviation of ‘et alii’ (masculine plural) or ‘et aliae’ (feminine plural) or ‘et alia’ (neuter plural) when referring to a number of people),abbreviation,abbreviation,gloss: abbreviation/acronym cue
oewn-choc-ice__1.13.00..,choc-ice,n,colloquial British abbreviation for chocolate ice cream,abbreviation,abbreviation,gloss: abbreviation/acronym cue
oewn-hectare__1.23.00..,hectare,n,"(abbreviated ‘ha’) a unit of surface area equal to 100 ares (or 10,000 square meters)",abbreviation,abbreviation,gloss: abbreviation/acronym cue
oewn-siglum__1.10.01..,siglum,n,"a sign, abbreviation, letter, or character standing for words in ancient manuscripts or on coins or medals.",abbreviation,abbreviation,gloss: abbreviation/acronym cue
oewn-scuba__1.06.00..,scuba,n,a device (trade name Aqua-Lung) that lets divers breathe under water; scuba is an acronym for self-contained underwater breathing apparatus,abbreviation,abbreviation,gloss: abbreviation/acronym cue
oewn-nota_bene__1.10.00..,nota bene,n,a Latin phrase (or its abbreviation) used to indicate that special attention should be paid to something,abbreviation,abbreviation,gloss: abbreviation/acronym cue
oewn-appro__1.26.00..,appro,n,an informal British abbreviation of approval,abbreviation,abbreviation,gloss: abbreviation/acronym cue
oewn-aqua-lung__1.06.00..,Aqua-Lung,n,a device (trade name Aqua-Lung) that lets divers breathe under water; scuba is an acronym for self-contained underwater breathing apparatus,abbreviation,abbreviation,gloss: abbreviation/acronym cue
oewn-divvy__1.21.00..,divvy,n,short for dividend; especially one paid by a cooperative society,abbreviation,abbreviation,gloss: abbreviation/acronym cue
oewn-et_al.__4.02.00..,et al.,r,and others (‘et al.’ is used as an abbreviation of ‘et alii’ (masculine plural) or ‘et aliae’ (feminine plural) or ‘et alia’ (neuter plural) when referring to a number of people),abbreviation,abbreviation,gloss: abbreviation/acronym cue
oewn-hazmat__1.27.01..,HAZMAT,n,an abbreviation for ‘hazardous material’ used on warning signs,abbreviation,abbreviation,gloss: abbreviation/acronym cue
oewn-republican_party__1.14.00..,Republican Party,n,the younger of two major political parties in the United States; GOP is an acronym for grand old party,abbreviation,abbreviation,gloss: abbreviation/acronym cue
oewn-varsity__1.14.00..,varsity,n,a British abbreviation of ‘university’; usually refers to Oxford University or Cambridge University,abbreviation,abbreviation,gloss: abbreviation/acronym cue
oewn-stenography__1.10.00..,stenography,n,a method of writing rapidly using an abbreviated symbolic system,abbreviation,abbreviation,gloss: abbreviation/acronym cue
oewn-dollar_sign__1.10.00..,dollar sign,n,a mark ($) written before a number to indicate that it stands for the number of dollars,abbreviation,abbreviation,gloss: abbreviation/acronym cue
oewn-laser__1.06.00..,laser,n,an acronym for light amplification by stimulated emission of radiation; an optical device that produces an intense monochromatic beam of coherent light,abbreviation,abbreviation,gloss: abbreviation/acronym cue
oewn-gent__1.18.00..,gent,n,informal abbreviation of ‘gentleman’,abbreviation,abbreviation,gloss: abbreviation/acronym cue
oewn-shorthand__5.00.00.written.00,shorthand,a,written in abbreviated or symbolic form,abbreviation,abbreviation,gloss: abbreviation/acronym cue
oewn-headlinese__1.10.00..,headlinese,n,using the abbreviated style of headline writers,abbreviation,abbreviation,gloss: abbreviation/acronym cue
oewn-wats_line__1.06.00..,WATS line,n,a telephone line; long distance service at fixed rates for fixed zones; an acronym for wide area telephone service,abbreviation,abbreviation,gloss: abbreviation/acronym cue
oewn-rail__1.06.03..,rail,n,short for railway,abbreviation,abbreviation,gloss: abbreviation/acronym cue
oewn-tachygraphy__1.10.00..,tachygraphy,n,a method of writing rapidly using an abbreviated symbolic system,abbreviation,abbreviation,gloss: abbreviation/acronym cue
oewn-initialism__1.10.00..,initialism,n,an abbreviation formed from the initial letters of the several words in the name and pronounced separately,abbreviation,abbreviation,gloss: abbreviation/acronym cue
oewn-panto__1.04.00..,panto,n,an abbreviation of pantomime,abbreviation,abbreviation,gloss: abbreviation/acronym cue
oewn-snafu__1.04.00..,[redacted-offensive-lexicon],n,[gloss elided],abbreviation,abbreviation,gloss: abbreviation/acronym cue | OFFENSIVE-REDACTED
oewn-optical_maser__1.06.00..,optical maser,n,an acronym for light amplification by stimulated emission of radiation; an optical device that produces an intense monochromatic beam of coherent light,abbreviation,abbreviation,gloss: abbreviation/acronym cue
oewn-maser__1.06.00..,maser,n,an acronym for microwave amplification by stimulated emission of radiation; an amplifier that works on the same principle as a laser and emits coherent microwave radiation,abbreviation,abbreviation,gloss: abbreviation/acronym cue
oewn-sulphur__1.27.00..,sulphur,n,an abundant tasteless odorless multivalent nonmetallic element; best known in yellow crystals; occurs in many sulphide and sulphate minerals and even in native form (especially in volcanic regions),chemical,chemical,gloss: chemical substance/element cue
oewn-haloform__1.27.00..,haloform,n,"compounds with the formula CHX3, where X is a halogen atom",chemical,chemical,gloss: chemical substance/element cue
oewn-xylene__1.27.00..,xylene,n,a colorless flammable volatile liquid hydrocarbon used as a solvent,chemical,chemical,gloss: chemical substance/element cue
oewn-residual_oil__1.27.00..,residual oil,n,oil products that remain after petroleum has been distilled,chemical,chemical,gloss: chemical substance/element cue
oewn-saligenin__1.27.01..,saligenin,n,"Salicylic alcohol, also called saligenin, is a crystalline phenolic alcohol with the chemical formula C7H8O2, that is obtained usually by hydrolysis of salicin.",chemical,chemical,gloss: chemical substance/element cue
oewn-shaving_cream__1.06.00..,shaving cream,n,toiletry consisting of a preparation of soap and fatty acids that forms a rich lather for softening the beard before shaving,chemical,chemical,gloss: chemical substance/element cue
oewn-chlorination__1.22.00..,chlorination,n,the addition or substitution of chlorine in organic compounds,chemical,chemical,gloss: chemical substance/element cue
oewn-mellitate__1.27.01..,mellitate,n,a salt of mellitic acid.,chemical,chemical,gloss: chemical substance/element cue
oewn-linalool__1.27.00..,linalool,n,a colorless fragrant liquid found in many essential oils,chemical,chemical,gloss: chemical substance/element cue
oewn-bromothymol_blue__1.27.00..,bromothymol blue,n,"a dye used as an acid-base indicator, with useful range between pH 6.0 and 7.6",chemical,chemical,gloss: chemical substance/element cue
oewn-mutation__1.11.00..,mutation,n,(genetics) any event that changes genetic structure; any alteration in the inherited nucleic acid sequence of the genotype of an organism,chemical,chemical,gloss: chemical substance/element cue
oewn-molecular_formula__1.10.00..,molecular formula,n,a chemical formula based on analysis and molecular weight,chemical,chemical,gloss: chemical substance/element cue
oewn-alanine__1.27.00..,alanine,n,a crystalline amino acid that occurs in many proteins,chemical,chemical,gloss: chemical substance/element cue
oewn-ribose__1.27.00..,ribose,n,a pentose sugar important as a component of ribonucleic acid,chemical,chemical,gloss: chemical substance/element cue
oewn-iodine__1.27.00..,iodine,n,a nonmetallic element belonging to the halogens; used especially in medicine and photography and in dyes; occurs naturally only in combination in small quantities (as in sea water or rocks),chemical,chemical,gloss: chemical substance/element cue
oewn-arsenic__1.27.00..,arsenic,n,a very poisonous metallic element that has three allotropic forms; arsenic and arsenic compounds are used as herbicides and insecticides and in various alloys; found in arsenopyrite and orpiment and realgar,chemical,chemical,gloss: chemical substance/element cue
oewn-nitrate__2.30.10..,nitrate,v,"treat with nitric acid, so as to change an organic compound into a nitrate",chemical,chemical,gloss: chemical substance/element cue
oewn-bromthymol_blue__1.27.00..,bromthymol blue,n,"a dye used as an acid-base indicator, with useful range between pH 6.0 and 7.6",chemical,chemical,gloss: chemical substance/element cue
oewn-irene_joliot-curie__1.18.00..,Irene Joliot-Curie,n,French physicist who (with her husband) synthesized new chemical elements (1897-1956),chemical,chemical,gloss: chemical substance/element cue
oewn-holmium__1.27.00..,holmium,n,a trivalent metallic element of the rare earth group; occurs together with yttrium; forms highly magnetic compounds,chemical,chemical,gloss: chemical substance/element cue
oewn-niobium__1.27.00..,niobium,n,a soft grey ductile metallic element used in alloys; occurs in niobite; formerly called columbium,chemical,chemical,gloss: chemical substance/element cue
oewn-creatine_phosphate__1.27.00..,creatine phosphate,n,an organic compound of creatine and phosphoric acid; found in the muscles of vertebrates where its hydrolysis releases energy for muscular contraction,chemical,chemical,gloss: chemical substance/element cue
oewn-bromophenol_blue__1.27.00..,bromophenol blue,n,"a dye used as an acid-base indicator, with useful range between pH 3.0 and 4.6",chemical,chemical,gloss: chemical substance/element cue
oewn-distill__2.30.04..,distill,v,undergo condensation; change from a gaseous to a liquid state and fall in drops,chemical,chemical,gloss: chemical substance/element cue
oewn-atomic_number_27__1.27.00..,atomic number 27,n,a hard ferromagnetic silver-white bivalent or trivalent metallic element; a trace element in plant and animal nutrition,chemical,chemical,gloss: chemical substance/element cue
oewn-10-membered__5.00.00.membered.00,10-membered,a,of a chemical compound having a ring with ten members,chemical,chemical,gloss: chemical substance/element cue
oewn-bichromate__1.27.00..,bichromate,n,a salt of the hypothetical dichromic acid,chemical,chemical,gloss: chemical substance/element cue
oewn-cytophotometry__1.04.00..,cytophotometry,n,the study of chemical compounds inside a cell by means of a cytophotometer,chemical,chemical,gloss: chemical substance/element cue
oewn-paraffin__1.27.00..,paraffin,n,from crude petroleum; used for candles and for preservative or waterproof coatings,chemical,chemical,gloss: chemical substance/element cue
oewn-calcium__1.27.00..,calcium,n,a white metallic element that burns with a brilliant light; the fifth most abundant element in the earth's crust; an important component of most plants and animals,chemical,chemical,gloss: chemical substance/element cue
oewn-malic_acid__1.27.01..,malic acid,n,"an organic compound with the formula HO2CCH2CHOHCO2H; it is a dicarboxylic acid that is made by all living organisms, contributes to the pleasantly sour taste of fruits, and is used as a food additive.",chemical,chemical,gloss: chemical substance/element cue
oewn-mucopolysaccharide__1.27.00..,mucopolysaccharide,n,complex polysaccharides containing an amino group; occur chiefly as components of connective tissue,chemical,chemical,gloss: chemical substance/element cue
oewn-hydrogen_bond__1.19.00..,hydrogen bond,n,"a chemical bond consisting of a hydrogen atom between two electronegative atoms (e.g., oxygen or nitrogen) with one side being a covalent bond and the other being an ionic bond",chemical,chemical,gloss: chemical substance/element cue
oewn-hydrogen_carbonate__1.27.00..,hydrogen carbonate,n,a salt of carbonic acid (containing the anion HCO3) in which one hydrogen atom has been replaced; an acid carbonate,chemical,chemical,gloss: chemical substance/element cue
oewn-zinc_sulphate__1.27.00..,zinc sulphate,n,a colorless water-soluble powder; used as a mordant or to preserve wood or for the electrodeposition of zinc,chemical,chemical,gloss: chemical substance/element cue
oewn-coenzyme_a__1.27.00..,coenzyme A,n,a coenzyme present in all living cells; essential to metabolism of carbohydrates and fats and some amino acids,chemical,chemical,gloss: chemical substance/element cue
oewn-transamination__1.22.01..,transamination,n,the process of transposing an amino group within a chemical compound,chemical,chemical,gloss: chemical substance/element cue
oewn-coal_oil__1.27.00..,coal oil,n,a flammable hydrocarbon oil used as fuel in lamps and heaters,chemical,chemical,gloss: chemical substance/element cue
oewn-thorium__1.27.00..,thorium,n,a soft silvery-white tetravalent radioactive metallic element; isotope 232 is used as a power source in nuclear reactors; occurs in thorite and in monazite sands,chemical,chemical,gloss: chemical substance/element cue
oewn-unesco__1.14.00..,UNESCO,n,an agency of the United Nations that promotes education and communication and the arts,lexical-word,chemical,ordinary content word (default)
oewn-ether__1.06.00..,ether,n,a colorless volatile highly flammable liquid formerly used as an inhalation anesthetic,chemical,chemical,gloss: chemical substance/element cue
oewn-copper__1.27.00..,copper,n,a ductile malleable reddish-brown corrosion-resistant diamagnetic metallic element; occurs in various minerals but is the only metal that occurs abundantly in large masses; used as an electrical and thermal conductor,chemical,chemical,gloss: chemical substance/element cue
oewn-atomic_number_48__1.27.00..,atomic number 48,n,a soft bluish-white ductile malleable toxic bivalent metallic element; occurs in association with zinc ores,chemical,chemical,gloss: chemical substance/element cue
oewn-nonsteroidal__1.27.00..,nonsteroidal,n,an organic compound that does no contain a steroid,chemical,chemical,gloss: chemical substance/element cue
oewn-alloy__1.27.00..,alloy,n,a mixture containing two or more metallic elements or metallic and nonmetallic elements usually fused together or dissolving into each other when molten,chemical,chemical,gloss: chemical substance/element cue
oewn-chlorobenzene__1.27.00..,chlorobenzene,n,a colorless volatile flammable liquid with an almond odor that is made from chlorine and benzene; used as a solvent and in the production of phenol and DDT and other organic compounds,chemical,chemical,gloss: chemical substance/element cue
oewn-binary_compound__1.27.00..,binary compound,n,chemical compound composed of only two elements,chemical,chemical,gloss: chemical substance/element cue
oewn-atomic_number_109__1.27.00..,atomic number 109,n,"a radioactive transuranic element, with atomic number 109",chemical,chemical,gloss: chemical substance/element cue
oewn-mercury_chloride__1.27.00..,mercury chloride,n,a white poisonous soluble crystalline sublimate of mercury; used as a pesticide or antiseptic or wood preservative,chemical,chemical,gloss: chemical substance/element cue
oewn-cyano_radical__1.27.00..,cyano radical,n,the monovalent group -CN in a chemical compound,chemical,chemical,gloss: chemical substance/element cue
oewn-bisulfate__1.27.01..,bisulfate,n,a salt or an ester of sulphuric acid with the chemical formula HSO4-.,chemical,chemical,gloss: chemical substance/element cue
oewn-cultural_revolution__1.11.00..,Cultural Revolution,n,a radical reform in China initiated by Mao Zedong in 1965 and carried out largely by the Red Guard; intended to eliminate counterrevolutionary elements in the government it resulted in purges of the intellectuals and socioeconomic chaos,chemical,chemical,gloss: chemical substance/element cue
oewn-desorption__1.22.00..,desorption,n,changing from an adsorbed state on a surface to a gaseous or liquid state,chemical,chemical,gloss: chemical substance/element cue
oewn-libya__1.15.00..,Libya,n,a military dictatorship in northern Africa on the Mediterranean; consists almost entirely of desert; a major exporter of petroleum,chemical,chemical,gloss: chemical substance/element cue
oewn-distil__2.30.04..,distil,v,undergo condensation; change from a gaseous to a liquid state and fall in drops,chemical,chemical,gloss: chemical substance/element cue
oewn-atomic_number_77__1.27.00..,atomic number 77,n,a heavy brittle metallic element of the platinum group; used in alloys; occurs in natural alloys with platinum or osmium,chemical,chemical,gloss: chemical substance/element cue
oewn-frederick_sanger__1.18.00..,Frederick Sanger,n,English biochemist who determined the sequence of amino acids in insulin and who invented a technique to determine the genetic sequence of an organism (born in 1918),chemical,chemical,gloss: chemical substance/element cue
oewn-eicosapentaenoic_acid__1.27.00..,eicosapentaenoic acid,n,an omega-3 fatty acid with 20 carbon atoms; found in fish (especially tuna and bluefish),chemical,chemical,gloss: chemical substance/element cue
oewn-protactinium__1.27.00..,protactinium,n,a short-lived radioactive metallic element formed from uranium and disintegrating into actinium and then into lead,chemical,chemical,gloss: chemical substance/element cue
oewn-earth_wax__1.27.00..,earth wax,n,a waxy mineral that is a mixture of hydrocarbons and occurs in association with petroleum; some varieties are used in making ceresin and candles,chemical,chemical,gloss: chemical substance/element cue
oewn-theobid__1.06.00..,Theobid,n,a colorless crystalline alkaloid derived from tea leaves or made synthetically; used in medicine as a bronchial dilator,chemical,chemical,gloss: chemical substance/element cue
oewn-paraffin_series__1.27.00..,paraffin series,n,a series of non-aromatic saturated hydrocarbons with the general formula CnH(2n+2),chemical,chemical,gloss: chemical substance/element cue
oewn-caffeine__1.27.00..,caffeine,n,a bitter alkaloid found in coffee and tea that is responsible for their stimulating effects,chemical,chemical,gloss: chemical substance/element cue
oewn-boletus_luridus__1.20.00..,Boletus luridus,n,a poisonous fungus with a dingy yellow cap and orange red undersurface and a cylindrical reticulate stalk,chemical,chemical,gloss: chemical substance/element cue
oewn-atomic_number_58__1.27.00..,atomic number 58,n,a ductile grey metallic element of the lanthanide series; used in lighter flints; the most abundant of the rare-earth group,chemical,chemical,gloss: chemical substance/element cue
oewn-petroleum_geologist__1.18.00..,petroleum geologist,n,a specialist in petroleum geology,chemical,chemical,gloss: chemical substance/element cue
oewn-barium_selenite__1.27.01..,barium selenite,n,an inorganic compound with the chemical formula BaSeO3; it is a salt of barium and selenous acid.,chemical,chemical,gloss: chemical substance/element cue
oewn-aminoalkanoic_acid__1.27.00..,aminoalkanoic acid,n,organic compounds containing an amino group and a carboxylic acid group,chemical,chemical,gloss: chemical substance/element cue
oewn-ionic_charge__1.23.00..,ionic charge,n,the charge on an ion is equal to a constant charge e multiplied by an integer from 1 to 15,chemical,chemical,gloss: chemical substance/element cue
oewn-people-ap-s_liberation_army__1.14.00..,People's Liberation Army,n,a radical terrorist group dedicated to the removal of British forces from Northern Ireland and the unification of Ireland,chemical,chemical,gloss: chemical substance/element cue
oewn-alkane__1.27.00..,alkane,n,a series of non-aromatic saturated hydrocarbons with the general formula CnH(2n+2),chemical,chemical,gloss: chemical substance/element cue
oewn-atomic_number_31__1.27.00..,atomic number 31,n,a rare silvery (usually trivalent) metallic element; brittle at low temperatures but liquid above room temperature; occurs in trace amounts in bauxite and zinc ores,chemical,chemical,gloss: chemical substance/element cue
oewn-hydrogen_iodide__1.27.00..,hydrogen iodide,n,a colorless gas that yields hydroiodic acid in aqueous solution,chemical,chemical,gloss: chemical substance/element cue
oewn-atomic_number_57__1.27.00..,atomic number 57,n,a white soft metallic element that tarnishes readily; occurs in rare earth minerals and is usually classified as a rare earth,chemical,chemical,gloss: chemical substance/element cue
oewn-berkelium__1.27.00..,berkelium,n,a radioactive transuranic element; discovered by bombarding americium with helium,chemical,chemical,gloss: chemical substance/element cue
oewn-transmutation__1.11.01..,transmutation,n,(physics) the change of one chemical element into another (as by nuclear decay or radioactive bombardment),chemical,chemical,gloss: chemical substance/element cue
oewn-ion-exchange_polymer__1.27.01..,ion-exchange polymer,n,"An ion-exchange resin or ion-exchange polymer is an insoluble matrix (or support structure) normally in the form of small (0.5-1 mm diameter) beads, usually white or yellowish, fabricated from an organic polymer substrate.",chemical,chemical,gloss: chemical substance/element cue
oewn-iodin__1.27.00..,iodin,n,a nonmetallic element belonging to the halogens; used especially in medicine and photography and in dyes; occurs naturally only in combination in small quantities (as in sea water or rocks),chemical,chemical,gloss: chemical substance/element cue
oewn-hyaluronic_acid__1.27.00..,hyaluronic acid,n,a viscous mucopolysaccharide found in the connective tissue space and the synovial fluid of movable joints and the humors of the eye; a cementing and protective substance,chemical,chemical,gloss: chemical substance/element cue
oewn-rhodium__1.27.00..,rhodium,n,a white hard metallic element that is one of the platinum group and is found in platinum ores; used in alloys with platinum,chemical,chemical,gloss: chemical substance/element cue
oewn-divinyl_ether__1.06.00..,divinyl ether,n,a colorless volatile highly flammable liquid formerly used as an inhalation anesthetic,chemical,chemical,gloss: chemical substance/element cue
oewn-psilotsin__1.27.01..,psilotsin,n,"a substituted tryptamine alkaloid and a serotonergic psychedelic substance, present in most psychedelic mushrooms together with its phosphorylated counterpart psilocybin.",chemical,chemical,gloss: chemical substance/element cue
oewn-hydrogen__1.27.00..,hydrogen,n,a nonmetallic univalent element that is normally a colorless and odorless highly flammable diatomic gas; the simplest and lightest and most abundant element in the universe,chemical,chemical,gloss: chemical substance/element cue
oewn-thiocyanate__1.27.00..,thiocyanate,n,a salt of thiocyanic acid; formed when alkaline cyanides are fused with sulfur,chemical,chemical,gloss: chemical substance/element cue
oewn-mendeleev-ap-s_law__1.09.00..,Mendeleev's law,n,(chemistry) the principle that chemical properties of the elements are periodic functions of their atomic numbers,chemical,chemical,gloss: chemical substance/element cue
oewn-atomic_mass__1.07.00..,atomic mass,n,(chemistry) the mass of an atom of a chemical element expressed in atomic mass units,chemical,chemical,gloss: chemical substance/element cue
oewn-ampholyte__1.27.01..,ampholyte,n,"A substance that acts as a base or an acid, depending on the pH of the solution into which it is introduced.",chemical,chemical,gloss: chemical substance/element cue
oewn-atomic_number_93__1.27.00..,atomic number 93,n,a radioactive transuranic metallic element; found in trace amounts in uranium ores; a by-product of the production of plutonium,chemical,chemical,gloss: chemical substance/element cue
oewn-ununbium__1.27.00..,ununbium,n,"a radioactive transuranic element, with atomic number 112",chemical,chemical,gloss: chemical substance/element cue
oewn-petrolatum__1.27.00..,petrolatum,n,a semisolid mixture of hydrocarbons obtained from petroleum; used in medicinal ointments and for lubrication,chemical,chemical,gloss: chemical substance/element cue
oewn-isotope__1.27.00..,isotope,n,one of two or more atoms with the same atomic number but with different numbers of neutrons,chemical,chemical,gloss: chemical substance/element cue
oewn-atomic_number_19__1.27.00..,atomic number 19,n,a light soft silver-white metallic element of the alkali metal group; oxidizes rapidly in air and reacts violently with water; is abundant in nature in combined forms occurring in sea water and in carnallite and kainite and sylvite,chemical,chemical,gloss: chemical substance/element cue
oewn-calcium_bicarbonate__1.27.00..,calcium bicarbonate,n,"a bicarbonate that is a major cause of hard water, with chemical formula Ca(HCO3)2",chemical,chemical,gloss: chemical substance/element cue
oewn-nickel__1.27.00..,nickel,n,a hard malleable ductile silvery metallic element that is resistant to corrosion; used in alloys; occurs in pentlandite and smaltite and garnierite and millerite,chemical,chemical,gloss: chemical substance/element cue
oewn-aspartic_acid__1.27.00..,aspartic acid,n,a crystalline amino acid found in proteins and occurring naturally in sugar beets and sugar cane,chemical,chemical,gloss: chemical substance/element cue
oewn-aliphatic_compound__1.27.00..,aliphatic compound,n,organic compound that is an alkane or alkene or alkyne or their derivative,chemical,chemical,gloss: chemical substance/element cue
oewn-restriction_nuclease__1.27.00..,[redacted-offensive-lexicon],n,[gloss elided],chemical,chemical,gloss: chemical substance/element cue | OFFENSIVE-REDACTED
oewn-oil_geologist__1.18.00..,oil geologist,n,a specialist in petroleum geology,chemical,chemical,gloss: chemical substance/element cue
oewn-tetrabasic_acid__1.27.00..,tetrabasic acid,n,an acid containing four replaceable hydrogen atoms per molecule,chemical,chemical,gloss: chemical substance/element cue
oewn-alkane_series__1.27.00..,alkane series,n,a series of non-aromatic saturated hydrocarbons with the general formula CnH(2n+2),chemical,chemical,gloss: chemical substance/element cue
oewn-crystallogen__1.27.01..,crystallogen,n,any chemical element that belongs to the carbon group.,chemical,chemical,gloss: chemical substance/element cue
oewn-trans_fatty_acid__1.27.00..,trans fatty acid,n,a fatty acid that has been produced by hydrogenating an unsaturated fatty acid (and so changing its shape); found in processed foods such as margarine and fried foods and puddings and commercially baked goods and partially hydrogenated vegetable oils,chemical,chemical,gloss: chemical substance/element cue
oewn-magnetite__1.27.00..,magnetite,n,an oxide of iron that is strongly attracted by magnets,chemical,chemical,gloss: chemical substance/element cue
oewn-dmitri_mendeleyev__1.18.00..,Dmitri Mendeleyev,n,Russian chemist who developed a periodic table of the chemical elements and predicted the discovery of several new elements (1834-1907),chemical,chemical,gloss: chemical substance/element cue
oewn-atomic_number_105__1.27.00..,atomic number 105,n,a transuranic element with atomic number 105,chemical,chemical,gloss: chemical substance/element cue
oewn-actinide__1.27.00..,actinide,n,any of a series of radioactive elements with atomic numbers 89 through 103,chemical,chemical,gloss: chemical substance/element cue
oewn-zinc_selenite__1.27.01..,zinc selenite,n,"a toxic salt of selenous acid and zinc, with the chemical formula ZnSeO3 …",chemical,chemical,gloss: chemical substance/element cue
oewn-monosaccharide__1.27.00..,monosaccharide,n,a sugar (like sucrose or fructose) that does not hydrolyse to give other sugars; the simplest group of carbohydrates,chemical,chemical,gloss: chemical substance/element cue
oewn-radiothorium__1.27.00..,radiothorium,n,radioactive isotope of thorium with mass number 228,chemical,chemical,gloss: chemical substance/element cue
oewn-american_hellebore__1.20.00..,American hellebore,n,North American plant having large leaves and yellowish green flowers growing in racemes; yields a toxic alkaloid used medicinally,chemical,chemical,gloss: chemical substance/element cue
oewn-nobelium__1.27.00..,nobelium,n,a radioactive transuranic element synthesized by bombarding curium with carbon ions; 7 isotopes are known,chemical,chemical,gloss: chemical substance/element cue
oewn-acyl_anhydrides__1.27.00..,acyl anhydrides,n,organic compounds that react with water to form an acid,chemical,chemical,gloss: chemical substance/element cue
oewn-atomic_number_61__1.27.00..,atomic number 61,n,a soft silvery metallic element of the rare earth group having no stable isotope; was discovered in radioactive form as a fission product of uranium,chemical,chemical,gloss: chemical substance/element cue
oewn-butadiene__1.27.00..,butadiene,n,a gaseous hydrocarbon C4H6; used in making synthetic rubbers,chemical,chemical,gloss: chemical substance/element cue
oewn-raudixin__1.06.00..,Raudixin,n,antihypertensive consisting of an alkaloid extracted from the plant Rauwolfia serpentina (trade names Raudixin or Rau-Sed or Sandril or Serpasil),chemical,chemical,gloss: chemical substance/element cue
oewn-tricholoma_venenata__1.20.00..,Tricholoma venenata,n,a poisonous white agaric,chemical,chemical,gloss: chemical substance/element cue
oewn-gelatin__1.27.00..,gelatin,n,a colorless water-soluble glutinous protein obtained from animal tissues such as bone and skin,chemical,chemical,gloss: chemical substance/element cue
oewn-atomic_number_9__1.27.00..,atomic number 9,n,a nonmetallic univalent element belonging to the halogens; usually a yellow irritating toxic flammable gas; a powerful oxidizing agent; recovered from fluorite or cryolite or fluorapatite,chemical,chemical,gloss: chemical substance/element cue
oewn-saccharify__2.30.00..,saccharify,v,convert into a simple soluble fermentable sugar by hydrolyzing a sugar derivative or complex carbohydrate,chemical,chemical,gloss: chemical substance/element cue
oewn-lipo-hepin__1.06.00..,Lipo-Hepin,n,a polysaccharide produced in basophils (especially in the lung and liver) and that inhibits the activity of thrombin in coagulation of the blood; it (trade names Lipo-Hepin and Liquaemin) is used as an anticoagulant in the treatment of thrombosis and in heart surgery,chemical,chemical,gloss: chemical substance/element cue
oewn-pyrimidine__1.27.00..,pyrimidine,n,a heterocyclic organic compound with a penetrating odor,chemical,chemical,gloss: chemical substance/element cue
oewn-alkali__1.27.00..,alkali,n,any of various water-soluble compounds capable of turning litmus blue and reacting with an acid to form a salt and water,chemical,chemical,gloss: chemical substance/element cue
oewn-strontium__1.27.00..,strontium,n,a soft silver-white or yellowish metallic element of the alkali metal group; turns yellow in air; occurs in celestite and strontianite,chemical,chemical,gloss: chemical substance/element cue
oewn-histone__1.27.00..,histone,n,a simple protein containing mainly basic amino acids; present in cell nuclei in association with nucleic acids,chemical,chemical,gloss: chemical substance/element cue
oewn-aminoaciduria__1.26.00..,aminoaciduria,n,abnormal presence of amino acids in the urine; usually a symptom of metabolic defects,chemical,chemical,gloss: chemical substance/element cue
oewn-sulfur_hexafluoride__1.27.00..,sulfur hexafluoride,n,a colorless gas that is soluble in alcohol and ether; a powerful greenhouse gas widely used in the electrical utility industry,chemical,chemical,gloss: chemical substance/element cue
oewn-state_of_kuwait__1.15.00..,State of Kuwait,n,an Arab kingdom in Asia on the northwestern coast of the Persian Gulf; a major source of petroleum,chemical,chemical,gloss: chemical substance/element cue
oewn-medline__1.06.00..,MEDLINE,n,the computer-based telephone system of the United States National Library of Medicine that provides rapid linkage to MEDLARS,technical-term,chemical,gloss: technical-domain cue
oewn-atomic_number_51__1.27.00..,atomic number 51,n,a metallic element having four allotropic forms; used in a wide variety of alloys; found in stibnite,chemical,chemical,gloss: chemical substance/element cue
oewn-creatine_phosphoric_acid__1.27.00..,creatine phosphoric acid,n,an organic compound of creatine and phosphoric acid; found in the muscles of vertebrates where its hydrolysis releases energy for muscular contraction,chemical,chemical,gloss: chemical substance/element cue
oewn-myotis_velifer__1.05.00..,Myotis velifer,n,small bat of southwest United States that lives in caves etc.,phrase,taxon,compositional multiword lemma
oewn-acer_japonicum__1.20.00..,Acer japonicum,n,leaves deeply incised and bright red in autumn; Japan,phrase,taxon,compositional multiword lemma
oewn-felis_pardalis__1.05.00..,Felis pardalis,n,nocturnal wildcat of Central America and South America having a dark-spotted buff-brown coat,phrase,taxon,compositional multiword lemma
oewn-monardella_lanceolata__1.20.00..,Monardella lanceolata,n,fragrant California annual herb having lanceolate leaves and clusters of rose-purple flowers,taxon,taxon,Linnaean binomial lemma
oewn-hungarian_pointer__1.05.00..,Hungarian pointer,n,Hungarian hunting dog resembling the Weimaraner but having a rich deep red coat,phrase,taxon,compositional multiword lemma
oewn-trichosurus__1.05.00..,Trichosurus,n,a genus of Phalangeridae containing the brushtail possums (Trichosurus),taxon,taxon,gloss: taxonomic rank cue
oewn-genus_thamnophilus__1.05.00..,genus Thamnophilus,n,"a genus of Formicariidae, containing the antshrikes (Thamnophilus)",taxon,taxon,gloss: taxonomic rank cue
oewn-piltdown_man__1.18.00..,Piltdown man,n,a supposedly primitive man later proven to be a hoax,phrase,taxon,compositional multiword lemma
oewn-uta_stansburiana__1.05.00..,Uta stansburiana,n,one of the most abundant lizards in the arid western United States,phrase,taxon,compositional multiword lemma
oewn-momordica_balsamina__1.20.00..,[redacted-offensive-lexicon],n,[gloss elided],phrase,taxon,compositional multiword lemma | OFFENSIVE-REDACTED
oewn-takelma_language__1.10.01..,Takelma language,n,a Penutian language spoken by the Takelma,phrase,taxon,compositional multiword lemma
oewn-european_box__1.20.00..,European box,n,large slow-growing evergreen shrub or small tree with multiple stems; extensively used for hedges or borders and topiary figures,taxon,taxon,Linnaean binomial lemma
oewn-family_welwitschiaceae__1.20.00..,family Welwitschiaceae,n,in some classifications included in the Gnetaceae,taxon,taxon,gloss: taxonomic rank cue
oewn-yellow_race__1.18.00..,Yellow race,n,an Asian race,phrase,taxon,compositional multiword lemma
oewn-british_spelling__1.10.01..,British spelling,n,"English orthography used in the UK, Ireland and most of the Commonwealth (characterized by ‘analyse’, ‘centre’ and ‘useable’)",phrase,taxon,compositional multiword lemma
oewn-ajaia__1.05.00..,Ajaia,n,a genus of Platalea,taxon,taxon,gloss: taxonomic rank cue
oewn-solanum_elaeagnifolium__1.20.00..,Solanum elaeagnifolium,n,weedy nightshade with silvery foliage and violet or blue or white flowers; roundish berry widely used to curdle milk; central United States to South America,phrase,taxon,compositional multiword lemma
oewn-macrotis__1.05.00..,Macrotis,n,a genus of Peramelidae,taxon,taxon,gloss: taxonomic rank cue
oewn-atlantic_sailfish__1.05.00..,Atlantic sailfish,n,a kind of sailfish,taxon,taxon,Linnaean binomial lemma
oewn-muhlenbergia__1.20.00..,Muhlenbergia,n,a genus of grasses of the family Gramineae grown in America and Asia,taxon,taxon,gloss: taxonomic rank cue
oewn-family_lauraceae__1.20.00..,family Lauraceae,n,a family of Lauraceae,taxon,taxon,gloss: taxonomic rank cue
oewn-monotropa_hypopithys__1.20.00..,Monotropa hypopithys,n,fleshy tawny or reddish saprophytic herb resembling the Indian pipe and growing in woodland humus of eastern North America; in some classifications placed in a separate genus Hypopitys,taxon,taxon,gloss: taxonomic rank cue
oewn-amaryllidaceae__1.20.00..,Amaryllidaceae,n,"snowdrop, narcissus, daffodil; in some classification systems considered a subfamily of the Liliaceae",taxon,taxon,gloss: taxonomic rank cue
oewn-bermuda_rig__1.06.00..,Bermuda rig,n,a rig of triangular sails for a yacht,phrase,taxon,compositional multiword lemma
oewn-carpenteria_californica__1.20.00..,Carpenteria californica,n,California evergreen shrub having glossy opposite leaves and terminal clusters of a few fragrant white flowers,taxon,taxon,Linnaean binomial lemma
oewn-canadian_fleabane__1.20.00..,Canadian fleabane,n,common North American weed with linear leaves and small discoid heads of yellowish flowers; widely naturalized throughout temperate regions; sometimes placed in genus Erigeron,taxon,taxon,Linnaean binomial lemma
oewn-australian_crawl__1.04.00..,Australian crawl,n,a swimming stroke; arms are moved alternately overhead accompanied by a flutter kick,phrase,taxon,compositional multiword lemma
oewn-genus_monotropa__1.20.00..,genus Monotropa,n,leafless fleshy saprophytic plants; in some classifications placed in the family Pyrolaceae,taxon,taxon,gloss: taxonomic rank cue
oewn-helvellaceae__1.20.00..,Helvellaceae,n,family of false morels or lorchels; some are edible and some are poisonous,taxon,taxon,gloss: taxonomic rank cue
oewn-genus_philaenus__1.05.00..,genus Philaenus,n,a genus of Cercopidae,taxon,taxon,gloss: taxonomic rank cue
oewn-genus_nymphaea__1.20.00..,genus Nymphaea,n,the type genus of the family Nymphaeaceae; any of a variety of water lilies,taxon,taxon,gloss: taxonomic rank cue
oewn-neomys_anomalus__1.05.00..,Neomys anomalus,n,a type of water shrew,phrase,taxon,compositional multiword lemma
oewn-hesperis_matronalis__1.20.00..,Hesperis matronalis,n,long cultivated herb having flowers whose scent is more pronounced in the evening; naturalized throughout Europe to Siberia and into North America,taxon,taxon,Linnaean binomial lemma
oewn-jerusalem_artichoke__1.13.00..,Jerusalem artichoke,n,sunflower tuber eaten raw or boiled or sliced thin and fried as Saratoga chips,phrase,taxon,compositional multiword lemma
oewn-genus_suillus__1.20.00..,genus Suillus,n,"a genus of fungi belonging to the family Boletaceae with species in the genus being associated with trees in the pine family, and being mostly distributed in temperate locations in the Northern Hemisphere (Suillus)",taxon,taxon,gloss: taxonomic rank cue
oewn-plantago_lanceolata__1.20.00..,Plantago lanceolata,n,an Old World plantain with long narrow ribbed leaves widely established in temperate regions,taxon,taxon,Linnaean binomial lemma
oewn-polish_notation__1.10.00..,Polish notation,n,a parenthesis-free notation for forming mathematical expressions in which each operator precedes its operands,phrase,taxon,compositional multiword lemma
oewn-castanopsis_chrysophylla__1.20.00..,Castanopsis chrysophylla,n,small ornamental evergreen tree of Pacific Coast whose glossy yellow-green leaves are yellow beneath; bears edible nuts,taxon,taxon,Linnaean binomial lemma
oewn-cornish_pasty__1.13.00..,Cornish pasty,n,meat pie with filling of meat and vegetables,phrase,taxon,compositional multiword lemma
oewn-adonic_line__1.10.00..,Adonic line,n,a verse line with a dactyl followed by a spondee or trochee; supposedly used in laments by Adonis,phrase,taxon,compositional multiword lemma
oewn-jamaica_rum__1.13.00..,Jamaica rum,n,heavy pungent rum from Jamaica,phrase,taxon,compositional multiword lemma
oewn-caprimulgus_vociferus__1.05.00..,Caprimulgus vociferus,n,American nocturnal goatsucker with grey-and-white plumage,phrase,taxon,compositional multiword lemma
oewn-psychotria_capensis__1.20.00..,Psychotria capensis,n,South African evergreen having hard tough wood,phrase,taxon,compositional multiword lemma
oewn-chrysosplenium_americanum__1.20.00..,Chrysosplenium americanum,n,aquatic herb with yellowish flowers; central and western United States,taxon,taxon,Linnaean binomial lemma
oewn-dracunculus__1.05.00..,Dracunculus,n,type genus of the family Dracunculidae,taxon,taxon,gloss: taxonomic rank cue
oewn-jersey_fern__1.20.00..,Jersey fern,n,small short-lived fern of Central and South America,phrase,taxon,compositional multiword lemma
oewn-nageia_nagi__1.20.00..,Nageia nagi,n,medium-sized tree having glossy lanceolate leaves; southern China to Taiwan and southern Japan,taxon,taxon,Linnaean binomial lemma
oewn-cnidoscolus_urens__1.20.00..,Cnidoscolus urens,n,a stinging herb of tropical America,taxon,taxon,Linnaean binomial lemma
oewn-scutigera_coleoptrata__1.05.00..,Scutigera coleoptrata,n,long-legged centipede common in damp places as e.g. cellars,phrase,taxon,compositional multiword lemma
oewn-matricaria_inodorum__1.20.00..,Matricaria inodorum,n,ubiquitous European annual weed with white flowers and finely divided leaves naturalized and sometimes cultivated in eastern North America; sometimes included in genus Matricaria,taxon,taxon,Linnaean binomial lemma
oewn-family_chlorophthalmidae__1.05.00..,family Chlorophthalmidae,n,small family of soft-finned bottom-dwellers with large eyes; relatives of lizardfishes,taxon,taxon,gloss: taxonomic rank cue
oewn-family_polygonaceae__1.20.00..,family Polygonaceae,n,a family of plants of order Polygonales chiefly of the north temperate zone; includes the buckwheats,taxon,taxon,gloss: taxonomic rank cue
oewn-european_pasqueflower__1.20.00..,European pasqueflower,n,European perennial having usually violet or white spring flowers,phrase,taxon,compositional multiword lemma
oewn-schmidt_telescope__1.06.00..,Schmidt telescope,n,reflecting telescope that has plate that corrects for aberration so a wide area of sky can be photographed,phrase,taxon,compositional multiword lemma
oewn-comptonia_peregrina__1.20.00..,Comptonia peregrina,n,deciduous shrub of eastern North America with sweet scented fernlike leaves and tiny white flowers,taxon,taxon,Linnaean binomial lemma
oewn-roof_mushroom__1.20.00..,roof mushroom,n,a large genus of fungi belonging to the family Pluteaceae; the shape of the cap resembles a roof; often abundant early in the summer,taxon,taxon,gloss: taxonomic rank cue
oewn-turnix__1.05.00..,Turnix,n,type genus of the Turnicidae: button quail,taxon,taxon,gloss: taxonomic rank cue
oewn-greek_cross__1.06.00..,Greek cross,n,a cross with each of the four arms the same length,phrase,taxon,compositional multiword lemma
oewn-acanthocereus_tetragonus__1.20.00..,[redacted-offensive-lexicon],n,[gloss elided],phrase,taxon,compositional multiword lemma | OFFENSIVE-REDACTED
oewn-oniscus__1.05.00..,Oniscus,n,type genus of the Oniscidae; woodlice that cannot roll into a ball,taxon,taxon,gloss: taxonomic rank cue
oewn-raja_erinacea__1.05.00..,Raja erinacea,n,most plentiful skate in North American inshore waters in summer; to 21 inches,phrase,taxon,compositional multiword lemma
oewn-bonasa_umbellus__1.05.00..,Bonasa umbellus,n,valued as a game bird in eastern United States and Canada,taxon,taxon,Linnaean binomial lemma
oewn-duplicidentata__1.05.00..,Duplicidentata,n,in former classifications considered a suborder of Rodentia coextensive with the order Lagomorpha: gnawing animals,taxon,taxon,gloss: taxonomic rank cue
oewn-mammillaria_plumosa__1.20.00..,Mammillaria plumosa,n,a low tuberculate cactus with white feathery spines; northeastern Mexico,phrase,taxon,compositional multiword lemma
oewn-helianthus_laetiflorus__1.20.00..,Helianthus laetiflorus,n,tall rough-leaved perennial with a few large flower heads; central United States,phrase,taxon,compositional multiword lemma
oewn-gulo__1.05.00..,Gulo,n,a genus of Mustelidae,taxon,taxon,gloss: taxonomic rank cue
oewn-muscari_neglectum__1.20.00..,Muscari neglectum,n,prolific species having particularly beautiful dark blue flowers,taxon,taxon,Linnaean binomial lemma
oewn-mandaean_language__1.10.01..,Mandaean language,n,the form of Aramaic used by the Mandeans,phrase,taxon,compositional multiword lemma
oewn-lupinus_perennis__1.20.00..,Lupinus perennis,n,stout perennial of eastern and central North America having palmate leaves and showy racemose blue flowers,phrase,taxon,compositional multiword lemma
oewn-genus_maja__1.05.00..,genus Maja,n,type genus of the Majidae; nearly cosmopolitan in distribution,taxon,taxon,gloss: taxonomic rank cue
oewn-natrix_sipedon__1.05.00..,Natrix sipedon,n,in some classifications placed in the genus Nerodia; western United States snake that seldom ventures far from water,taxon,taxon,gloss: taxonomic rank cue
oewn-illinois_language__1.10.01..,Illinois language,n,the Algonquian language of the Illinois and Miami,phrase,taxon,compositional multiword lemma
oewn-hypericum_perforatum__1.20.00..,Hypericum perforatum,n,yellow-flowered perennial common in fields and waste places but a weed in rangelands,phrase,taxon,compositional multiword lemma
oewn-kalapuyan_language__1.10.01..,Kalapuyan language,n,a Penutian language spoken by the Kalapuya,phrase,taxon,compositional multiword lemma
oewn-astropogon__1.05.00..,Astropogon,n,a genus of fish of the family Apogonidae,taxon,taxon,gloss: taxonomic rank cue
oewn-kassite_language__1.10.01..,Kassite language,n,an ancient language spoken by the Kassites,phrase,taxon,compositional multiword lemma
oewn-kuki_language__1.10.01..,Kuki language,n,Kamarupan languages spoken in western Burma and Bangladesh and easternmost India,phrase,taxon,compositional multiword lemma
oewn-genus_squilla__1.05.00..,genus Squilla,n,type genus of the family Squillidae,taxon,taxon,gloss: taxonomic rank cue
oewn-fucales__1.05.00..,Fucales,n,coextensive with the family Fucaceae,taxon,taxon,gloss: taxonomic rank cue
oewn-german_tamarisk__1.20.00..,German tamarisk,n,Eurasian shrub resembling the tamarisk,taxon,taxon,Linnaean binomial lemma
oewn-anguillula_aceti__1.05.00..,Anguillula aceti,n,minute eelworm that feeds on organisms that cause fermentation in e.g. vinegar,phrase,taxon,compositional multiword lemma
oewn-genus_galeorhinus__1.05.00..,genus Galeorhinus,n,a genus of Carcharhinidae,taxon,taxon,gloss: taxonomic rank cue
oewn-macropus_agiles__1.05.00..,Macropus agiles,n,a small wallaby having a height of 30 inches,phrase,taxon,compositional multiword lemma
oewn-spodoptera_exigua__1.05.02..,Spodoptera exigua,n,moth larva that eats foliage of beets and other vegetables,phrase,taxon,compositional multiword lemma
oewn-fissurellidae__1.05.00..,Fissurellidae,n,"a family of marine limpets, containing the keyhole limpets and slit limpets (Fissurellidae)",taxon,taxon,gloss: taxonomic rank cue
oewn-sclerodermataceae__1.20.00..,Sclerodermataceae,n,a family of fungi or order Sclerodermatales with a single-layered peridium; includes earthballs,taxon,taxon,gloss: taxonomic rank cue
oewn-russian_roulette__1.04.00..,Russian roulette,n,a stunt in which you spin the cylinder of a revolver that is loaded with only one bullet and then point the muzzle at your head and pull the trigger,phrase,taxon,compositional multiword lemma
oewn-mongolic__1.10.00..,Mongolic,n,a family of Altaic language spoken in Mongolia,taxon,taxon,gloss: taxonomic rank cue
oewn-polyergus_rufescens__1.05.00..,Polyergus rufescens,n,small reddish slave-making ant species,taxon,taxon,Linnaean binomial lemma
oewn-sciaridae__1.05.00..,Sciaridae,n,"a family of flies, commonly known as dark-winged fungus gnats (Sciaridae)",taxon,taxon,gloss: taxonomic rank cue
oewn-cupressus_pigmaea__1.20.00..,Cupressus pigmaea,n,rare small cypress native to northern California; sometimes considered the same species as gowen cypress,taxon,taxon,Linnaean binomial lemma
oewn-macroevolution__1.22.00..,macroevolution,n,evolution on a large scale extending over geologic era and resulting in the formation of new taxonomic groups,taxon,taxon,gloss: taxonomic rank cue
oewn-callorhinus_ursinus__1.05.00..,Callorhinus ursinus,n,of Pacific coast from Alaska southward to California,phrase,taxon,compositional multiword lemma
oewn-sterculia_apetala__1.20.00..,Sterculia apetala,n,large deciduous tree native to Panama and from which the country takes its name; having densely leafy crown and naked trunk,taxon,taxon,Linnaean binomial lemma
oewn-meles_meles__1.05.00..,Meles meles,n,a variety of badger native to Europe and Asia,phrase,taxon,compositional multiword lemma
oewn-genus_osmunda__1.20.00..,genus Osmunda,n,type genus of the Osmundaceae,taxon,taxon,gloss: taxonomic rank cue
oewn-hemigalus_hardwickii__1.05.00..,Hemigalus hardwickii,n,an East Indian civet,phrase,taxon,compositional multiword lemma
oewn-tichodroma_muriaria__1.05.00..,Tichodroma muriaria,n,crimson-and-grey songbird that inhabits town walls and mountain cliffs of southern Eurasia and northern Africa,taxon,taxon,Linnaean binomial lemma
oewn-erica_lusitanica__1.20.00..,Erica lusitanica,n,erect dense shrub native to western Iberian peninsula having profuse white or pink flowers; naturalized in southwestern England,taxon,taxon,Linnaean binomial lemma
oewn-brachychiton_acerifolius__1.20.00..,Brachychiton acerifolius,n,south Australian tree having panicles of brilliant scarlet flowers,taxon,taxon,Linnaean binomial lemma
oewn-genus_cyathea__1.20.00..,genus Cyathea,n,type genus of the Cyatheaceae: tree ferns of the tropical rain forest to temperate woodlands,taxon,taxon,gloss: taxonomic rank cue
oewn-wormian_bone__1.08.00..,Wormian bone,n,any of the tiny soft bones found in the sutures between cranial bones,phrase,taxon,compositional multiword lemma
oewn-piscidia_erythrina__1.20.00..,Piscidia erythrina,n,small tree of West Indies and Florida having large odd-pinnate leaves and panicles of red-striped purple to white flowers followed by decorative curly winged seedpods; yields fish poisons,taxon,taxon,Linnaean binomial lemma
oewn-family_coregonidae__1.05.00..,family Coregonidae,n,soft-finned fishes comprising the freshwater whitefishes; formerly included in the family Salmonidae,taxon,taxon,gloss: taxonomic rank cue
oewn-family_strombidae__1.05.00..,family Strombidae,n,the family of conchs,taxon,taxon,gloss: taxonomic rank cue
oewn-genus_zapus__1.05.00..,genus Zapus,n,type genus of the Zapodidae,taxon,taxon,gloss: taxonomic rank cue
oewn-abies_venusta__1.20.00..,Abies venusta,n,a pyramidal fir of southwestern California having spiny pointed leaves and cone scales with long spines,phrase,taxon,compositional multiword lemma
oewn-american_wistaria__1.20.00..,American wistaria,n,an eastern United States native resembling the cultivated Japanese wisteria having pale purple-lilac flowers,phrase,taxon,compositional multiword lemma
oewn-bradley_method__1.22.00..,Bradley method,n,a method that prepares a mother for natural childbirth by providing education and exercises and nutrition and techniques of breathing and relaxation (with the assistance of the father),phrase,taxon,compositional multiword lemma
oewn-antirrhinum_majus__1.20.00..,Antirrhinum majus,n,perennial native to the Mediterranean but widely cultivated for its purple or pink flowers,phrase,taxon,compositional multiword lemma
oewn-quercus_shumardii__1.20.00..,Quercus shumardii,n,"large deciduous red oak of southern and eastern United States having large seven-lobed to nine-lobed elliptical leaves, large acorns and medium hard coarse-grained wood",phrase,taxon,compositional multiword lemma
oewn-elaeis_oleifera__1.20.00..,Elaeis oleifera,n,palm of Central and South America,phrase,taxon,compositional multiword lemma
oewn-rumansh_language__1.10.01..,Rumansh language,n,the Rhaeto-Romance language spoken in southeastern Switzerland; it is an official language of Switzerland,phrase,taxon,compositional multiword lemma
oewn-roman_times__1.28.00..,Roman times,n,the time period during which Rome dominated Europe,phrase,taxon,compositional multiword lemma
oewn-nyamwezi_language__1.10.01..,Nyamwezi language,n,a Bantu language spoken in central Tanzania,phrase,taxon,compositional multiword lemma
oewn-castanea_sativa__1.20.00..,Castanea sativa,n,"wild or cultivated throughout southern Europe, northwestern Africa and southwestern Asia",phrase,taxon,compositional multiword lemma
oewn-opisthocomidae__1.05.00..,Opisthocomidae,n,comprising the hoatzins,taxon,taxon,gloss: taxonomic rank cue
oewn-maundy_money__1.21.00..,Maundy money,n,specially minted silver coins that are distributed by the British sovereign on Maundy Thursday,phrase,taxon,compositional multiword lemma
oewn-cheilanthes_gracillima__1.20.00..,Cheilanthes gracillima,n,small tufted fern of northwestern America,phrase,taxon,compositional multiword lemma
oewn-anemone_sylvestris__1.20.00..,Anemone sylvestris,n,Eurasian herb with solitary nodding fragrant white flowers,taxon,taxon,Linnaean binomial lemma
oewn-word_order__1.10.00..,word order,n,the order of words in a text,taxon,taxon,gloss: taxonomic rank cue
oewn-anthemis_nobilis__1.20.00..,Anthemis nobilis,n,Eurasian plant with apple-scented foliage and white-rayed flowers and feathery leaves used medicinally; in some classification systems placed in genus Anthemis,taxon,taxon,Linnaean binomial lemma
oewn-family_peripatopsidae__1.05.00..,family Peripatopsidae,n,a family of Onychophora,taxon,taxon,gloss: taxonomic rank cue
oewn-lygodium_palmatum__1.20.00..,Lygodium palmatum,n,delicate fern of the eastern United States having a twining stem and palmately-lobed sterile fronds and forked fertile fronds,phrase,taxon,compositional multiword lemma
oewn-lilium_catesbaei__1.20.00..,Lilium catesbaei,n,lily of southeastern United States having cup-shaped flowers with deep yellow to scarlet recurved petals,phrase,taxon,compositional multiword lemma
oewn-gaultheria_shallon__1.20.00..,Gaultheria shallon,n,small evergreen shrub of Pacific coast of North America having edible dark purple grape-sized berries,taxon,taxon,Linnaean binomial lemma
oewn-tinea_pellionella__1.05.00..,Tinea pellionella,n,the larvae live in tubes of its food material fastened with silk that it spins,phrase,taxon,compositional multiword lemma
oewn-xylaria_polymorpha__1.20.00..,Xylaria polymorpha,n,the fruiting bodies of the fungi of the genus Xylaria,taxon,taxon,Linnaean binomial lemma
oewn-cucurbita__1.20.00..,Cucurbita,n,type genus of the Cucurbitaceae,taxon,taxon,gloss: taxonomic rank cue
oewn-erysimum_cheiri__1.20.00..,Erysimum cheiri,n,perennial of southern Europe having clusters of fragrant flowers of all colors especially yellow and orange; often naturalized on old walls or cliffs; sometimes placed in genus Erysimum,taxon,taxon,Linnaean binomial lemma
oewn-persia__1.15.00..,Persia,n,a theocratic Islamic republic in the Middle East in western Asia; Iran was the core of the ancient empire that was known as Persia until 1935; rich in oil,lexical-word,proper_name,ordinary content word (default)
oewn-crater__1.17.02..,Crater,n,a faint constellation in the Southern Hemisphere near Hydra and Corvus,lexical-word,proper_name,ordinary content word (default)
oewn-dubya__1.18.00..,Dubya,n,43rd President of the United States; son of George Herbert Walker Bush (born in 1946),proper-name,proper_name,"titlecase noun, name-like gloss"
oewn-mountain_state__1.15.00..,Mountain State,n,a state in east central United States with capital Charleston,proper-name,proper_name,gloss: named-entity cue
oewn-kepler-ap-s_second_law__1.09.00..,Kepler's second law,n,a law concerning the speed at which planets travel; a line connecting a planet to the sun will sweep out equal areas in equal times,phrase,proper_name,compositional multiword lemma
oewn-stewart__1.18.01..,Stewart,n,United States film actor who portrayed incorruptible but modest heroes (1908-1997),proper-name,proper_name,"titlecase noun, name-like gloss"
oewn-new_ireland__1.15.00..,New Ireland,n,an island in the Bismarck Archipelago; part of Papua New Guinea,proper-name,proper_name,gloss: named-entity cue
oewn-mannheim__1.15.00..,Mannheim,n,a city in southwestern Germany at the confluence of the Rhine and Neckar rivers,proper-name,proper_name,gloss: named-entity cue
oewn-albanian__1.18.00..,Albanian,n,a native or inhabitant of Albania,lexical-word,proper_name,ordinary content word (default)
oewn-lowlander__1.18.00..,Lowlander,n,a native of the Lowlands of Scotland,lexical-word,proper_name,ordinary content word (default)
oewn-anoplura__1.05.00..,Anoplura,n,sucking lice,proper-name,proper_name,"titlecase noun, name-like gloss"
oewn-s-shape__1.25.00..,S-shape,n,a double curve resembling the letter S,phrase,proper_name,compositional multiword lemma
oewn-gallirallus__1.05.00..,Gallirallus,n,rails of New Zealand,proper-name,proper_name,"titlecase noun, name-like gloss"
oewn-ceratopogonidae__1.05.00..,Ceratopogonidae,n,biting midges; sand flies,proper-name,proper_name,"titlecase noun, name-like gloss"
oewn-masa__1.10.00..,Masa,n,an independent group of closely related Chadic languages spoken in the area between the Biu-Mandara and East Chadic languages,lexical-word,proper_name,ordinary content word (default)
oewn-maupassant__1.18.00..,Maupassant,n,French writer noted especially for his short stories (1850-1893),proper-name,proper_name,"titlecase noun, name-like gloss"
oewn-equus_caballus_przevalskii__1.05.00..,Equus caballus przevalskii,n,wild horse of central Asia that resembles an ass; now endangered,phrase,proper_name,compositional multiword lemma
oewn-anglicanism__1.09.00..,Anglicanism,n,the faith and doctrine and practice of the Anglican Church,proper-name,proper_name,"titlecase noun, name-like gloss"
oewn-lallans__1.10.00..,Lallans,n,a dialect of English spoken in the Lowlands of Scotland,proper-name,proper_name,gloss: named-entity cue
oewn-scandinavia__1.15.01..,Scandinavia,n,the peninsula in northern Europe occupied by Norway and Sweden,proper-name,proper_name,"titlecase noun, name-like gloss"
oewn-quebecois__1.18.00..,Quebecois,n,a native or inhabitant of Quebec (especially one who speaks French),lexical-word,proper_name,ordinary content word (default)
oewn-pollux__1.17.00..,Pollux,n,the brightest star in Gemini; close to Castor,proper-name,proper_name,"titlecase noun, name-like gloss"
oewn-caucasian__1.10.00..,Caucasian,n,a number of languages spoken in the Caucasus that are unrelated to languages spoken elsewhere,lexical-word,proper_name,ordinary content word (default)
oewn-petrarca__1.18.00..,Petrarca,n,an Italian poet famous for love lyrics (1304-1374),lexical-word,proper_name,ordinary content word (default)
oewn-stubbs__1.18.00..,Stubbs,n,English historian noted for his constitutional history of medieval England (1825-1901),proper-name,proper_name,"titlecase noun, name-like gloss"
oewn-ogcocephalidae__1.05.00..,Ogcocephalidae,n,batfishes: sluggish bottom-dwelling spiny fishes,proper-name,proper_name,"titlecase noun, name-like gloss"
oewn-voltaic__1.10.00..,Voltaic,n,a group of Niger-Congo languages spoken primarily in southeastern Mali and northern Ghana,lexical-word,proper_name,ordinary content word (default)
oewn-gipsy__1.18.00..,Gipsy,n,"a member of a people with dark skin and hair who speak Romany and who traditionally live by seasonal work and fortunetelling; they are believed to have originated in northern India but now are living on all continents (but mostly in Europe, North Africa, and North America)",proper-name,proper_name,gloss: named-entity cue
oewn-east__1.15.00..,East,n,the countries of Asia,proper-name,proper_name,"titlecase noun, name-like gloss"
oewn-herodotus__1.18.00..,Herodotus,n,the ancient Greek known as the father of history; his accounts of the wars between the Greeks and Persians are the first known examples of historical writing (485-425 BC),proper-name,proper_name,gloss: named-entity cue
oewn-spillane__1.18.00..,Spillane,n,United States writer of popular detective novels (born in 1918),proper-name,proper_name,"titlecase noun, name-like gloss"
oewn-tawney__1.18.00..,Tawney,n,English economist remembered for his studies of the development of capitalism (1880-1962),proper-name,proper_name,"titlecase noun, name-like gloss"
oewn-kirchhoff__1.18.00..,Kirchhoff,n,German physicist who with Bunsen pioneered spectrum analysis and formulated two laws governing electric networks (1824-1887),proper-name,proper_name,"titlecase noun, name-like gloss"
oewn-roebling__1.18.00..,Roebling,n,United States engineer (born in Germany) who designed and began construction of the Brooklyn bridge (1806-1869),proper-name,proper_name,"titlecase noun, name-like gloss"
oewn-november_11__1.28.00..,November 11,n,a legal holiday in the United States; formerly Armistice Day but called Veterans' Day since 1954,phrase,proper_name,compositional multiword lemma
oewn-riesman__1.18.00..,Riesman,n,United States sociologist (1909-2002),proper-name,proper_name,"titlecase noun, name-like gloss"
oewn-hostaceae__1.20.00..,Hostaceae,n,one of many families or subfamilies into which some classification systems subdivide the Liliaceae but not widely accepted; includes genus Hosta,proper-name,proper_name,"titlecase noun, name-like gloss"
oewn-alectura__1.05.00..,Alectura,n,brush turkeys,proper-name,proper_name,"titlecase noun, name-like gloss"
oewn-pearl_river__1.17.01..,Pearl River,n,a river in southeast China that flows into the South China Sea,proper-name,proper_name,gloss: named-entity cue
oewn-macaulay__1.18.00..,Macaulay,n,English historian noted for his history of England (1800-1859),proper-name,proper_name,"titlecase noun, name-like gloss"
oewn-scotland__1.15.00..,Scotland,n,one of the four countries that make up the United Kingdom of Great Britain and Northern Ireland; located on the northern part of the island of Great Britain; famous for bagpipes and plaids and kilts,proper-name,proper_name,"titlecase noun, name-like gloss"
oewn-slovenija__1.15.00..,Slovenija,n,a mountainous republic in central Europe; formerly part of the Habsburg monarchy and Yugoslavia; achieved independence in 1991,lexical-word,proper_name,ordinary content word (default)
oewn-loloish__1.10.00..,Loloish,n,languages spoken by hill tribes in northern Burma and neighboring areas,proper-name,proper_name,"titlecase noun, name-like gloss"
oewn-newman__1.18.01..,Newman,n,United States film actor (born in 1925),proper-name,proper_name,"titlecase noun, name-like gloss"
oewn-rodolia__1.05.00..,Rodolia,n,genus of Australian ladybugs,proper-name,proper_name,"titlecase noun, name-like gloss"
oewn-momos__1.18.00..,Momos,n,god of blame and mockery,proper-name,proper_name,gloss: named-entity cue
oewn-magnoliopsida__1.20.00..,Magnoliopsida,n,"comprising seed plants that produce an embryo with paired cotyledons and net-veined leaves; divided into six (not always well distinguished) subclasses (or superorders): Magnoliidae and Hamamelidae (considered primitive), Caryophyllidae (an early and distinctive offshoot), and three more or less advanced groups: Dilleniidae, Rosidae, Asteridae",proper-name,proper_name,"titlecase noun, name-like gloss"
oewn-maximian__1.18.00..,Maximian,n,Roman Emperor from 286 until he abdicated in 305; when Diocletian divided the Roman Empire in 286 Maximian became emperor in the west (died in 311),proper-name,proper_name,"titlecase noun, name-like gloss"
oewn-penn__1.06.00..,Penn,n,"a university in Philadelphia, Pennsylvania",lexical-word,proper_name,ordinary content word (default)
oewn-gilmer__1.18.00..,Gilmer,n,United States journalist who wrote a syndicated column of advice to the lovelorn (1870-1951),proper-name,proper_name,"titlecase noun, name-like gloss"
oewn-calopogon__1.20.00..,Calopogon,n,terrestrial orchids of North America,proper-name,proper_name,"titlecase noun, name-like gloss"
oewn-minerva__1.18.00..,Minerva,n,(Roman mythology) goddess of wisdom; counterpart of Greek Athena,proper-name,proper_name,gloss: named-entity cue
oewn-ecuadorian__1.18.00..,Ecuadorian,n,a native or inhabitant of Ecuador,lexical-word,proper_name,ordinary content word (default)
oewn-broussonetia__1.20.00..,Broussonetia,n,paper mulberry,proper-name,proper_name,"titlecase noun, name-like gloss"
oewn-north_america__1.17.00..,North America,n,a continent (the third largest) in the western hemisphere connected to South America by the Isthmus of Panama,proper-name,proper_name,gloss: named-entity cue
oewn-lolium__1.20.00..,Lolium,n,darnel; ryegrass,proper-name,proper_name,"titlecase noun, name-like gloss"
oewn-syzygium__1.20.00..,Syzygium,n,a tropical evergreen tree of the myrtle family native to the East Indies but cultivated elsewhere,lexical-word,proper_name,ordinary content word (default)
oewn-auschwitz_concentration_camp__1.06.01..,Auschwitz concentration camp,n,a Nazi concentration camp for Jews in southwestern Poland during World War II,phrase,proper_name,compositional multiword lemma
oewn-molossidae__1.05.00..,Molossidae,n,mastiff bats; freetail bats,proper-name,proper_name,"titlecase noun, name-like gloss"
oewn-veps__1.10.00..,Veps,n,a Finnic language spoken by the Veps,lexical-word,proper_name,ordinary content word (default)
oewn-trinitarianism__1.09.00..,Trinitarianism,n,Christian doctrine stressing belief in the Trinity,proper-name,proper_name,"titlecase noun, name-like gloss"
oewn-portuguese__1.18.00..,Portuguese,n,a native or inhabitant of Portugal,lexical-word,proper_name,ordinary content word (default)
oewn-pindar__1.18.00..,Pindar,n,Greek lyric poet remembered for his odes (518?-438? BC),proper-name,proper_name,"titlecase noun, name-like gloss"
oewn-mantiger__1.18.00..,mantiger,n,a mythical monster having the head of man (with horns) and the body of a lion and the tail of a scorpion,proper-name,proper_name,gloss: named-entity cue
oewn-plath__1.18.00..,Plath,n,United States writer and poet (1932-1963),proper-name,proper_name,"titlecase noun, name-like gloss"
oewn-swazi__1.10.00..,Swazi,n,"a Bantu language closely related to Zulu, with about three million speakers",lexical-word,proper_name,ordinary content word (default)
oewn-monroe__1.15.00..,Monroe,n,a town in north central Louisiana,proper-name,proper_name,gloss: named-entity cue
oewn-maritimes__1.15.00..,Maritimes,n,the collective name for the Canadian provinces of New Brunswick and Nova Scotia and Prince Edward Island,proper-name,proper_name,"titlecase noun, name-like gloss"
oewn-fafnir__1.18.00..,Fafnir,n,(Norse mythology) the Norse dragon that guarded a treasure and was slain by Sigurd,proper-name,proper_name,"titlecase noun, name-like gloss"
oewn-vulcan__1.18.00..,Vulcan,n,(Roman mythology) god of fire and metal working; counterpart of Greek Hephaestus,proper-name,proper_name,gloss: named-entity cue
oewn-tenormin__1.06.00..,Tenormin,n,an oral beta blocker (trade name Tenormin) used in treating hypertension and angina; has adverse side effects (depression and exacerbation of congestive heart failure etc.),lexical-word,proper_name,ordinary content word (default)
oewn-chateaubriand__1.18.00..,Chateaubriand,n,French statesman and writer; considered a precursor of the romantic movement in France (1768-1848),proper-name,proper_name,"titlecase noun, name-like gloss"
oewn-hezbollah__1.14.00..,Hezbollah,n,a Shiite terrorist organization with strong ties to Iran; seeks to create an Iranian fundamentalist Islamic state in Lebanon; car bombs are the signature weapon,lexical-word,proper_name,ordinary content word (default)
oewn-asarum__1.20.00..,Asarum,n,wild ginger,proper-name,proper_name,"titlecase noun, name-like gloss"
oewn-hume__1.18.00..,Hume,n,Scottish philosopher skeptical philosophy restricted human knowledge to that which can be perceived by the senses (1711-1776),proper-name,proper_name,"titlecase noun, name-like gloss"
oewn-winchester__1.15.00..,Winchester,n,a city in southern England; administrative center of Hampshire,proper-name,proper_name,gloss: named-entity cue
oewn-lappland__1.15.00..,Lappland,n,a region in northmost Europe inhabited by Lapps,lexical-word,proper_name,ordinary content word (default)
oewn-himalayish__1.10.00..,Himalayish,n,the Tibeto-Burman language spoken in Tibet and Nepal and Bhutan and Sikkim,proper-name,proper_name,"titlecase noun, name-like gloss"
oewn-gehenna__1.09.00..,Gehenna,n,a place where the wicked are punished after death,lexical-word,proper_name,ordinary content word (default)
oewn-parnell__1.18.00..,Parnell,n,Irish nationalist leader (1846-1891),proper-name,proper_name,"titlecase noun, name-like gloss"
oewn-scythian__1.10.00..,Scythian,n,the Iranian language spoken by the ancient Scythians,proper-name,proper_name,"titlecase noun, name-like gloss"
oewn-capsicum_annuum_cerasiforme__1.20.00..,Capsicum annuum cerasiforme,n,plant bearing small rounded usually pungent fruits,phrase,proper_name,compositional multiword lemma
oewn-magnoliophyta__1.20.00..,Magnoliophyta,n,comprising flowering plants that produce seeds enclosed in an ovary; in some systems considered a class (Angiospermae) and in others a division (Magnoliophyta or Anthophyta),proper-name,proper_name,"titlecase noun, name-like gloss"
oewn-myosotis__1.20.00..,Myosotis,n,forget-me-nots; scorpion grass,proper-name,proper_name,"titlecase noun, name-like gloss"
oewn-cerberus__1.18.00..,Cerberus,n,(Greek mythology) the three-headed dog guarding the entrance to Hades; son of Typhon,proper-name,proper_name,"titlecase noun, name-like gloss"
oewn-magha__1.28.00..,Magha,n,the eleventh month of the Hindu calendar; corresponds to January in the Gregorian calendar,proper-name,proper_name,"titlecase noun, name-like gloss"
oewn-gandhi__1.18.01..,Gandhi,n,daughter of Nehru who served as prime minister of India from 1966 to 1977 (1917-1984),proper-name,proper_name,"titlecase noun, name-like gloss"
oewn-clupea_harengus_harengus__1.05.00..,Clupea harengus harengus,n,important food fish; found in enormous shoals in the northern Atlantic,phrase,proper_name,compositional multiword lemma
oewn-homaridae__1.05.00..,Homaridae,n,large-clawed lobsters,proper-name,proper_name,"titlecase noun, name-like gloss"
oewn-ithaca__1.15.00..,Ithaca,n,a Greek island to the west of Greece; in Homeric legend Odysseus was its king,lexical-word,proper_name,ordinary content word (default)
oewn-ariadne__1.18.00..,Ariadne,n,beautiful daughter of Minos and Pasiphae; she fell in love with Theseus and gave him the thread with which he found his way out of the Minotaur's labyrinth,proper-name,proper_name,"titlecase noun, name-like gloss"
oewn-coward__1.18.01..,Coward,n,English dramatist and actor and composer noted for his witty and sophisticated comedies (1899-1973),proper-name,proper_name,"titlecase noun, name-like gloss"
oewn-bogart__1.18.00..,Bogart,n,United States film actor (1899-1957),proper-name,proper_name,"titlecase noun, name-like gloss"
oewn-farmington__1.15.00..,Farmington,n,a town in northwestern New Mexico,proper-name,proper_name,gloss: named-entity cue
oewn-peach_state__1.15.00..,Peach State,n,a state in southeastern United States; one of the Confederate states during the American Civil War,proper-name,proper_name,gloss: named-entity cue
oewn-mandelamine__1.06.00..,Mandelamine,n,antibacterial agent (trade names Mandelamine and Urex) that is contained in many products that are used to treat urinary infections,proper-name,proper_name,"titlecase noun, name-like gloss"
oewn-interior_monologue__1.10.00..,interior monologue,n,a literary genre that presents a fictional character's sequence of thoughts in the form of a monologue,proper-name,proper_name,gloss: named-entity cue
oewn-suomi__1.15.00..,Suomi,n,republic in northern Europe; achieved independence from Russia in 1917,proper-name,proper_name,"titlecase noun, name-like gloss"
oewn-ford__1.18.03..,Ford,n,son of Henry Ford (1893-1943),proper-name,proper_name,"titlecase noun, name-like gloss"
oewn-sotho__1.18.00..,Sotho,n,"a member of the Bantu people who inhabit Botswana, Lesotho, and northern South Africa and who speak the Sotho languages",lexical-word,proper_name,ordinary content word (default)
oewn-haldol__1.06.00..,Haldol,n,tranquilizer (trade name Haldol) used to treat some psychotic disorders and Tourette's syndrome,proper-name,proper_name,"titlecase noun, name-like gloss"
oewn-leontief__1.18.00..,Leontief,n,United States economist (born in Russia) who devised an input-output method of economic analysis (1906-1999),proper-name,proper_name,"titlecase noun, name-like gloss"
oewn-lyly__1.18.00..,Lyly,n,English writer noted for his elaborate style (1554-1606),proper-name,proper_name,"titlecase noun, name-like gloss"
oewn-hepburn__1.18.00..,Hepburn,n,United States film actress who appeared in many films with Spencer Tracy (1907-2003),proper-name,proper_name,"titlecase noun, name-like gloss"
oewn-governador_valadares__1.15.00..,Governador Valadares,n,a city in eastern Brazil to the northeast of Belo Horizonte,proper-name,proper_name,gloss: named-entity cue
oewn-tacca__1.20.00..,Tacca,n,genus of tropical plants with creeping rootstocks and small umbellate flowers,proper-name,proper_name,"titlecase noun, name-like gloss"
oewn-sanchez__1.18.00..,Sanchez,n,Venezuelan master terrorist raised by a Marxist-Leninist father; trained and worked with many terrorist groups (born in 1949),proper-name,proper_name,"titlecase noun, name-like gloss"
oewn-lucite__1.27.00..,Lucite,n,a transparent thermoplastic acrylic resin,lexical-word,proper_name,ordinary content word (default)
oewn-creon__1.18.00..,Creon,n,(Greek mythology) the brother of Jocasta and uncle of Antigone who became king of Thebes after the fall of Oedipus,proper-name,proper_name,"titlecase noun, name-like gloss"
oewn-kamet__1.17.00..,Kamet,n,"a mountain in the Himalayas in northern India (25,450 feet high)",proper-name,proper_name,gloss: named-entity cue
oewn-mercedario__1.17.00..,Mercedario,n,"a mountain in the Andes in Argentina (22,210 feet high)",proper-name,proper_name,gloss: named-entity cue
oewn-vaisya__1.18.00..,Vaisya,n,a member of the mercantile and professional Hindu caste; the third of the four main castes,lexical-word,proper_name,ordinary content word (default)
oewn-lophosoria__1.20.00..,Lophosoria,n,one species: tree fern of Central and South America,proper-name,proper_name,"titlecase noun, name-like gloss"
oewn-helsingfors__1.15.00..,Helsingfors,n,the capital and largest city of Finland; located in southern Finland; a major port and commercial and cultural center,proper-name,proper_name,"titlecase noun, name-like gloss"
oewn-brussels__1.15.00..,Brussels,n,the capital and largest city of Belgium; seat of the North Atlantic Treaty Organization,proper-name,proper_name,"titlecase noun, name-like gloss"
oewn-pyrola_rotundifolia_americana__1.20.00..,Pyrola rotundifolia americana,n,evergreen of eastern North America with leathery leaves and numerous white flowers,phrase,proper_name,compositional multiword lemma
oewn-kota__1.18.00..,Kota,n,a member of the Dravidian people living in the Nilgiri Hills in southern India,lexical-word,proper_name,ordinary content word (default)
oewn-endomycetales__1.20.00..,Endomycetales,n,fungi having a zygote or a single cell developing directly into an ascus,proper-name,proper_name,"titlecase noun, name-like gloss"
oewn-regionalism__1.10.01..,regionalism,n,a foreign policy that defines the international interests of a country in terms of particular geographic areas,proper-name,proper_name,gloss: named-entity cue
oewn-chewa__1.18.00..,Chewa,n,a member of the Bantu-speaking people of Malawi and eastern Zambia and northern Zimbabwe,technical-term,proper_name,gloss: technical-domain cue
oewn-ecclesiastes__1.10.00..,Ecclesiastes,n,an Old Testament book consisting of reflections on the vanity of human life; is traditionally attributed to Solomon but probably was written about 250 BC,lexical-word,proper_name,ordinary content word (default)
oewn-nitrobacter__1.05.00..,Nitrobacter,n,rod-shaped soil bacteria,proper-name,proper_name,"titlecase noun, name-like gloss"
oewn-samaveda__1.10.01..,Samaveda,n,a collection of mantras and tunes for use with the Rig-Veda,lexical-word,proper_name,ordinary content word (default)
oewn-frisch__1.18.02..,Frisch,n,British physicist (born in Austria) who with Lise Meitner recognized that Otto Hahn had produced a new kind of nuclear reaction which they named nuclear fission; Frisch described the explosive potential of a chain nuclear reaction (1904-1979),proper-name,proper_name,"titlecase noun, name-like gloss"
oewn-maxwell-ap-s_equations__1.10.00..,Maxwell's equations,n,four differential equations that summarize classical properties of electromagnetic fields,phrase,proper_name,compositional multiword lemma
oewn-hanoi__1.15.00..,Hanoi,n,the capital city of Vietnam; located in North Vietnam,proper-name,proper_name,"titlecase noun, name-like gloss"
oewn-townsendia__1.20.00..,Townsendia,n,genus of western American low tufted herbs: Easter daisy,proper-name,proper_name,"titlecase noun, name-like gloss"
oewn-anemopsis__1.20.00..,Anemopsis,n,one species: yerba mansa,proper-name,proper_name,"titlecase noun, name-like gloss"
oewn-ravel__1.18.00..,Ravel,n,French composer and exponent of Impressionism (1875-1937),proper-name,proper_name,"titlecase noun, name-like gloss"
oewn-cuban__1.18.00..,Cuban,n,a native or inhabitant of Cuba,lexical-word,proper_name,ordinary content word (default)
oewn-croesus__1.18.00..,Croesus,n,last king of Lydia (died in 546 BC),proper-name,proper_name,"titlecase noun, name-like gloss"
oewn-conrad__1.18.00..,Conrad,n,English novelist (born in Poland) noted for sea stories and for his narrative technique (1857-1924),proper-name,proper_name,"titlecase noun, name-like gloss"
oewn-scott__1.18.03..,Scott,n,English explorer who reached the South Pole just a month after Amundsen; he and his party died on the return journey (1868-1912),proper-name,proper_name,"titlecase noun, name-like gloss"
oewn-shahaptian__1.18.00..,Shahaptian,n,a member of a North American Indian people who lived in Oregon along the Columbia river and its tributaries in Washington and northern Idaho,proper-name,proper_name,gloss: named-entity cue
oewn-gibson__1.18.02..,Gibson,n,United States illustrator remembered for his creation of the ‘Gibson girl’ (1867-1944),proper-name,proper_name,"titlecase noun, name-like gloss"
oewn-father__1.18.01..,Father,n,‘Father’ is a term of address for priests in some churches (especially the Roman Catholic Church or the Orthodox Catholic Church); ‘Padre’ is frequently used in the military,proper-name,proper_name,"titlecase noun, name-like gloss"
oewn-kabbalah__1.09.00..,Kabbalah,n,an esoteric theosophy of rabbinical origin based on the Hebrew scriptures and developed between the 7th and 18th centuries,lexical-word,proper_name,ordinary content word (default)
oewn-inferno__1.09.01..,Inferno,n,(Christianity) the abode of Satan and the forces of evil; where sinners suffer eternal punishment,proper-name,proper_name,"titlecase noun, name-like gloss"
oewn-darwinian__1.18.00..,Darwinian,n,an advocate of Darwinism,lexical-word,proper_name,ordinary content word (default)
oewn-pholiota__1.20.00..,Pholiota,n,genus of gilled agarics of Europe and North America having brown spores and an annulus; grows on open ground or decaying wood,proper-name,proper_name,"titlecase noun, name-like gloss"
oewn-samoan__1.18.00..,Samoan,n,a native or inhabitant of the Samoan Islands,lexical-word,proper_name,ordinary content word (default)
oewn-india__1.15.00..,India,n,a republic in the Asian subcontinent in southern Asia; second most populous country in the world; achieved independence from the United Kingdom in 1947,proper-name,proper_name,gloss: named-entity cue
oewn-georgia_home_boy__1.06.00..,Georgia home boy,n,street names for gamma hydroxybutyrate,phrase,proper_name,compositional multiword lemma
oewn-capital_of_north_korea__1.15.00..,capital of North Korea,n,capital of North Korea and an industrial center,proper-name,proper_name,gloss: named-entity cue
oewn-zizania__1.20.00..,Zizania,n,wild rice,proper-name,proper_name,"titlecase noun, name-like gloss"
oewn-tera__1.10.00..,Tera,n,a three-tone Chadic language,lexical-word,proper_name,ordinary content word (default)
oewn-deimos__1.17.00..,Deimos,n,the outer of two small satellites of Mars,proper-name,proper_name,"titlecase noun, name-like gloss"
oewn-ibero-mesornis__1.05.00..,Ibero-mesornis,n,sparrow-sized fossil bird of the Cretaceous period having a vestigial tail; found in Spain; considered possibly the third most primitive of all birds,phrase,proper_name,compositional multiword lemma
oewn-calluna__1.20.00..,Calluna,n,a genus containing the species Calluna vulgaris (Calluna),lexical-word,proper_name,ordinary content word (default)
oewn-amarillo__1.15.00..,Amarillo,n,a city in the northern panhandle of Texas,proper-name,proper_name,gloss: named-entity cue
oewn-derivative__1.09.00..,derivative,n,the result of mathematical differentiation; the instantaneous change of one quantity relative to another; df(x)/dx,technical-term,technical,gloss: technical-domain cue
oewn-genus_stenotaphrum__1.20.00..,genus Stenotaphrum,n,lawn grasses,phrase,technical,compositional multiword lemma
oewn-tracing_routine__1.10.00..,tracing routine,n,a routine that provides a chronological record of the execution of a computer program,phrase,technical,compositional multiword lemma
oewn-book_of_ruth__1.10.00..,Book of Ruth,n,a book of the Old Testament that tells the story of Ruth who was not an Israelite but who married an Israelite and who stayed with her mother-in-law Naomi after her husband died,phrase,technical,compositional multiword lemma
oewn-tekki__1.18.00..,tekki,n,a technician who is highly proficient and enthusiastic about some technical field (especially computing),technical-term,technical,gloss: technical-domain cue
oewn-day_of_atonement__1.28.00..,Day of Atonement,n,(Judaism) a solemn and major fast day on the Jewish calendar; 10th of Tishri; its observance is one of the requirements of the Mosaic law,phrase,technical,compositional multiword lemma
oewn-barratry__1.04.00..,barratry,n,the offense of vexatiously persisting in inciting lawsuits and quarrels,technical-term,technical,gloss: technical-domain cue
oewn-centre_of_buoyancy__1.15.00..,centre of buoyancy,n,(physics) the center of mass of the immersed part of ship or other floating object,phrase,technical,compositional multiword lemma
oewn-musique_concrete__1.10.01..,musique concrete,n,"tape-recorded musical and natural sounds, often electronically distorted, arranged in planned combinations, sequences, and rhythmic patterns to create an artistic work.",phrase,technical,compositional multiword lemma
oewn-musical_notation__1.10.00..,musical notation,n,(music) notation used by musicians,phrase,technical,compositional multiword lemma
oewn-critical__3.00.01..,critical,a,marked by a tendency to find and call attention to errors and flaws,technical-term,technical,gloss: technical-domain cue
oewn-rock_and_roll__1.10.00..,rock and roll,n,a genre of popular music originating in the 1950s; a blend of black rhythm-and-blues with white country-and-western,phrase,technical,compositional multiword lemma
oewn-double_bar__1.10.00..,double bar,n,notation marking the end of principal parts of a musical composition; two adjacent bar lines,phrase,technical,compositional multiword lemma
oewn-great_commoner__1.18.00..,Great Commoner,n,United States lawyer and politician who advocated free silver and prosecuted John Scopes (1925) for teaching evolution in a Tennessee high school (1860-1925),phrase,technical,compositional multiword lemma
oewn-acid_value__1.23.00..,acid value,n,(chemistry) the amount of free acid present in fat as measured by the milligrams of potassium hydroxide needed to neutralize it,phrase,technical,compositional multiword lemma
oewn-case_law__1.10.00..,case law,n,(civil law) a law established by following earlier judicial decisions,phrase,technical,compositional multiword lemma
oewn-pilot_chart__1.06.00..,pilot chart,n,a chart for a navigator showing the prevailing meteorological and hydrographic and navigational conditions,phrase,technical,compositional multiword lemma
oewn-whole_note__1.10.00..,whole note,n,a musical note having the longest time value (equal to four beats in common time),phrase,technical,compositional multiword lemma
oewn-tempo__1.28.01..,tempo,n,(music) the speed at which a composition is to be played,technical-term,technical,gloss: technical-domain cue
oewn-juke_house__1.06.00..,juke house,n,a small roadside establishment in the southeastern United States where you can eat and drink and dance to music provided by a jukebox,phrase,technical,compositional multiword lemma
oewn-expression__1.10.03..,expression,n,a group of symbols that make a mathematical statement,technical-term,technical,gloss: technical-domain cue
oewn-rubidium-strontium_dating__1.04.00..,rubidium-strontium dating,n,"geological dating based on the proportions of radioactive rubidium into its decay product strontium; radioactive rubidium has a half-life of 47,000,000,000 years",phrase,technical,compositional multiword lemma
oewn-factorisation__1.09.00..,factorisation,n,(mathematics) the resolution of an expression into factors such that when multiplied together they give the original expression,technical-term,technical,gloss: technical-domain cue
oewn-half_rest__1.10.00..,half rest,n,a musical rest having the time value of half a whole rest or equal in duration to two beats in common time,phrase,technical,compositional multiword lemma
oewn-suffering__1.12.02..,suffering,n,psychological suffering,technical-term,technical,gloss: technical-domain cue
oewn-jack__1.06.05..,jack,n,a small ball at which players aim in lawn bowling,technical-term,technical,gloss: technical-domain cue
oewn-coarctation__1.07.00..,coarctation,n,(biology) a narrowing or constriction of a vessel or canal; especially a congenital narrowing of the aorta,technical-term,technical,gloss: technical-domain cue
oewn-benjamin_david_goodman__1.18.00..,Benjamin David Goodman,n,United States clarinetist who in 1934 formed a big band (including black as well as white musicians) and introduced a kind of jazz known as swing (1909-1986),phrase,technical,compositional multiword lemma
oewn-dna_fingerprint__1.10.00..,DNA fingerprint,n,biometric identification obtained by examining a person's unique sequence of DNA base pairs; often used for evidence in criminal law cases,phrase,technical,compositional multiword lemma
oewn-hugo_grotius__1.18.00..,Hugo Grotius,n,Dutch jurist and diplomat whose writings established the basis of modern international law (1583-1645),phrase,technical,compositional multiword lemma
oewn-ring__2.39.01..,ring,v,"make (bells) ring, often for the purposes of musical edification",technical-term,technical,gloss: technical-domain cue
oewn-hornpipe__1.10.00..,hornpipe,n,music for dancing the hornpipe,technical-term,technical,gloss: technical-domain cue
oewn-fault__1.17.00..,fault,n,(geology) a crack in the earth's crust resulting from the displacement of one side with respect to the other,technical-term,technical,gloss: technical-domain cue
oewn-magnet__1.06.00..,magnet,n,(physics) a device that attracts iron and produces a magnetic field,technical-term,technical,gloss: technical-domain cue
oewn-false_pregnancy__1.26.00..,false pregnancy,n,physiological state in which a woman exhibits symptoms of pregnancy but is not pregnant,phrase,technical,compositional multiword lemma
oewn-jesse_james__1.18.00..,Jesse James,n,United States outlaw who fought as a Confederate soldier and later led a band of outlaws that robbed trains and banks in the West until he was murdered by a member of his own gang (1847-1882),phrase,technical,compositional multiword lemma
oewn-complementary_distribution__1.07.00..,complementary distribution,n,(linguistics) a distribution of related speech sounds or forms in such a way that they only appear in different contexts,phrase,technical,compositional multiword lemma
oewn-optics__1.09.00..,optics,n,the branch of physics that studies the physical properties of light,technical-term,technical,gloss: technical-domain cue
oewn-develop__2.30.13..,develop,v,elaborate by the unfolding of a musical idea and by the working out of the rhythmic and harmonic changes in the theme,technical-term,technical,gloss: technical-domain cue
oewn-production__1.04.02..,production,n,(economics) manufacturing or mining or growing something (usually in large quantities) for sale,technical-term,technical,gloss: technical-domain cue
oewn-universal_gas_constant__1.23.00..,universal gas constant,n,(physics) the universal constant in the gas equation: pressure times volume = R times temperature; equal to 8.3143 joules per kelvin per mole,phrase,technical,compositional multiword lemma
oewn-anteater__1.05.02..,anteater,n,a burrowing monotreme mammal covered with spines and having a long snout and claws for hunting ants and termites; native to Australia,technical-term,technical,gloss: technical-domain cue
oewn-amyloid_protein_plaque__1.08.00..,amyloid protein plaque,n,a plaque consisting of tangles of amyloid protein in nervous tissue (a pathological mark of Alzheimer's disease),phrase,technical,compositional multiword lemma
oewn-autotomy__1.04.00..,autotomy,n,spontaneous removal or casting off of a body part (as the tail of a lizard or claw of a lobster) especially when the organism is injured or under attack,technical-term,technical,gloss: technical-domain cue
oewn-theologically__4.02.00..,theologically,r,in a theological manner,technical-term,technical,gloss: technical-domain cue
oewn-anteater__1.05.05..,anteater,n,small Australian marsupial having long snout and strong claws for feeding on termites; nearly extinct,technical-term,technical,gloss: technical-domain cue
oewn-doom__2.32.00..,doom,v,pronounce a sentence on (somebody) in a court of law,technical-term,technical,gloss: technical-domain cue
oewn-relaxation_behavior__1.22.00..,relaxation behavior,n,(physics) the exponential return of a system to equilibrium after a disturbance,phrase,technical,compositional multiword lemma
oewn-sixty-fourth_note__1.10.00..,sixty-fourth note,n,a musical note having the time value of a sixty-fourth of a whole note,phrase,technical,compositional multiword lemma
oewn-factoring__1.09.00..,factoring,n,(mathematics) the resolution of an expression into factors such that when multiplied together they give the original expression,technical-term,technical,gloss: technical-domain cue
oewn-link__1.10.01..,link,n,(computing) an instruction that connects one part of a program or an element on a list to another program or list,technical-term,technical,gloss: technical-domain cue
oewn-organ-grinder__1.18.00..,organ-grinder,n,a street musician who plays a hand organ or hurdy-gurdy,phrase,technical,compositional multiword lemma
oewn-index__1.10.02..,index,n,a mathematical notation indicating the number of times a quantity is multiplied by itself,technical-term,technical,gloss: technical-domain cue
oewn-octal_notation__1.10.00..,octal notation,n,any mathematical notation that uses 8 different characters (usually the digits 0 to 7),phrase,technical,compositional multiword lemma
oewn-heavy__3.00.02..,heavy,a,marked by great psychological weight; weighted down especially with sadness or troubles or weariness,technical-term,technical,gloss: technical-domain cue
oewn-finger__2.32.00..,finger,v,indicate the fingering for the playing of musical scores for keyboard instruments,technical-term,technical,gloss: technical-domain cue
oewn-stringed_instrument__1.06.00..,stringed instrument,n,a musical instrument in which taut strings provide the source of sound,phrase,technical,compositional multiword lemma
oewn-w.m.d.__1.06.00..,W.M.D.,n,a weapon that kills or injures civilian as well as military personnel (nuclear and chemical and biological weapons),technical-term,technical,gloss: technical-domain cue
oewn-argent__1.27.00..,argent,n,a metal tincture used in heraldry to give a silvery appearance,technical-term,technical,gloss: technical-domain cue
oewn-imaginary_number__1.23.00..,imaginary number,n,(mathematics) a number of the form a+bi where a and b are real numbers and i is the square root of -1,phrase,technical,compositional multiword lemma
oewn-isophone__1.15.01..,isophone,n,"linguistics, an isogloss marking off an area in which a particular feature of pronunciation is found.",technical-term,technical,gloss: technical-domain cue
oewn-colour__1.09.01..,colour,n,(physics) the characteristic of quarks that determines their role in the strong interaction,technical-term,technical,gloss: technical-domain cue
oewn-restorative__1.06.01..,restorative,n,a medicine that strengthens and invigorates,technical-term,technical,gloss: technical-domain cue
oewn-tannic_acid__1.27.00..,tannic acid,n,any of various complex phenolic substances of plant origin; used in tanning and in medicine,phrase,technical,compositional multiword lemma
oewn-alben_william_barkley__1.18.00..,Alben William Barkley,n,United States politician and lawyer; vice president of the United States (1877-1956),phrase,technical,compositional multiword lemma
oewn-rave__1.11.00..,rave,n,a dance party that lasts all night and electronically synthesized music is played,technical-term,technical,gloss: technical-domain cue
oewn-court_order__1.10.00..,court order,n,a writ issued by a court of law requiring a person to do something or to refrain from doing something,phrase,technical,compositional multiword lemma
oewn-piano_music__1.10.00..,piano music,n,sheet music to be played on a piano,phrase,technical,compositional multiword lemma
oewn-saxist__1.18.00..,saxist,n,a musician who plays the saxophone,technical-term,technical,gloss: technical-domain cue
oewn-state_of_mind__1.26.02..,state of mind,n,a temporary psychological state,phrase,technical,compositional multiword lemma
oewn-social_assistance__1.04.00..,social assistance,n,benefits paid to bring incomes up to minimum levels established by law,phrase,technical,compositional multiword lemma
oewn-savings_and_loan_association__1.14.00..,savings and loan association,n,a thrift institution that is required by law to make a certain percentage of its loans as home mortgages,phrase,technical,compositional multiword lemma
oewn-coequal__5.00.00.equal.00,coequal,a,having the same standing before the law,technical-term,technical,gloss: technical-domain cue
oewn-neurolinguistics__1.09.00..,neurolinguistics,n,the branch of linguistics that studies the relation between language and the structure and function of the nervous system,technical-term,technical,gloss: technical-domain cue
oewn-radio_astronomy__1.09.00..,radio astronomy,n,the branch of astronomy that detects and studies the radio waves emitted by celestial bodies,phrase,technical,compositional multiword lemma
oewn-rheumatology__1.09.00..,rheumatology,n,the branch of medicine dealing with the study and treatment of pathologies of the muscles or tendons or joints,technical-term,technical,gloss: technical-domain cue
oewn-non-miscible__3.00.00..,non-miscible,a,"(chemistry, physics) incapable of mixing",phrase,technical,compositional multiword lemma
oewn-beats_per_minute__1.28.00..,beats per minute,n,the pace of music measured by the number of beats occurring in 60 seconds,phrase,technical,compositional multiword lemma
oewn-lower_bound__1.25.00..,lower bound,n,(mathematics) a number equal to or less than any other number in a given set,phrase,technical,compositional multiword lemma
oewn-cytogenetics__1.09.00..,cytogenetics,n,the branch of biology that studies the cellular aspects of heredity (especially the chromosomes),technical-term,technical,gloss: technical-domain cue
oewn-dependence__1.26.01..,dependence,n,being abnormally tolerant to and dependent on something that is psychologically or physically habit-forming (especially alcohol or narcotic drugs),technical-term,technical,gloss: technical-domain cue
oewn-gustav_theodor_fechner__1.18.00..,Gustav Theodor Fechner,n,German physicist who founded psychophysics; derived Fechner's law on the basis of early work by E. H. Weber (1801-1887),phrase,technical,compositional multiword lemma
oewn-oligopoly__1.26.00..,oligopoly,n,(economics) a market in which control over the supply of a commodity is in the hands of a small number of producers and each one can influence prices and affect competitors,technical-term,technical,gloss: technical-domain cue
oewn-cloning__1.04.00..,cloning,n,a general term for the research activity that creates a copy of some biological entity (a gene or organism or cell),technical-term,technical,gloss: technical-domain cue
oewn-van_beethoven__1.18.00..,van Beethoven,n,German composer of instrumental music (especially symphonic and chamber music); continued to compose after he lost his hearing (1770-1827),phrase,technical,compositional multiword lemma
oewn-realize__2.36.07..,realize,v,expand or complete (a part in a piece of baroque music) by supplying the harmonies indicated in the figured bass,technical-term,technical,gloss: technical-domain cue
oewn-take_apart__2.31.00..,take apart,v,"make a mathematical, chemical, or grammatical analysis of; break down into components or essential features",phrase,technical,compositional multiword lemma
oewn-subrogation__1.04.00..,subrogation,n,(law) the act of substituting of one creditor for another,technical-term,technical,gloss: technical-domain cue
oewn-counterirritant__1.06.00..,counterirritant,n,a medicine applied locally to produce superficial inflammation in order to reduce deeper inflammation,technical-term,technical,gloss: technical-domain cue
oewn-anarchy__1.26.00..,anarchy,n,a state of lawlessness and disorder (usually resulting from a failure of government),technical-term,technical,gloss: technical-domain cue
oewn-combination_in_restraint_of_trade__1.14.00..,combination in restraint of trade,n,(law) any monopoly or contract or combination or conspiracy intended to restrain commerce (which are illegal according to antitrust laws of the United States),phrase,technical,compositional multiword lemma
oewn-cardinal_number__1.23.00..,cardinal number,n,the number of elements in a mathematical set; denotes a quantity but not the order,phrase,technical,compositional multiword lemma
oewn-statutory_law__1.14.00..,statutory law,n,the body of laws created by legislative statutes,phrase,technical,compositional multiword lemma
oewn-tango__1.10.00..,tango,n,music written in duple time for dancing the tango,technical-term,technical,gloss: technical-domain cue
oewn-stratigraphy__1.09.00..,stratigraphy,n,the branch of geology that studies the arrangement and succession of strata,technical-term,technical,gloss: technical-domain cue
oewn-overture__1.10.01..,overture,n,orchestral music played at the beginning of an opera or oratorio,technical-term,technical,gloss: technical-domain cue
oewn-polyphonic_music__1.10.00..,polyphonic music,n,music arranged in parts for several voices or instruments,phrase,technical,compositional multiword lemma
oewn-trial_attorney__1.18.00..,trial attorney,n,a lawyer who specializes in defending clients before a court of law,phrase,technical,compositional multiword lemma
oewn-linear_operator__1.24.00..,linear operator,n,an operator that obeys the distributive law: A(f+g) = Af + Ag (where f and g are functions),phrase,technical,compositional multiword lemma
oewn-hacker__1.18.01..,hacker,n,a programmer for whom computing is its own reward; may enjoy the challenge of breaking into other computers but does no harm,technical-term,technical,gloss: technical-domain cue
oewn-operand__1.09.00..,operand,n,a quantity upon which a mathematical operation is performed,technical-term,technical,gloss: technical-domain cue
oewn-clause__1.10.00..,clause,n,(grammar) an expression including a subject and predicate functioning as a part of a complex sentence,technical-term,technical,gloss: technical-domain cue
oewn-mean_time__1.28.00..,mean time,n,(astronomy) time based on the motion of the mean sun (an imaginary sun moving uniformly along the celestial equator),phrase,technical,compositional multiword lemma
oewn-contempt_of_court__1.04.00..,contempt of court,n,disrespect for the rules of a court of law,phrase,technical,compositional multiword lemma
oewn-arrangement__1.10.00..,arrangement,n,a piece of music that has been adapted for performance by a particular set of voices or instruments,technical-term,technical,gloss: technical-domain cue
oewn-city_of_brotherly_love__1.15.00..,City of Brotherly Love,n,the largest city in Pennsylvania; located in the southeastern part of the state on the Delaware river; site of Independence Hall where the Declaration of Independence and the Constitution were signed; site of the University of Pennsylvania,phrase,technical,compositional multiword lemma
oewn-public_presentation__1.10.00..,public presentation,n,a dramatic or musical entertainment,phrase,technical,compositional multiword lemma
oewn-spell__1.26.00..,spell,n,a psychological state induced by (or as if induced by) a magical incantation,technical-term,technical,gloss: technical-domain cue
oewn-karl_gustav_jacob_jacobi__1.18.00..,Karl Gustav Jacob Jacobi,n,German mathematician (1804-1851),phrase,technical,compositional multiword lemma
oewn-counterpoint__1.10.00..,counterpoint,n,a musical form involving the simultaneous sound of two or more melodies,technical-term,technical,gloss: technical-domain cue
oewn-groundmass__1.27.00..,groundmass,n,(geology) the matrix of fine-grained crystalline material in which larger crystals are embedded,technical-term,technical,gloss: technical-domain cue
oewn-musician__1.18.01..,musician,n,someone who plays a music as a profession,technical-term,technical,gloss: technical-domain cue
oewn-conservatism__1.09.00..,conservatism,n,a political or theological orientation advocating the preservation of the best in society and opposing radical changes,technical-term,technical,gloss: technical-domain cue
oewn-tremolo__1.26.00..,tremolo,n,(music) a tremulous effect produced by rapid repetition of a single tone or rapid alternation of two tones,technical-term,technical,gloss: technical-domain cue
oewn-string_theory__1.09.00..,string theory,n,(particle physics) a theory that postulates that subatomic particles are one-dimensional strings,phrase,technical,compositional multiword lemma
oewn-trigonometrician__1.18.00..,trigonometrician,n,a mathematician specializing in trigonometry,technical-term,technical,gloss: technical-domain cue
oewn-beating-reed_instrument__1.06.00..,beating-reed instrument,n,a musical instrument that sounds by means of a vibrating reed,phrase,technical,compositional multiword lemma
oewn-accretion__1.22.03..,accretion,n,(astronomy) the formation of a celestial object by the effect of gravity pulling together surrounding objects and gases,technical-term,technical,gloss: technical-domain cue
oewn-biogenic__3.01.00..,biogenic,a,produced by living organisms or biological processes,technical-term,technical,gloss: technical-domain cue
oewn-nucleus__1.08.01..,nucleus,n,any histologically identifiable mass of neural cell bodies in the brain or spinal cord,technical-term,technical,gloss: technical-domain cue
oewn-suit_of_armor__1.06.00..,suit of armor,n,armor that protects the wearer's whole body,phrase,phrase_or_idiom,compositional multiword lemma
oewn-red_bay__1.20.00..,red bay,n,small tree of southern United States having dark red heartwood,phrase,phrase_or_idiom,compositional multiword lemma
oewn-herman_wouk__1.18.00..,Herman Wouk,n,United States writer (born in 1915),phrase,phrase_or_idiom,compositional multiword lemma
oewn-lone-star_state__1.15.00..,Lone-Star State,n,the second largest state; located in southwestern United States on the Gulf of Mexico,phrase,phrase_or_idiom,compositional multiword lemma
oewn-knee_brace__1.06.00..,knee brace,n,a brace worn to strengthen the knee,phrase,phrase_or_idiom,compositional multiword lemma
oewn-calcium_sulfate__1.27.00..,calcium sulfate,n,a white salt (CaSO4),phrase,phrase_or_idiom,compositional multiword lemma
oewn-endangered_species__1.14.00..,endangered species,n,a species whose numbers are so small that the species is at risk of extinction,phrase,phrase_or_idiom,compositional multiword lemma
oewn-air_flow__1.11.00..,air flow,n,the flow of air,phrase,phrase_or_idiom,compositional multiword lemma
oewn-genus_pereskia__1.20.00..,genus Pereskia,n,genus of tropical American shrubby trees and woody climbers having slender branches with broad flat leaves and large panicles of flowers,phrase,phrase_or_idiom,compositional multiword lemma
oewn-four-year-old__5.00.00.young.00,four-year-old,a,four years of age,phrase,phrase_or_idiom,compositional multiword lemma
oewn-three-bagger__1.04.00..,three-bagger,n,a base hit at which the batter stops safely at third base,phrase,phrase_or_idiom,compositional multiword lemma
oewn-youth_movement__1.04.00..,youth movement,n,political or religious or social reform movement or agitation consisting chiefly of young people,phrase,phrase_or_idiom,compositional multiword lemma
oewn-facial_profiling__1.10.00..,facial profiling,n,identification of criminals and terrorist by means of videotapes of their faces,phrase,phrase_or_idiom,compositional multiword lemma
oewn-anterior_facial_vein__1.08.00..,anterior facial vein,n,a continuation of the angular vein; unites with the retromandibular vein before emptying into the internal jugular vein,phrase,phrase_or_idiom,compositional multiword lemma
oewn-certified_public_accountant__1.18.00..,certified public accountant,n,an accountant who has passed certain examinations and met all other statutory and licensing requirements of a United States state to be certified by that state,phrase,phrase_or_idiom,compositional multiword lemma
oewn-blonde_lilian__1.20.00..,blonde lilian,n,North American dogtooth having solitary white flowers with yellow centers and blue or pink exteriors,phrase,phrase_or_idiom,compositional multiword lemma
oewn-self-incrimination__1.10.00..,self-incrimination,n,an accusation that incriminates yourself,phrase,phrase_or_idiom,compositional multiword lemma
oewn-panic_disorder__1.26.00..,panic disorder,n,an anxiety disorder characterized by unpredictable panic attacks; the attacks are usually severe but brief,phrase,phrase_or_idiom,compositional multiword lemma
oewn-transmitting_aerial__1.06.00..,transmitting aerial,n,an electrical device that sends or receives radio or television signals,phrase,phrase_or_idiom,compositional multiword lemma
oewn-rescue_operation__1.04.00..,rescue operation,n,an operation organized to free from danger or confinement,phrase,phrase_or_idiom,compositional multiword lemma
oewn-marine_corps__1.14.00..,Marine Corps,n,an amphibious division of the United States Navy,phrase,phrase_or_idiom,compositional multiword lemma
oewn-basse-normandie__1.15.00..,Basse-Normandie,n,a division of Normandy,phrase,phrase_or_idiom,compositional multiword lemma
oewn-ganglion_cell__1.08.00..,ganglion cell,n,a nerve cell whose body is outside the central nervous system,phrase,phrase_or_idiom,compositional multiword lemma
oewn-norman_rockwell__1.18.00..,Norman Rockwell,n,United States illustrator whose works present a sentimental idealized view of everyday life (1894-1978),phrase,phrase_or_idiom,compositional multiword lemma
oewn-hot-rod__1.06.00..,hot-rod,n,a car modified to increase its speed and acceleration,phrase,phrase_or_idiom,compositional multiword lemma
oewn-double_bogey__2.35.00..,double bogey,v,to shoot two strokes over par,phrase,phrase_or_idiom,compositional multiword lemma
oewn-body_waste__1.27.00..,body waste,n,waste matter (as urine or sweat but especially feces) discharged from the body,phrase,phrase_or_idiom,compositional multiword lemma
oewn-william_penn_adair_rogers__1.18.00..,William Penn Adair Rogers,n,United States humorist remembered for his homespun commentary on politics and American society (1879-1935),phrase,phrase_or_idiom,compositional multiword lemma
oewn-roman_a_clef__1.10.00..,roman a clef,n,a novel in which actual persons and events are disguised as fictional characters,phrase,phrase_or_idiom,compositional multiword lemma
oewn-genus_pelargonium__1.20.00..,genus Pelargonium,n,geraniums native chiefly to South Africa; widely cultivated,phrase,phrase_or_idiom,compositional multiword lemma
oewn-reality_television__1.10.01..,reality television,n,a genre of television programming that documents ostensibly unscripted real-life situations,phrase,phrase_or_idiom,compositional multiword lemma
oewn-eastern_hemisphere__1.15.00..,eastern hemisphere,n,the hemisphere that includes Eurasia and Africa and Australia,phrase,phrase_or_idiom,compositional multiword lemma
oewn-shop_steward__1.18.00..,shop steward,n,a union member who is elected to represent fellow workers in negotiating with management,phrase,phrase_or_idiom,compositional multiword lemma
oewn-accounting_principle__1.09.00..,accounting principle,n,a principle that governs current accounting practice and that is used as a reference to determine the appropriate treatment of complex transactions,phrase,phrase_or_idiom,compositional multiword lemma
oewn-vice_chancellor__1.18.00..,vice chancellor,n,a deputy or assistant to someone bearing the title of chancellor,phrase,phrase_or_idiom,compositional multiword lemma
oewn-silver-lace__1.20.01..,silver-lace,n,shrubby perennial of the Canary Islands having white flowers and leaves and hairy stems covered with dustlike down; sometimes placed in genus Chrysanthemum,phrase,phrase_or_idiom,compositional multiword lemma
oewn-family_phillidae__1.05.00..,family Phillidae,n,leaf insects,phrase,phrase_or_idiom,compositional multiword lemma
oewn-firing_range__1.06.00..,firing range,n,a practice range for target practice,phrase,phrase_or_idiom,compositional multiword lemma
oewn-wood_mint__1.20.00..,wood mint,n,American herb of genus Blephilia with more or less hairy leaves and clusters of purplish or bluish flowers,phrase,phrase_or_idiom,compositional multiword lemma
oewn-s._s._van_dine__1.18.00..,S. S. Van Dine,n,United States writer of detective novels (1888-1939),phrase,phrase_or_idiom,compositional multiword lemma
oewn-weather_side__1.24.00..,weather side,n,the side toward the wind,phrase,phrase_or_idiom,compositional multiword lemma
oewn-boris_godunov__1.18.00..,Boris Godunov,n,czar of Russia (1551-1605),phrase,phrase_or_idiom,compositional multiword lemma
oewn-five-spot__1.21.00..,five-spot,n,a United States bill worth 5 dollars,phrase,phrase_or_idiom,compositional multiword lemma
oewn-securities_industry__1.14.00..,securities industry,n,the securities markets in the aggregate,phrase,phrase_or_idiom,compositional multiword lemma
oewn-radiant_heating__1.22.00..,radiant heating,n,heating a building by radiation from panels containing hot water or electrical heaters,phrase,phrase_or_idiom,compositional multiword lemma
oewn-spell_out__2.32.01..,spell out,v,orally recite the letters of or give the spelling of,phrase,phrase_or_idiom,compositional multiword lemma
oewn-genus_acacia__1.20.00..,genus Acacia,n,"large genus of shrubs and trees and some woody vines of Central and South America, Africa, Australia and Polynesia: wattle; mimosa",phrase,phrase_or_idiom,compositional multiword lemma
oewn-retinal_rod__1.08.00..,retinal rod,n,a visual receptor cell that is sensitive to dim light,phrase,phrase_or_idiom,compositional multiword lemma
oewn-received_pronunciation_language__1.10.01..,Received Pronunciation language,n,the approved pronunciation of British English; originally based on the King's English as spoken at public schools and at Oxford and Cambridge Universities (and widely accepted elsewhere in Britain); until recently it was the pronunciation of English used in British broadcasting,phrase,phrase_or_idiom,compositional multiword lemma
oewn-railroad_woman__1.18.00..,railroad woman,n,a female employee of a railroad,phrase,phrase_or_idiom,compositional multiword lemma
oewn-bathtub_gin__1.13.00..,bathtub gin,n,homemade gin especially that made illegally,phrase,phrase_or_idiom,compositional multiword lemma
oewn-water_chestnut__1.20.02..,water chestnut,n,a plant of the genus Trapa bearing spiny four-pronged edible nutlike fruits,phrase,phrase_or_idiom,compositional multiword lemma
oewn-tin_can__1.06.00..,tin can,n,airtight sealed metal container for food or drink or paint etc.,phrase,phrase_or_idiom,compositional multiword lemma
oewn-pants_presser__1.06.00..,pants presser,n,a home appliance in which trousers can be hung and the wrinkles pressed out,phrase,phrase_or_idiom,compositional multiword lemma
oewn-assembly_line__1.06.00..,assembly line,n,mechanical system in a factory whereby an article is conveyed through sites at which successive operations are performed on it,phrase,phrase_or_idiom,compositional multiword lemma
oewn-genus_carthamus__1.20.00..,genus Carthamus,n,safflower,phrase,phrase_or_idiom,compositional multiword lemma
oewn-sir_thomas_stamford_raffles__1.18.00..,Sir Thomas Stamford Raffles,n,British colonial administrator who founded Singapore (1781-1826),phrase,phrase_or_idiom,compositional multiword lemma
oewn-right-hand_woman__1.18.00..,right-hand woman,n,the most helpful female assistant,phrase,phrase_or_idiom,compositional multiword lemma
oewn-inborn_reflex__1.04.00..,inborn reflex,n,an automatic instinctive unlearned reaction to a stimulus,phrase,phrase_or_idiom,compositional multiword lemma
oewn-hans_christian_andersen__1.18.00..,[redacted-offensive-lexicon],n,[gloss elided],phrase,phrase_or_idiom,compositional multiword lemma | OFFENSIVE-REDACTED
oewn-mass_hysteria__1.26.00..,mass hysteria,n,a condition in which a large group of people exhibit the same state of violent mental agitation,phrase,phrase_or_idiom,compositional multiword lemma
oewn-come_across__2.40.02..,come across,v,find unexpectedly,phrase,phrase_or_idiom,compositional multiword lemma
oewn-passive_transport__1.22.00..,passive transport,n,transport of a substance across a cell membrane by diffusion; expenditure of energy is not required,phrase,phrase_or_idiom,compositional multiword lemma
oewn-winter_melon__1.13.00..,[redacted-offensive-lexicon],n,[gloss elided],phrase,phrase_or_idiom,compositional multiword lemma | OFFENSIVE-REDACTED
oewn-painted_sandgrouse__1.05.00..,painted sandgrouse,n,sandgrouse of India,phrase,phrase_or_idiom,compositional multiword lemma
oewn-yellow_squash__1.20.00..,yellow squash,n,any of various squash plants grown for their yellow fruits with somewhat elongated necks,phrase,phrase_or_idiom,compositional multiword lemma
oewn-close_off__2.35.00..,close off,v,block off the passage through,phrase,phrase_or_idiom,compositional multiword lemma
oewn-genus_robinia__1.20.00..,genus Robinia,n,deciduous flowering trees and shrubs,phrase,phrase_or_idiom,compositional multiword lemma
oewn-midsummer_eve__1.28.00..,Midsummer Eve,n,the night before Midsummer Day,phrase,phrase_or_idiom,compositional multiword lemma
oewn-potato_salad__1.13.00..,potato salad,n,any of various salads having chopped potatoes as the base,phrase,phrase_or_idiom,compositional multiword lemma
oewn-writ_of_prohibition__1.10.00..,writ of prohibition,n,a judicial writ from a higher court ordering a lower court not to exercise jurisdiction in a particular case,phrase,phrase_or_idiom,compositional multiword lemma
oewn-genus_campanula__1.20.00..,genus Campanula,n,large genus of herbs grown for their blossoms: bellflowers,phrase,phrase_or_idiom,compositional multiword lemma
oewn-object_program__1.10.00..,object program,n,a fully compiled or assembled program ready to be loaded into the computer,phrase,phrase_or_idiom,compositional multiword lemma
oewn-round-eyed__5.00.00.naive.00,round-eyed,a,exhibiting childlike simplicity and credulity,phrase,phrase_or_idiom,compositional multiword lemma
oewn-cut-and-dried__5.00.00.ordinary.00,cut-and-dried,a,according to ordinary expectations,phrase,phrase_or_idiom,compositional multiword lemma
oewn-malignant_neuroma__1.26.00..,malignant neuroma,n,a malignant neoplasm of nerve tissue and fibrous tissue and connective tissue,phrase,phrase_or_idiom,compositional multiword lemma
oewn-underwater_diver__1.18.00..,underwater diver,n,someone who works underwater,phrase,phrase_or_idiom,compositional multiword lemma
oewn-william_le_baron_jenny__1.18.00..,William Le Baron Jenny,n,United States architect who designed the first skyscraper in which a metal skeleton was used (1832-1907),phrase,phrase_or_idiom,compositional multiword lemma
oewn-fade_away__2.30.00..,fade away,v,grow less and less substantial until it disappears,phrase,phrase_or_idiom,compositional multiword lemma
oewn-muscle_cell__1.08.00..,muscle cell,n,an elongated contractile cell that forms the muscles of the body,phrase,phrase_or_idiom,compositional multiword lemma
oewn-donner_pass__1.17.00..,Donner Pass,n,a mountain pass in northeastern California near Lake Tahoe; site where in 1844 some members of an emigrant party survived by eating those who had died,phrase,phrase_or_idiom,compositional multiword lemma
oewn-in_all__4.02.00..,in all,r,with everything included or counted,phrase,phrase_or_idiom,compositional multiword lemma
oewn-mary_godwin_wollstonecraft_shelley__1.18.00..,Mary Godwin Wollstonecraft Shelley,n,English writer who created Frankenstein's monster and married Percy Bysshe Shelley (1797-1851),phrase,phrase_or_idiom,compositional multiword lemma
oewn-newsstand_operator__1.18.00..,newsstand operator,n,someone who sells newspapers,phrase,phrase_or_idiom,compositional multiword lemma
oewn-wilhelm_karl_grimm__1.18.00..,[redacted-offensive-lexicon],n,[gloss elided],phrase,phrase_or_idiom,compositional multiword lemma | OFFENSIVE-REDACTED
oewn-old_catholic__1.18.00..,Old Catholic,n,a member of the church formed in the 19th century by German Catholics who refused to accept the infallibility of the Pope,phrase,phrase_or_idiom,compositional multiword lemma
oewn-ninepin_ball__1.06.00..,ninepin ball,n,ball used to knock down ninepins,phrase,phrase_or_idiom,compositional multiword lemma
oewn-donato_bramante__1.18.00..,Donato Bramante,n,great Italian architect of the High Renaissance in Italy (1444-1514),phrase,phrase_or_idiom,compositional multiword lemma
oewn-admiralty_metal__1.27.00..,Admiralty Metal,n,alpha-beta brass containing tin; resistant to sea water; Admiralty Metal is a trademark,phrase,phrase_or_idiom,compositional multiword lemma
oewn-martha-ap-s_vineyard__1.15.00..,Martha's Vineyard,n,an island summer resort off of Cape Cod,phrase,phrase_or_idiom,compositional multiword lemma
oewn-capital_of_luxembourg__1.15.00..,capital of Luxembourg,n,the capital and largest city of Luxembourg,phrase,phrase_or_idiom,compositional multiword lemma
oewn-rose_periwinkle__1.20.00..,rose periwinkle,n,commonly cultivated Old World woody herb having large pinkish to red flowers,phrase,phrase_or_idiom,compositional multiword lemma
oewn-perk_up__2.29.00..,perk up,v,gain or regain energy,phrase,phrase_or_idiom,compositional multiword lemma
oewn-in_the_lead__5.00.00.up.00,in the lead,a,having the leading position or higher score in a contest,phrase,phrase_or_idiom,compositional multiword lemma
oewn-nelson_algren__1.18.00..,Nelson Algren,n,United States writer (1909-1981),phrase,phrase_or_idiom,compositional multiword lemma
oewn-tidal_wave__1.11.01..,tidal wave,n,an unusual (and often destructive) rise of water along the seashore caused by a storm or a combination of wind and high tide,phrase,phrase_or_idiom,compositional multiword lemma
oewn-hard_sell__1.04.00..,hard sell,n,forceful and insistent advertising,phrase,phrase_or_idiom,compositional multiword lemma
oewn-minnie_bush__1.20.00..,minnie bush,n,low shrub of the eastern United States with downy twigs,phrase,phrase_or_idiom,compositional multiword lemma
oewn-subacute_inclusion_body_encephalitis__1.26.00..,subacute inclusion body encephalitis,n,a rare chronic progressive encephalitis caused by the measles virus and occurring primarily in children and young adults; death usually occurs within three years; characterized by primary measles infection before the age of two years,phrase,phrase_or_idiom,compositional multiword lemma
oewn-fixed_costs__1.21.00..,fixed costs,n,a periodic charge that does not vary with business volume (as insurance or rent or mortgage payments etc.),phrase,phrase_or_idiom,compositional multiword lemma
oewn-genus_himantopus__1.05.00..,genus Himantopus,n,major one of two genera of stilts; similar to avocets but with straight bills,phrase,phrase_or_idiom,compositional multiword lemma
oewn-real_presence__1.10.00..,real presence,n,(Christianity) the Christian doctrine that the body of Christ is actually present in the Eucharist,phrase,phrase_or_idiom,compositional multiword lemma
oewn-non-flowering_plant__1.20.00..,non-flowering plant,n,a plant that does not bear flowers,phrase,phrase_or_idiom,compositional multiword lemma
oewn-beyond_measure__4.02.00..,beyond measure,r,in excess or without limit,phrase,phrase_or_idiom,compositional multiword lemma
oewn-vena_basilica__1.08.00..,vena basilica,n,a vein that drains the back of the hand and forearm and empties into the axillary vein,phrase,phrase_or_idiom,compositional multiword lemma
oewn-sword_fern__1.20.00..,sword fern,n,any of several tropical ferns having more or less sword-shaped fronds including one from which the Boston fern developed,phrase,phrase_or_idiom,compositional multiword lemma
oewn-musket_rest__1.06.01..,musket rest,n,"A forked pole, about four feet in length, used as a support for muskets.",phrase,phrase_or_idiom,compositional multiword lemma
oewn-mammillary_body__1.08.00..,mammillary body,n,one of two small round structures on the undersurface of the brain that form the terminals of the anterior arches of the fornix,phrase,phrase_or_idiom,compositional multiword lemma
oewn-computerized_tomography__1.04.00..,computerized tomography,n,a method of examining body organs by scanning them with X rays and using a computer to construct a series of cross-sectional scans along a single axis,phrase,phrase_or_idiom,compositional multiword lemma
oewn-divan_bed__1.06.00..,divan bed,n,an armless couch; a seat by day and a bed by night,phrase,phrase_or_idiom,compositional multiword lemma
oewn-square_millimetre__1.23.01..,square millimetre,n,a unit of area measurement equivalent to 1 millimeter in length multiplied by 1 millimeter in width.,phrase,phrase_or_idiom,compositional multiword lemma
oewn-drag_down__2.35.00..,drag down,v,exert a force with a heavy weight,phrase,phrase_or_idiom,compositional multiword lemma
oewn-black_marketeer__1.18.00..,black marketeer,n,someone who engages illegally in trade in scarce or controlled commodities,phrase,phrase_or_idiom,compositional multiword lemma
oewn-pleural_space__1.08.00..,pleural space,n,the small potential space between the parietal and visceral layers of the pleura,phrase,phrase_or_idiom,compositional multiword lemma
oewn-zoom_along__2.38.00..,zoom along,v,move along very quickly,phrase,phrase_or_idiom,compositional multiword lemma
oewn-genus_pleurosorus__1.20.00..,genus Pleurosorus,n,small genus comprising terrestrial ferns; found in Chile and Spain and Morocco and Australia and New Zealand,phrase,phrase_or_idiom,compositional multiword lemma
oewn-pipeline_company__1.14.00..,pipeline company,n,a company that operates oil pipelines for the oil industry,phrase,phrase_or_idiom,compositional multiword lemma
oewn-kin_group__1.14.00..,kin group,n,group of people related by blood or marriage,phrase,phrase_or_idiom,compositional multiword lemma
oewn-defense_system__1.06.00..,defense system,n,the weaponry available for the defense of a region,phrase,phrase_or_idiom,compositional multiword lemma
oewn-genetic_profiling__1.04.00..,genetic profiling,n,the procedure of analyzing the DNA in samples of a person's body tissue or body fluid for the purpose of identification,phrase,phrase_or_idiom,compositional multiword lemma
oewn-touch_modality__1.09.00..,touch modality,n,the faculty by which external objects or forces are perceived through contact with the body (especially the hands),phrase,phrase_or_idiom,compositional multiword lemma
oewn-henry_miller__1.18.00..,Henry Miller,n,United States novelist whose novels were originally banned as pornographic (1891-1980),phrase,phrase_or_idiom,compositional multiword lemma
oewn-genus_digitaria__1.20.00..,genus Digitaria,n,crab grass; finger grass,phrase,phrase_or_idiom,compositional multiword lemma
oewn-railroad_engineer__1.18.00..,railroad engineer,n,the operator of a railway locomotive,phrase,phrase_or_idiom,compositional multiword lemma
oewn-vanity_fair__1.07.00..,vanity fair,n,a vain and frivolous lifestyle especially in large cities,phrase,phrase_or_idiom,compositional multiword lemma
oewn-crown-of-the-field__1.20.00..,crown-of-the-field,n,European annual having large trumpet-shaped reddish-purple flowers and poisonous seed; a common weed in grainfields and beside roadways; naturalized in America,phrase,phrase_or_idiom,compositional multiword lemma
oewn-kick_around__2.32.00..,kick around,v,discuss lightly,phrase,phrase_or_idiom,compositional multiword lemma
oewn-chuck_out__2.40.00..,chuck out,v,throw or cast away,phrase,phrase_or_idiom,compositional multiword lemma
oewn-root_beer__1.13.00..,root beer,n,carbonated drink containing extracts of roots and herbs,phrase,phrase_or_idiom,compositional multiword lemma
oewn-genus_crocus__1.20.00..,genus Crocus,n,"a monocotyledonous genus of the family Iridaceae, comprising 90 species of perennials growing from corms (Crocus)",phrase,phrase_or_idiom,compositional multiword lemma
oewn-masterpiece__1.04.00..,masterpiece,n,an outstanding achievement,lexical-word,ordinary,ordinary content word (default)
oewn-reface__2.35.01..,reface,v,provide with a new facing,lexical-word,ordinary,ordinary content word (default)
oewn-profundity__1.09.00..,profundity,n,the intellectual ability to penetrate deeply into ideas,lexical-word,ordinary,ordinary content word (default)
oewn-suffering__1.26.01..,suffering,n,misery resulting from affliction,lexical-word,ordinary,ordinary content word (default)
oewn-potted__5.00.00.preserved.02,potted,a,preserved in a pot or can or jar,lexical-word,ordinary,ordinary content word (default)
oewn-plump__2.38.01..,plump,v,drop sharply,lexical-word,ordinary,ordinary content word (default)
oewn-liquidize__2.30.00..,liquidize,v,"make (a solid substance) liquid, as by heating",lexical-word,ordinary,ordinary content word (default)
oewn-czar__1.18.00..,czar,n,a person having great power,lexical-word,ordinary,ordinary content word (default)
oewn-glossodynia__1.26.00..,glossodynia,n,pain in the tongue,lexical-word,ordinary,ordinary content word (default)
oewn-target__1.10.00..,target,n,a reference point to shoot at,lexical-word,ordinary,ordinary content word (default)
oewn-chocolate__1.13.02..,chocolate,n,a beverage made from cocoa powder and milk and sugar; usually drunk hot,lexical-word,ordinary,ordinary content word (default)
oewn-variation__1.25.00..,variation,n,the angle (at a particular location) between magnetic north and true north,lexical-word,ordinary,ordinary content word (default)
oewn-belly__1.25.00..,belly,n,a part that bulges deeply,lexical-word,ordinary,ordinary content word (default)
oewn-recall__2.32.00..,recall,v,go back to something earlier,lexical-word,ordinary,ordinary content word (default)
oewn-overcrop__2.36.00..,overcrop,v,to exhaust by excessive cultivation,lexical-word,ordinary,ordinary content word (default)
oewn-proposal__1.10.02..,proposal,n,an offer of marriage,lexical-word,ordinary,ordinary content word (default)
oewn-scramasax__1.06.01..,scramasax,n,A single-edged knife or sword used by the Anglo-Saxons for fighting and hunting.,lexical-word,ordinary,ordinary content word (default)
oewn-change__2.30.02..,change,v,"become different in some particular way, without permanently losing one's or its former characteristics or essence",lexical-word,ordinary,ordinary content word (default)
oewn-loft__1.06.01..,loft,n,a raised shelter in which pigeons are kept,lexical-word,ordinary,ordinary content word (default)
oewn-sectarian__1.18.00..,sectarian,n,a member of a sect,lexical-word,ordinary,ordinary content word (default)
oewn-cheerio__1.10.00..,cheerio,n,a farewell remark,lexical-word,ordinary,ordinary content word (default)
oewn-fishmonger__1.18.00..,fishmonger,n,someone who sells fish,lexical-word,ordinary,ordinary content word (default)
oewn-scansion__1.10.00..,scansion,n,analysis of verse into metrical patterns,lexical-word,ordinary,ordinary content word (default)
oewn-parental__3.01.00..,parental,a,designating the generation of organisms from which hybrid offspring are produced,lexical-word,ordinary,ordinary content word (default)
oewn-drugless__5.00.00.healthful.00,drugless,a,without the use of drugs,lexical-word,ordinary,ordinary content word (default)
oewn-shirker__1.18.00..,shirker,n,a person who shirks their work or duty (especially one who tries to evade military service in wartime),lexical-word,ordinary,ordinary content word (default)
oewn-celerity__1.07.00..,celerity,n,a rate that is rapid,lexical-word,ordinary,ordinary content word (default)
oewn-barefoot__4.02.00..,barefoot,r,without shoes on,lexical-word,ordinary,ordinary content word (default)
oewn-paper__1.14.00..,paper,n,a business firm that publishes newspapers,lexical-word,ordinary,ordinary content word (default)
oewn-ball__2.42.01..,ball,v,to live very well,lexical-word,ordinary,ordinary content word (default)
oewn-precipitation__1.07.00..,precipitation,n,an unexpected acceleration or hastening,lexical-word,ordinary,ordinary content word (default)
oewn-smutty__5.00.00.dirty.02,smutty,a,characterized by obscenity,lexical-word,ordinary,ordinary content word (default)
oewn-insufficiently__4.02.00..,insufficiently,r,to an insufficient degree,lexical-word,ordinary,ordinary content word (default)
oewn-living__1.14.00..,living,n,people who are still living,lexical-word,ordinary,ordinary content word (default)
oewn-slack__5.00.00.negligent.00,slack,a,lacking in rigor or strictness,lexical-word,ordinary,ordinary content word (default)
oewn-lamentably__4.02.00..,lamentably,r,in an unfortunate or deplorable manner,lexical-word,ordinary,ordinary content word (default)
oewn-purportedly__4.02.01..,purportedly,r,believed or reputed to be the case,lexical-word,ordinary,ordinary content word (default)
oewn-enlighten__2.32.01..,enlighten,v,give spiritual insight to; in religion,lexical-word,ordinary,ordinary content word (default)
oewn-compulsive__5.00.00.ambitious.00,compulsive,a,strongly motivated to succeed,lexical-word,ordinary,ordinary content word (default)
oewn-bracer__1.06.01..,bracer,n,a protective covering for the wrist or arm that is used in archery and fencing and other sports,lexical-word,ordinary,ordinary content word (default)
oewn-sift__2.35.02..,sift,v,check and sort carefully,lexical-word,ordinary,ordinary content word (default)
oewn-lamia__1.18.00..,lamia,n,(folklore) a corpse that rises at night to drink the blood of the living,lexical-word,ordinary,ordinary content word (default)
oewn-whoosh__2.38.02..,whoosh,v,move with a sibilant sound,lexical-word,ordinary,ordinary content word (default)
oewn-gravidation__1.26.00..,gravidation,n,technical terms for pregnancy,lexical-word,ordinary,ordinary content word (default)
oewn-acetylenic__3.01.00..,acetylenic,a,of or related to acetylene,lexical-word,ordinary,ordinary content word (default)
oewn-introduction__1.10.03..,introduction,n,a new proposal,lexical-word,ordinary,ordinary content word (default)
oewn-bagasse__1.27.00..,bagasse,n,the dry dusty pulp that remains after juice is extracted from sugar cane or similar plants,lexical-word,ordinary,ordinary content word (default)
oewn-speculative__5.00.00.curious.00,speculative,a,showing curiosity,lexical-word,ordinary,ordinary content word (default)
oewn-agent__1.27.00..,agent,n,a substance that exerts some force or effect,lexical-word,ordinary,ordinary content word (default)
oewn-religiousness__1.07.01..,religiousness,n,the quality of being extremely conscientious,lexical-word,ordinary,ordinary content word (default)
oewn-bromide__1.10.00..,bromide,n,a trite or obvious remark,lexical-word,ordinary,ordinary content word (default)
oewn-illustration__1.09.02..,illustration,n,an item of information that is typical of a class or group,lexical-word,ordinary,ordinary content word (default)
oewn-wicked__5.00.00.intense.00,wicked,a,intensely or extremely bad or unpleasant in degree or quality,lexical-word,ordinary,ordinary content word (default)
oewn-strewing__1.04.00..,strewing,n,the act of scattering,lexical-word,ordinary,ordinary content word (default)
oewn-pillowcase__1.06.00..,pillowcase,n,bed linen consisting of a cover for a pillow,lexical-word,ordinary,ordinary content word (default)
oewn-autobahn__1.06.00..,autobahn,n,an expressway in a German-speaking country,lexical-word,ordinary,ordinary content word (default)
oewn-preempt__2.40.00..,preempt,v,acquire for oneself before others can do so,lexical-word,ordinary,ordinary content word (default)
oewn-extirpable__5.00.00.eradicable.00,extirpable,a,capable of being totally destroyed or wiped out,lexical-word,ordinary,ordinary content word (default)
oewn-imperfective__1.24.00..,imperfective,n,aspect without regard to the beginning or completion of the action of the verb,lexical-word,ordinary,ordinary content word (default)
oewn-palate__1.08.00..,palate,n,the upper surface of the mouth that separates the oral and nasal cavities,lexical-word,ordinary,ordinary content word (default)
oewn-papyrus__1.27.00..,papyrus,n,paper made from the papyrus plant by cutting it in strips and pressing it flat; used by ancient Egyptians and Greeks and Romans,lexical-word,ordinary,ordinary content word (default)
oewn-educational__5.00.00.instructive.00,educational,a,providing knowledge,lexical-word,ordinary,ordinary content word (default)
oewn-housemaid__1.18.00..,housemaid,n,a female domestic,lexical-word,ordinary,ordinary content word (default)
oewn-forfeit__1.21.00..,forfeit,n,a penalty for a fault or mistake that involves losing or giving up something,lexical-word,ordinary,ordinary content word (default)
oewn-jury__1.14.01..,jury,n,a committee appointed to judge a competition,lexical-word,ordinary,ordinary content word (default)
oewn-tachymeter__1.06.00..,tachymeter,n,a theodolite designed for rapid measurements,lexical-word,ordinary,ordinary content word (default)
oewn-emaciate__2.30.01..,emaciate,v,cause to grow thin or weak,lexical-word,ordinary,ordinary content word (default)
oewn-overhead__1.06.01..,overhead,n,a transparency for use with an overhead projector,lexical-word,ordinary,ordinary content word (default)
oewn-calorimetric__3.01.00..,calorimetric,a,of or relating to the measurement of heat,lexical-word,ordinary,ordinary content word (default)
oewn-suntanned__5.00.00.brunet.00,suntanned,a,(of skin) having a tan color from exposure to the sun,lexical-word,ordinary,ordinary content word (default)
oewn-nonintegrated__3.00.00..,nonintegrated,a,not integrated; not taken into or made a part of a whole,lexical-word,ordinary,ordinary content word (default)
oewn-deficient__5.00.00.inadequate.00,deficient,a,inadequate in amount or degree,lexical-word,ordinary,ordinary content word (default)
oewn-dotrel__1.05.00..,dotrel,n,rare plover of upland areas of Eurasia,lexical-word,ordinary,ordinary content word (default)
oewn-kicker__1.18.00..,kicker,n,a player who kicks the football,lexical-word,ordinary,ordinary content word (default)
oewn-environs__1.15.00..,environs,n,the area in which something exists or lives,lexical-word,ordinary,ordinary content word (default)
oewn-dump__2.38.01..,dump,v,fall abruptly,lexical-word,ordinary,ordinary content word (default)
oewn-haggler__1.18.00..,haggler,n,an intense bargainer,lexical-word,ordinary,ordinary content word (default)
oewn-glass__2.35.00..,glass,v,enclose with glass,lexical-word,ordinary,ordinary content word (default)
oewn-teaser__1.06.01..,teaser,n,a device for teasing wool,lexical-word,ordinary,ordinary content word (default)
oewn-spit__2.32.00..,spit,v,utter with anger or contempt,lexical-word,ordinary,ordinary content word (default)
oewn-encounter__1.11.00..,encounter,n,a casual or unexpected convergence,lexical-word,ordinary,ordinary content word (default)
oewn-percussive__3.01.00..,percussive,a,involving percussion or featuring percussive instruments,lexical-word,ordinary,ordinary content word (default)
oewn-construal__1.10.00..,construal,n,an interpretation of the meaning of something; the act of construing,lexical-word,ordinary,ordinary content word (default)
oewn-spectator__1.18.00..,spectator,n,a close observer; someone who looks at something (such as an exhibition of some kind),lexical-word,ordinary,ordinary content word (default)
oewn-unexpansive__3.00.00..,unexpansive,a,showing no tendency to expand,lexical-word,ordinary,ordinary content word (default)
oewn-watermark__1.10.00..,watermark,n,a distinguishing mark impressed on paper during manufacture; visible when paper is held up to the light,lexical-word,ordinary,ordinary content word (default)
oewn-outsmart__2.33.01..,outsmart,v,defeat by more skillful maneuvering,lexical-word,ordinary,ordinary content word (default)
oewn-direct__2.33.01..,direct,v,intend (something) to move towards a certain goal,lexical-word,ordinary,ordinary content word (default)
oewn-reliability__1.07.00..,reliability,n,the quality of being dependable or reliable,lexical-word,ordinary,ordinary content word (default)
oewn-unfeasibility__1.07.00..,unfeasibility,n,the quality of not being doable,lexical-word,ordinary,ordinary content word (default)
oewn-buffer__1.06.04..,buffer,n,an implement consisting of soft material mounted on a block; used for polishing (as in manicuring),lexical-word,ordinary,ordinary content word (default)
oewn-equaliser__1.06.00..,equaliser,n,a weight that balances another weight,lexical-word,ordinary,ordinary content word (default)
oewn-dibucaine__1.06.00..,dibucaine,n,a local anesthetic that is administered by injection,lexical-word,ordinary,ordinary content word (default)
oewn-digging__1.04.00..,digging,n,the act of digging,lexical-word,ordinary,ordinary content word (default)
oewn-settlement__1.15.00..,settlement,n,an area where a group of families live together,lexical-word,ordinary,ordinary content word (default)
oewn-translucency__1.07.00..,translucency,n,the quality of allowing light to pass diffusely,lexical-word,ordinary,ordinary content word (default)
oewn-pteridophyte__1.20.00..,pteridophyte,n,plants having vascular tissue and reproducing by spores,lexical-word,ordinary,ordinary content word (default)
oewn-congressional__3.01.00..,congressional,a,of or relating to congress,lexical-word,ordinary,ordinary content word (default)
oewn-whimsy__1.09.00..,whimsy,n,an odd or fanciful or capricious idea,lexical-word,ordinary,ordinary content word (default)
oewn-post__1.14.00..,post,n,any particular collection of letters or packages that is delivered,lexical-word,ordinary,ordinary content word (default)
oewn-gallery__1.06.02..,gallery,n,a covered corridor (especially one extending along the wall of a building and supported with arches or columns),lexical-word,ordinary,ordinary content word (default)
oewn-quira__1.20.01..,quira,n,any of several tropical American trees some yielding economically important timber,lexical-word,ordinary,ordinary content word (default)
oewn-whacking__1.04.00..,whacking,n,the act of inflicting corporal punishment with repeated blows,lexical-word,ordinary,ordinary content word (default)
oewn-dependent__3.00.02..,dependent,a,(of a clause) unable to stand alone syntactically as a complete sentence,lexical-word,ordinary,ordinary content word (default)
oewn-skirmisher__1.18.00..,skirmisher,n,"someone who skirmishes (e.g., as a member of a scouting party)",lexical-word,ordinary,ordinary content word (default)
oewn-guard__1.18.01..,guard,n,the person who lines up between the center and the tackles on the offensive line of a football team on the line of scrimmage,lexical-word,ordinary,ordinary content word (default)
oewn-plot__2.31.00..,plot,v,"plan secretly, usually something illegal",lexical-word,ordinary,ordinary content word (default)
oewn-balloon__1.06.00..,balloon,n,large tough nonrigid bag filled with gas or heated air,lexical-word,ordinary,ordinary content word (default)
oewn-earlobe__1.08.00..,earlobe,n,the fleshy pendulous part of the external human ear,lexical-word,ordinary,ordinary content word (default)
oewn-smudge__1.11.00..,smudge,n,a smoky fire to drive away insects,lexical-word,ordinary,ordinary content word (default)
oewn-fauvism__1.14.00..,fauvism,n,an art movement launched in 1905 whose work was characterized by bright and nonnatural colors and simple forms; influenced the expressionists,lexical-word,ordinary,ordinary content word (default)
oewn-protanopic__5.00.00.blind.00,protanopic,a,inability to see the color red or to distinguish red and bluish-green,lexical-word,ordinary,ordinary content word (default)
oewn-herbivore__1.05.00..,herbivore,n,any animal that feeds chiefly on grass and other plants,lexical-word,ordinary,ordinary content word (default)
oewn-python__1.05.00..,python,n,large Old World boas,lexical-word,ordinary,ordinary content word (default)
oewn-divert__2.40.00..,divert,v,"withdraw (money) and move into a different location, often secretly and with dishonest intentions",lexical-word,ordinary,ordinary content word (default)
oewn-episodic__5.00.00.divided.00,episodic,a,of writing or narration; divided into or composed of episodes,lexical-word,ordinary,ordinary content word (default)
oewn-cause__1.03.00..,cause,n,any entity that produces an effect or is responsible for events or results,lexical-word,ordinary,ordinary content word (default)
oewn-standing__1.10.00..,standing,n,an ordered listing of scores or results showing the relative positions of competitors (individuals or teams) in a sporting event,lexical-word,ordinary,ordinary content word (default)
oewn-pitfall__1.06.00..,pitfall,n,a trap in the form of a concealed hole,lexical-word,ordinary,ordinary content word (default)
oewn-solfege__1.04.01..,solfege,n,singing using solfa syllables to denote the notes of the scale of C major,lexical-word,ordinary,ordinary content word (default)
oewn-manoeuver__2.33.00..,manoeuver,v,perform a movement in military or naval tactics in order to secure an advantage in attack or defense,lexical-word,ordinary,ordinary content word (default)
oewn-alliterative__5.00.00.rhymed.00,alliterative,a,having the same consonant at the beginning of each stressed syllable,lexical-word,ordinary,ordinary content word (default)
oewn-bryanthus__1.20.00..,bryanthus,n,procumbent Old World mat-forming evergreen shrub with racemes of pinkish-white flowers,lexical-word,ordinary,ordinary content word (default)
oewn-comforter__1.06.00..,comforter,n,bedding made of two layers of cloth filled with stuffing and stitched together,lexical-word,ordinary,ordinary content word (default)
oewn-loyalty__1.12.00..,loyalty,n,feelings of allegiance,lexical-word,ordinary,ordinary content word (default)
oewn-gentrification__1.04.00..,gentrification,n,the restoration of run-down urban areas by the middle class (resulting in the displacement of low-income residents),lexical-word,ordinary,ordinary content word (default)
oewn-wherry__1.06.01..,wherry,n,light rowboat for use in racing or for transporting goods and passengers in inland waters and harbors,lexical-word,ordinary,ordinary content word (default)
oewn-totalizator__1.06.00..,totalizator,n,computer that registers bets and divides the total amount bet among those who won,lexical-word,ordinary,ordinary content word (default)
oewn-pedal__3.01.00..,pedal,a,of or relating to the feet,lexical-word,ordinary,ordinary content word (default)
oewn-acellular__3.00.00..,acellular,a,not made up of or divided into cells,lexical-word,ordinary,ordinary content word (default)
oewn-tenderly__4.02.00..,tenderly,r,with tenderness; in a tender manner,lexical-word,ordinary,ordinary content word (default)
oewn-godson__1.18.00..,godson,n,a male godchild,lexical-word,ordinary,ordinary content word (default)
oewn-suck__2.35.00..,suck,v,"take in, also metaphorically",lexical-word,ordinary,ordinary content word (default)
oewn-arbiter__1.18.00..,arbiter,n,someone chosen to judge and decide a disputed issue,lexical-word,ordinary,ordinary content word (default)
oewn-skinful__1.23.00..,skinful,n,a quantity of alcoholic drink sufficient to make you drunk,lexical-word,ordinary,ordinary content word (default)
oewn-pupa__1.05.00..,pupa,n,an insect in the inactive stage of development (when it is not feeding) intermediate between larva and adult,lexical-word,ordinary,ordinary content word (default)
oewn-catching__1.04.01..,catching,n,the act of detecting something; catching sight of something,lexical-word,ordinary,ordinary content word (default)
oewn-heartseed__1.20.00..,heartseed,n,herbaceous vine of tropical America and Africa,lexical-word,ordinary,ordinary content word (default)
oewn-chanoyu__1.04.00..,chanoyu,n,an ancient ritual for preparing and serving and drinking tea,lexical-word,ordinary,ordinary content word (default)
oewn-slashing__5.00.00.dynamic.00,slashing,a,as if striking with slashing blows,lexical-word,ordinary,ordinary content word (default)
oewn-replication__1.06.00..,replication,n,copy that is not the original; something that has been copied,lexical-word,ordinary,ordinary content word (default)
oewn-delimited__5.00.00.finite.00,delimited,a,having the limits or boundaries established,lexical-word,ordinary,ordinary content word (default)
oewn-flock__1.23.00..,flock,n,(often followed by ‘of’) a large number or amount or extent,lexical-word,ordinary,ordinary content word (default)
oewn-sonorous__5.00.00.full.01,sonorous,a,full and loud and deep,lexical-word,ordinary,ordinary content word (default)
oewn-accelerated__5.00.00.fast.01,accelerated,a,"speeded up, as of an academic course",lexical-word,ordinary,ordinary content word (default)
oewn-shortstop__1.18.00..,shortstop,n,(baseball) the person who plays the shortstop position,lexical-word,ordinary,ordinary content word (default)
oewn-reason__1.26.00..,reason,n,the state of having good sense and sound judgment,lexical-word,ordinary,ordinary content word (default)
oewn-pentlandite__1.27.00..,pentlandite,n,a mineral (iron and nickel sulphide) that is the chief ore of nickel,lexical-word,ordinary,ordinary content word (default)
oewn-chordal__3.01.00..,chordal,a,relating to or consisting of or emphasizing chords,lexical-word,ordinary,ordinary content word (default)
oewn-consumer__1.18.00..,consumer,n,a person who uses goods or services,lexical-word,ordinary,ordinary content word (default)
oewn-explicate__2.32.01..,explicate,v,"elaborate, as of theories and hypotheses",lexical-word,ordinary,ordinary content word (default)
oewn-weatherstrip__2.30.00..,weatherstrip,v,provide with weatherstripping,lexical-word,ordinary,ordinary content word (default)
oewn-feeder__1.06.00..,feeder,n,a machine that automatically provides a supply of some material,lexical-word,ordinary,ordinary content word (default)
oewn-tree__1.20.00..,tree,n,a tall perennial woody plant having a main trunk and branches forming a distinct elevated crown; includes both gymnosperms and angiosperms,lexical-word,ordinary,ordinary content word (default)
oewn-rightly__4.02.00..,rightly,r,with honesty,lexical-word,ordinary,ordinary content word (default)
oewn-backtrack__2.38.00..,backtrack,v,retrace one's course,lexical-word,ordinary,ordinary content word (default)
oewn-magnetohydrodynamics__1.09.00..,magnetohydrodynamics,n,the study of the interaction of magnetic fields and electrically conducting fluids (as plasma or molten metal),lexical-word,ordinary,ordinary content word (default)
oewn-glebe__1.21.00..,glebe,n,plot of land belonging to an English parish church or an ecclesiastical office,lexical-word,ordinary,ordinary content word (default)
oewn-light__4.02.00..,light,r,with few burdens,lexical-word,ordinary,ordinary content word (default)
oewn-lastly__4.02.00..,lastly,r,the item at the end,lexical-word,ordinary,ordinary content word (default)
oewn-avariciousness__1.07.00..,avariciousness,n,extreme greed for material wealth,lexical-word,ordinary,ordinary content word (default)
oewn-lift__2.32.02..,lift,v,make audible,lexical-word,ordinary,ordinary content word (default)
oewn-sprout__2.30.00..,sprout,v,"produce buds, branches, or germinate",lexical-word,ordinary,ordinary content word (default)
oewn-loaded__3.00.00..,loaded,a,(of weapons) charged with ammunition,lexical-word,ordinary,ordinary content word (default)
oewn-iritic__3.01.00..,iritic,a,of or relating to located near the iris of the eye,lexical-word,ordinary,ordinary content word (default)
oewn-chromaesthesia__1.09.00..,chromaesthesia,n,a form of synesthesia in which nonvisual stimulation results in the experience of color sensations,lexical-word,ordinary,ordinary content word (default)
oewn-sable__1.06.00..,sable,n,a scarf (or trimming) made of sable,lexical-word,ordinary,ordinary content word (default)
oewn-haywire__5.00.00.insane.00,haywire,a,informal or slang terms for mentally irregular,lexical-word,ordinary,ordinary content word (default)
oewn-sandhopper__1.05.00..,sandhopper,n,small amphipod crustaceans that hop like fleas; common on ocean beaches,lexical-word,ordinary,ordinary content word (default)
oewn-aboriginal__3.00.00..,aboriginal,a,characteristic of or relating to people inhabiting a region from the beginning,lexical-word,ordinary,ordinary content word (default)
oewn-thread__2.35.00..,thread,v,pass a thread through,lexical-word,ordinary,ordinary content word (default)
oewn-output__2.36.00..,output,v,to create or manufacture a specific amount,lexical-word,ordinary,ordinary content word (default)
oewn-respondent__1.18.00..,respondent,n,someone who responds,lexical-word,ordinary,ordinary content word (default)
oewn-improvise__2.41.00..,improvise,v,manage in a makeshift way; do with whatever is at hand,lexical-word,ordinary,ordinary content word (default)
oewn-meld__2.30.00..,meld,v,mix together different elements,lexical-word,ordinary,ordinary content word (default)
oewn-contraception__1.04.00..,contraception,n,birth control by the use of devices (diaphragm or intrauterine device or condom) or drugs or surgery,lexical-word,ordinary,ordinary content word (default)
oewn-approximate__5.00.00.close.02,approximate,a,very close in resemblance,lexical-word,ordinary,ordinary content word (default)
oewn-unmerchantable__5.00.00.unsalable.00,unmerchantable,a,not fit for sale,lexical-word,ordinary,ordinary content word (default)
oewn-forcefully__4.02.00..,forcefully,r,with full force,lexical-word,ordinary,ordinary content word (default)
oewn-bedhop__2.38.00..,bedhop,v,be sexually active with more than one partner,lexical-word,ordinary,ordinary content word (default)
oewn-cowshed__1.06.00..,cowshed,n,a barn for cows,lexical-word,ordinary,ordinary content word (default)
oewn-technophile__1.18.00..,technophile,n,a person who is enthusiastic about new technology,lexical-word,ordinary,ordinary content word (default)
oewn-scissors__1.04.00..,scissors,n,a wrestling hold in which you wrap your legs around the opponents body or head and put your feet together and squeeze,lexical-word,ordinary,ordinary content word (default)
oewn-quantise__2.31.01..,quantise,v,approximate (a signal varying continuously in amplitude) by one whose amplitude is restricted to a prescribed set of discrete values,lexical-word,ordinary,ordinary content word (default)
oewn-governmentally__4.02.00..,governmentally,r,by government,lexical-word,ordinary,ordinary content word (default)
oewn-incite__2.32.00..,incite,v,provoke or stir up,lexical-word,ordinary,ordinary content word (default)
oewn-middlebrow__1.18.00..,middlebrow,n,someone who is neither a highbrow nor a lowbrow,lexical-word,ordinary,ordinary content word (default)
oewn-constellate__2.30.00..,constellate,v,form a constellation or cluster,lexical-word,ordinary,ordinary content word (default)
oewn-derestrict__2.41.00..,derestrict,v,make free from restrictions,lexical-word,ordinary,ordinary content word (default)
oewn-socialize__2.41.00..,socialize,v,train for a social environment,lexical-word,ordinary,ordinary content word (default)
oewn-nimbus__1.17.00..,nimbus,n,a dark grey cloud bearing rain,lexical-word,ordinary,ordinary content word (default)
oewn-yeshivah__1.14.00..,yeshivah,n,an academy for the advanced study of Jewish texts (primarily the Talmud),lexical-word,ordinary,ordinary content word (default)
oewn-foulness__1.26.01..,foulness,n,disgusting wickedness and immorality,lexical-word,ordinary,ordinary content word (default)
oewn-rubricate__2.36.01..,rubricate,v,furnish with rubrics or regulate by rubrics,lexical-word,ordinary,ordinary content word (default)
oewn-chesterfield__1.06.01..,chesterfield,n,an overstuffed davenport with upright armrests,lexical-word,ordinary,ordinary content word (default)
oewn-dissect__2.35.00..,dissect,v,cut open or cut apart,lexical-word,ordinary,ordinary content word (default)
oewn-flourish__1.10.02..,flourish,n,a showy gesture,lexical-word,ordinary,ordinary content word (default)
oewn-find__2.32.01..,find,v,decide on and make a declaration about,lexical-word,ordinary,ordinary content word (default)
oewn-alleviate__2.29.00..,alleviate,v,"provide physical relief, as from pain",lexical-word,ordinary,ordinary content word (default)
oewn-fagot__1.18.00..,fagot,n,offensive term for a homosexual man,lexical-word,ordinary,ordinary content word (default)
oewn-square__2.33.01..,square,v,turn the paddle; in canoeing,lexical-word,ordinary,ordinary content word (default)
oewn-pestiferous__5.00.00.disagreeable.00,pestiferous,a,causing irritation or annoyance,lexical-word,ordinary,ordinary content word (default)
oewn-railyard__1.06.00..,railyard,n,an area having a network of railway tracks and sidings for storage and maintenance of cars and engines,lexical-word,ordinary,ordinary content word (default)
oewn-folly__1.07.00..,folly,n,the trait of acting stupidly or rashly,lexical-word,ordinary,ordinary content word (default)
oewn-ananas__1.13.00..,[redacted-offensive-lexicon],n,[gloss elided],lexical-word,ordinary,ordinary content word (default) | OFFENSIVE-REDACTED
oewn-memorisation__1.09.00..,memorisation,n,learning so as to be able to remember verbatim,lexical-word,ordinary,ordinary content word (default)
oewn-bikini__1.06.00..,bikini,n,a woman's very brief bathing suit,lexical-word,ordinary,ordinary content word (default)
oewn-solid__5.00.00.respectable.00,solid,a,meriting respect or esteem,lexical-word,ordinary,ordinary content word (default)
oewn-advert__2.32.01..,advert,v,make a more or less disguised reference to,lexical-word,ordinary,ordinary content word (default)
oewn-circuit__2.38.00..,circuit,v,make a circuit,lexical-word,ordinary,ordinary content word (default)
oewn-ankylose__2.29.00..,ankylose,v,undergo ankylosis,lexical-word,ordinary,ordinary content word (default)
oewn-assume__2.36.00..,assume,v,make a pretence of,lexical-word,ordinary,ordinary content word (default)
oewn-spar__2.35.00..,spar,v,box lightly,lexical-word,ordinary,ordinary content word (default)
oewn-mural__1.06.00..,mural,n,a painting that is applied to a wall surface,lexical-word,ordinary,ordinary content word (default)
oewn-agamous__5.00.00.asexual.00,agamous,a,(of reproduction) not involving the fusion of male and female gametes in reproduction,lexical-word,ordinary,ordinary content word (default)
oewn-organisation__1.04.01..,organisation,n,the activity or result of distributing or disposing persons or things properly or methodically,lexical-word,ordinary,ordinary content word (default)
oewn-brainwashing__1.04.00..,brainwashing,n,forcible indoctrination into a new set of attitudes and beliefs,lexical-word,ordinary,ordinary content word (default)
oewn-nephrotoxin__1.27.00..,nephrotoxin,n,any toxin that affects the kidneys,lexical-word,ordinary,ordinary content word (default)
oewn-flip__2.39.10..,flip,v,look through a book or other written material,lexical-word,ordinary,ordinary content word (default)
oewn-inquisitorial__5.00.02.inquiring.00,inquisitorial,a,marked by inquisitive interest; especially suggestive of an ecclesiastical inquisitor,lexical-word,ordinary,ordinary content word (default)
oewn-forger__1.18.00..,forger,n,someone who operates a forge,lexical-word,ordinary,ordinary content word (default)
oewn-sector__1.15.00..,sector,n,a portion of a military position,lexical-word,ordinary,ordinary content word (default)
oewn-reboot__2.29.00..,reboot,v,cause to load (an operating system) and start the initial processes,lexical-word,ordinary,ordinary content word (default)
oewn-rhinorrhea__1.26.00..,rhinorrhea,n,persistent watery mucus discharge from the nose (as in the common cold),lexical-word,ordinary,ordinary content word (default)
oewn-hearsay__1.10.00..,hearsay,n,gossip (usually a mixture of truth and untruth) passed around by word of mouth,lexical-word,ordinary,ordinary content word (default)
oewn-swerve__1.04.00..,swerve,n,the act of turning aside suddenly,lexical-word,ordinary,ordinary content word (default)
oewn-stevedore__1.18.00..,stevedore,n,a laborer who loads and unloads vessels in a port,lexical-word,ordinary,ordinary content word (default)
oewn-clearly__4.02.01..,clearly,r,in an intelligible manner,lexical-word,ordinary,ordinary content word (default)
oewn-average__1.24.00..,average,n,(sports) the ratio of successful performances to opportunities,lexical-word,ordinary,ordinary content word (default)
oewn-impropriety__1.07.00..,impropriety,n,an improper demeanor,lexical-word,ordinary,ordinary content word (default)
oewn-antagonism__1.26.00..,antagonism,n,a state of deep-seated ill-will,lexical-word,ordinary,ordinary content word (default)
oewn-anfractuous__5.00.00.crooked.01,anfractuous,a,full of twists and turns,lexical-word,ordinary,ordinary content word (default)
oewn-pasty__5.00.00.adhesive.00,pasty,a,having the sticky properties of an adhesive,lexical-word,ordinary,ordinary content word (default)
oewn-phlebotomus__1.26.00..,phlebotomus,n,a mild viral disease transmitted by the bite of the sand fly Phlebotomus papatasii,lexical-word,ordinary,ordinary content word (default)
oewn-tollkeeper__1.18.00..,tollkeeper,n,someone employed to collect tolls,lexical-word,ordinary,ordinary content word (default)
oewn-faun__1.18.00..,faun,n,"ancient Italian deity in human shape, with horns, pointed ears and a goat's tail; equivalent to Greek satyr",lexical-word,ordinary,ordinary content word (default)
oewn-adumbrative__5.00.00.prophetic.00,adumbrative,a,indistinctly prophetic,lexical-word,ordinary,ordinary content word (default)
oewn-insidious__5.00.00.dangerous.00,insidious,a,intended to entrap,lexical-word,ordinary,ordinary content word (default)
oewn-kaolinite__1.27.00..,kaolinite,n,a mineral consisting of aluminum silicate; main source of kaolin,lexical-word,ordinary,ordinary content word (default)
oewn-colpocystitis__1.26.00..,[redacted-offensive-lexicon],n,[gloss elided],lexical-word,ordinary,ordinary content word (default) | OFFENSIVE-REDACTED
oewn-monestrous__5.00.00.estrous.00,monestrous,a,having one estrous cycle per year,lexical-word,ordinary,ordinary content word (default)
oewn-quiescent__5.00.00.inactive.07,quiescent,a,not active or activated,lexical-word,ordinary,ordinary content word (default)
oewn-crease__1.25.02..,crease,n,an angular or rounded shape made by folding,lexical-word,ordinary,ordinary content word (default)
oewn-ultramodern__5.00.00.modern.00,ultramodern,a,extremely modern,lexical-word,ordinary,ordinary content word (default)
oewn-adopt__2.30.00..,adopt,v,take into one's family,lexical-word,ordinary,ordinary content word (default)
oewn-preferential__5.00.00.advantageous.00,preferential,a,manifesting partiality,lexical-word,ordinary,ordinary content word (default)
oewn-quell__2.30.00..,quell,v,suppress or crush completely,lexical-word,ordinary,ordinary content word (default)
oewn-frigidness__1.07.01..,[redacted-offensive-lexicon],n,[gloss elided],lexical-word,ordinary,ordinary content word (default) | OFFENSIVE-REDACTED
oewn-choice__1.04.00..,choice,n,the act of choosing or selecting,lexical-word,ordinary,ordinary content word (default)
oewn-rude__5.00.00.early.02,rude,a,belonging to an early stage of technical development; characterized by simplicity and (often) crudeness,lexical-word,ordinary,ordinary content word (default)
